regime,bias,seed,method,true_marginal,worst_region_coverage,coverage_gap,mean_width,mean_interval_score,coverage_rmse,cond_cov_error_mean,cond_cov_error_max,frac_infinite
none,0.0,0,split,0.9336115326251897,0.8639455782312925,0.13280766852195425,2.8853010014581706,3.3797656368092337,0.05204270950766254,0.06334283903675539,0.09999999999999998,0.0
none,0.0,0,normalized,0.9339908952959028,0.8595890410958904,0.1274239459170966,2.834685905208211,3.2749165473649717,0.05415209397408242,0.05059885931558934,0.09999999999999998,0.0
none,0.0,0,di_normalized,0.9275417298937785,0.8843537414965986,0.09291898577612867,2.651086131961363,3.1345457757709134,0.04100911914159898,0.035582440373314886,0.08106060606060606,0.0
none,0.0,0,di_normalized_auto,0.9260242792109257,0.8939929328621908,0.08227825357848717,2.654083075420818,3.106824205140383,0.03653141217968359,0.02602690402120057,0.04296577946768054,0.0
none,0.0,0,di_cqr_auto,0.9370257966616085,0.8775510204081632,0.10621521335807049,3.027202501298117,3.382559346477703,0.04951725187569078,0.04128298191035833,0.07338403041825092,0.0
none,0.0,0,region_mondrian,0.9556145675265554,0.8928571428571429,0.1071428571428571,3.3076756126753337,3.537924279989775,0.06592281935066664,0.05563572992280215,0.08859315589353611,0.0
none,0.0,0,di_mondrian,0.9434749620637329,0.9187279151943463,0.0643229322632809,2.9953614082741735,3.3302216131525064,0.046931267296723256,0.04702529093213502,0.08863636363636362,0.0
none,0.0,0,cqr,0.9066767830045523,0.8129251700680272,0.17408781694495978,2.738238413761478,3.4057837372773205,0.043989168066390354,0.05179945846295655,0.13484848484848488,0.0
none,0.0,0,di_cqr,0.9419575113808801,0.8775510204081632,0.10946196660482377,3.0423877685778233,3.3709366649807,0.05379177032944606,0.04195039751123399,0.06577946768060838,0.0
none,0.0,0,localized,0.9294385432473444,0.8819444444444444,0.10831529581529586,2.826003477742906,3.2639317038043214,0.04989087935433712,0.04907938702615509,0.0962121212121212,0.0
none,0.0,0,localized_cqr,0.8964339908952959,0.84375,0.1205357142857143,2.648605795112395,3.2512123966988704,0.04057876550751646,0.03981881553174329,0.078030303030303,0.0
none,0.0,0,geo_localized,0.9298179059180577,0.8904593639575972,0.09330686980863656,2.767971544750482,3.1639001259231834,0.04302592492698651,0.04794590390597995,0.0962121212121212,0.0
none,0.0,0,weighted_oracle,0.9317147192716236,0.8605442176870748,0.13620902906617194,2.867357958461554,3.373878723701322,0.051261799981664066,0.06371874639935476,0.09999999999999998,0.0
none,0.0,0,weighted_estimated,0.9336115326251897,0.8639455782312925,0.13280766852195425,2.8853010014581706,3.3797656368092337,0.05204270950766254,0.06334283903675539,0.09999999999999998,0.0
none,0.0,0,width_matched_global,0.9430955993930197,0.8639455782312925,0.13280766852195425,3.0423877685778233,3.4387876221554423,0.05909170367499938,0.06600731651111877,0.09999999999999998,0.0
none,0.0,1,split,0.9047799696509864,0.7967741935483871,0.17875028197608844,2.4423704735555147,3.330985741789387,0.05737985071456619,0.06560231593501556,0.17272727272727273,0.0
none,0.0,1,normalized,0.8956752655538694,0.7800687285223368,0.1989522504986423,2.0702032154534806,2.7777391043770265,0.05915459739015914,0.05194434842723816,0.12348484848484853,0.0
none,0.0,1,di_normalized,0.9142640364188164,0.8,0.1834437086092715,2.3726241457875035,3.130544007908008,0.06087055317318867,0.046271171793985474,0.08484848484848484,0.0
none,0.0,1,di_normalized_auto,0.9089529590288316,0.8032258064516129,0.16880216557635908,2.324044915671573,3.0376887010467666,0.05622075642375597,0.0288282060145178,0.06590909090909092,0.0
none,0.0,1,di_cqr_auto,0.9336115326251897,0.8806451612903226,0.09487931423415297,2.5992134232628463,2.956189820053414,0.04689621910691153,0.03794590390597994,0.08106060606060606,0.0
none,0.0,1,region_mondrian,0.9332321699544764,0.6631578947368421,0.322856091277144,3.0281274378266043,3.6508335818019675,0.10265325639854818,0.0503623689365134,0.09239543726235744,0.0
none,0.0,1,di_mondrian,0.9290591805766313,0.8419354838709677,0.1381969664601581,2.586748730341269,3.0923486055902383,0.05126446642210278,0.0345837654107616,0.0696969696969697,0.0
none,0.0,1,cqr,0.8915022761760243,0.8290322580645161,0.13949921046695246,2.2962486647829636,3.00979985705815,0.04855149872196844,0.06143132849406614,0.1765151515151515,0.0
none,0.0,1,di_cqr,0.9385432473444613,0.8741935483870967,0.10762463343108508,2.721719976004927,3.0130253244318093,0.05295191595531091,0.04286582555593962,0.08863636363636362,0.0
none,0.0,1,localized,0.907814871016692,0.7903225806451613,0.18170539138281072,2.3435519022385014,3.1637340138100467,0.05161079331788089,0.06127203594884203,0.17272727272727273,0.0
none,0.0,1,localized_cqr,0.894916540212443,0.8245033112582781,0.15102116426619738,2.2849929946116667,2.9693139239730524,0.047948661467911755,0.058017916810692495,0.1537878787878788,0.0
none,0.0,1,geo_localized,0.9036418816388467,0.7580645161290323,0.21745995939544327,2.390999202331135,3.3158078596679683,0.062423075675616634,0.06218746399354765,0.16893939393939394,0.0
none,0.0,1,weighted_oracle,0.8987101669195751,0.7935483870967742,0.17665028839991448,2.394869568278857,3.329950779039676,0.05809099675417008,0.07090966701232862,0.19166666666666665,0.0
none,0.0,1,weighted_estimated,0.9047799696509864,0.7967741935483871,0.17875028197608844,2.4423704735555147,3.330985741789387,0.05737985071456619,0.06560231593501556,0.17272727272727273,0.0
none,0.0,1,width_matched_global,0.9252655538694993,0.8290322580645161,0.15698172794946996,2.721719976004927,3.3750968071100895,0.05501185726518903,0.05953767715174557,0.13863636363636367,0.0
none,0.0,2,split,0.9301972685887708,0.840531561461794,0.1489050582565159,2.9108365933878257,3.5961285801880356,0.060340611441804436,0.07281109574835809,0.16136363636363638,0.0
none,0.0,2,normalized,0.9294385432473444,0.8625429553264605,0.1197265482196388,3.0593862084158223,3.5599758709518916,0.05048341268861744,0.05688184122594767,0.08939393939393947,0.0
none,0.0,2,di_normalized,0.9465098634294385,0.8695652173913043,0.13043478260869568,2.915490879301501,3.391401654667953,0.06508058585200216,0.0542519299458463,0.08863636363636362,0.0
none,0.0,2,di_normalized_auto,0.9419575113808801,0.8704318936877077,0.12604697955172894,2.8356277663360596,3.3008424104655663,0.057275428645626805,0.04242222606291046,0.07727272727272727,0.0
none,0.0,2,di_cqr_auto,0.9552352048558422,0.8504983388704319,0.1495016611295681,3.188537058020733,3.4315437667093924,0.06911697641564013,0.05522237584975226,0.08484848484848484,0.0
none,0.0,2,region_mondrian,0.9905159332321699,0.9667774086378738,0.03322259136212624,4.213756970323381,4.280129976074207,0.09099874862091233,0.09052598225602025,0.09999999999999998,0.0
none,0.0,2,di_mondrian,0.952959028831563,0.8862876254180602,0.11019124782137646,3.0582330273682095,3.4192926289178303,0.06443314460391975,0.05500864154856551,0.08863636363636362,0.0
none,0.0,2,cqr,0.9188163884673748,0.7641196013289037,0.21827476486827946,2.7992575687241548,3.4120610580081654,0.06356473687376585,0.05460047240465492,0.13484848484848488,0.0
none,0.0,2,di_cqr,0.9768588770864947,0.9269102990033222,0.07308970099667778,3.5948362108869882,3.730485952643739,0.07964149481952121,0.07686369397396012,0.09999999999999998,0.0
none,0.0,2,localized,0.9203338391502276,0.822742474916388,0.16317301804135853,2.8240434278466564,3.3919982759328775,0.053480605340726024,0.06270566885585897,0.11590909090909096,0.0
none,0.0,2,localized_cqr,0.9051593323216995,0.8654545454545455,0.08172855313700378,2.7600426364414177,3.274378925787978,0.02669419458360897,0.03382129277566539,0.10454545454545461,0.0
none,0.0,2,geo_localized,0.9203338391502276,0.8795986622073578,0.09927457722926192,2.7924399578448544,3.3908857952725318,0.036532120773739386,0.06346468487152898,0.12727272727272732,0.0
none,0.0,2,weighted_oracle,0.9264036418816388,0.8305647840531561,0.15887183566515373,2.883724514406094,3.5884287937158974,0.060380924087115866,0.07204487844221683,0.16136363636363638,0.0
none,0.0,2,weighted_estimated,0.9264036418816388,0.8305647840531561,0.15887183566515373,2.884105070901664,3.5885007908907354,0.060380924087115866,0.07204487844221683,0.16136363636363638,0.0
none,0.0,2,width_matched_global,0.9635811836115327,0.893687707641196,0.10631229235880402,3.5948362108869882,3.9293017517032327,0.07366379066454899,0.08073453162806772,0.09999999999999998,0.0
none,0.0,3,split,0.9233687405159332,0.7647058823529411,0.23529411764705888,2.323091936294239,3.0641642720392204,0.07268732059944956,0.05134923378269387,0.10454545454545461,0.0
none,0.0,3,normalized,0.8987101669195751,0.8104575163398693,0.15408149075232924,2.120482130734601,2.7957589478890954,0.05166872137979634,0.03168337366055997,0.1310606060606061,0.0
none,0.0,3,di_normalized,0.9283004552352049,0.7908496732026143,0.20250580852496036,2.3325089822215284,2.9376006266821895,0.06718672549346374,0.03254493605254059,0.05057034220532319,0.0
none,0.0,3,di_normalized_auto,0.9355083459787557,0.7875816993464052,0.2124183006535948,2.3833936136493445,2.9889558598459285,0.07167602385549014,0.04202903560318009,0.06212121212121213,0.0
none,0.0,3,di_cqr_auto,0.9487860394537178,0.8823529411764706,0.11419878296146047,2.810445627351562,3.121969488882446,0.06448100998906468,0.04877434036179281,0.08484848484848484,0.0
none,0.0,3,region_mondrian,0.9810318664643399,0.9531772575250836,0.04682274247491636,3.4320683186243817,3.523109848264838,0.08288184631957227,0.08104044244728653,0.0962121212121212,0.0
none,0.0,3,di_mondrian,0.960546282245827,0.8398692810457516,0.16013071895424835,2.743736865133312,3.17744947711926,0.0776772344998188,0.06404050005761033,0.08859315589353611,0.0
none,0.0,3,cqr,0.8937784522003035,0.7804054054054054,0.188560111835974,2.3251389173269983,3.017550522582876,0.06109640610222357,0.023210623343703198,0.05075757575757578,0.0
none,0.0,3,di_cqr,0.9491654021244309,0.8823529411764706,0.11432479968731679,2.807629708373108,3.1223787815211748,0.06433368013569375,0.04915312824058069,0.08484848484848484,0.0
none,0.0,3,localized,0.9161608497723824,0.8169934640522876,0.16527603949381175,2.243595898255296,2.9551316170242417,0.06064924566556104,0.05173090217767022,0.12727272727272732,0.0
none,0.0,3,localized_cqr,0.8937784522003035,0.7804054054054054,0.188560111835974,2.323194325357729,3.017981265047139,0.06109640610222357,0.023210623343703198,0.05075757575757578,0.0
none,0.0,3,geo_localized,0.9188163884673748,0.7712418300653595,0.22543591079842784,2.2363102033597833,3.0198809176811103,0.06963375356561945,0.05210680954026962,0.10833333333333339,0.0
none,0.0,3,weighted_oracle,0.9169195751138088,0.7549019607843137,0.2450980392156863,2.247636266538762,3.0485326368866668,0.07229512815737033,0.05021142988823598,0.10833333333333339,0.0
none,0.0,3,weighted_estimated,0.9108497723823976,0.7483660130718954,0.24831172779189192,2.192717957394604,3.0412414181873175,0.07308735042953055,0.048691957598801704,0.11969696969696975,0.0
none,0.0,3,width_matched_global,0.9609256449165402,0.826797385620915,0.17320261437908502,2.8076297083731077,3.282252274427641,0.08049456773115783,0.06745679225717247,0.09242424242424241,0.0
none,0.0,4,split,0.9184370257966616,0.8397212543554007,0.14162202922668887,2.4964070413839217,3.514388095173962,0.05516928490205019,0.05627635672312477,0.1803030303030303,0.0
none,0.0,4,normalized,0.9207132018209409,0.8397212543554007,0.14267311184178244,2.2300209364375445,2.897403357257241,0.04468499786396562,0.05203249222260629,0.14621212121212124,0.0
none,0.0,4,di_normalized,0.9256449165402124,0.8536585365853658,0.13026429299662778,2.4947163101648564,3.1672511682728137,0.055350744633677784,0.03793956677036523,0.0695817490494296,0.0
none,0.0,4,di_normalized_auto,0.9256449165402124,0.8536585365853658,0.13026429299662778,2.4947163101648564,3.1672511682728137,0.055350744633677784,0.03793956677036523,0.0695817490494296,0.0
none,0.0,4,di_cqr_auto,0.9461305007587253,0.8710801393728222,0.12242635413367131,2.998943417826401,3.462463865112073,0.060158288339936875,0.04886594077658716,0.08106060606060606,0.0
none,0.0,4,region_mondrian,0.9559939301972686,0.8561643835616438,0.14383561643835618,3.424170254617572,4.014631183366151,0.07870118250625177,0.08072156930521948,0.12348484848484853,0.0
none,0.0,4,di_mondrian,0.9446130500758725,0.8536585365853658,0.13887877684746996,2.9245510276786737,3.6020976494665957,0.06169677260562486,0.06631178707224335,0.10833333333333339,0.0
none,0.0,4,cqr,0.9298179059180577,0.8327526132404182,0.15426037377256885,2.770012436241166,3.439411727438463,0.05237251580850822,0.054997983638668035,0.11969696969696975,0.0
none,0.0,4,di_cqr,0.9628224582701063,0.9059233449477352,0.09082990180551154,3.336961169176116,3.664136563231581,0.0704202429224533,0.06282693858739484,0.08863636363636362,0.0
none,0.0,4,localized,0.9180576631259484,0.8047945205479452,0.17407871888867454,2.4345757223658575,3.2866748447309173,0.06109361987689599,0.055138552828666886,0.16136363636363638,0.0
none,0.0,4,localized_cqr,0.928679817905918,0.8432055749128919,0.14380741210009507,2.701038177355803,3.3101398159924393,0.048642737980500894,0.05310116372854014,0.11590909090909096,0.0
none,0.0,4,geo_localized,0.9157814871016692,0.7945205479452054,0.2022326988080413,2.4125437176881386,3.439912478684595,0.06877825701750034,0.06423378269385874,0.21060606060606057,0.0
none,0.0,4,weighted_oracle,0.9161608497723824,0.8362369337979094,0.14510634978418013,2.4796906603955438,3.511543310644159,0.05568066807649436,0.05779150823827628,0.19545454545454544,0.0
none,0.0,4,weighted_estimated,0.9184370257966616,0.8397212543554007,0.14162202922668887,2.4970734254181446,3.5150544792081844,0.05516928490205019,0.05627635672312477,0.1803030303030303,0.0
none,0.0,4,width_matched_global,0.962443095599393,0.867595818815331,0.132404181184669,3.336961169176116,3.8826222048710357,0.07435272630157044,0.08186657449014864,0.09696969696969704,0.0
none,0.0,5,split,0.9199544764795144,0.7647058823529411,0.23202614379084974,2.87103178084798,3.7848653003560098,0.08099446923557524,0.04483062564811615,0.08939393939393947,0.0
none,0.0,5,normalized,0.9408194233687405,0.8971631205673759,0.08927755739872578,3.0523253560834807,3.315179548916038,0.051533055396131025,0.044017455928102314,0.09242424242424241,0.0
none,0.0,5,di_normalized,0.919195751138088,0.7843137254901961,0.2124183006535948,2.7771380116558926,3.6452156839948904,0.07534459340153316,0.02041508238276297,0.06212121212121213,0.0
none,0.0,5,di_normalized_auto,0.9066767830045523,0.8006535947712419,0.19256674421180897,2.77360742903964,3.650042954525123,0.07178873324304602,0.017226639013711242,0.03560606060606053,0.0
none,0.0,5,di_cqr_auto,0.93247344461305,0.8496732026143791,0.13968849951328055,3.036687568722719,3.480498321362413,0.05658641146073418,0.03299141606175825,0.07338403041825092,0.0
none,0.0,5,region_mondrian,0.9563732928679818,0.8408304498269896,0.15916955017301038,3.750016381146743,3.962553749693434,0.0731166160835794,0.05637602258324691,0.07727272727272727,0.0
none,0.0,5,di_mondrian,0.9214719271623673,0.7941176470588235,0.19910269192422736,2.894387471940916,3.685537978844441,0.06908302764163882,0.02518406498444521,0.0696969696969697,0.0
none,0.0,5,cqr,0.9495447647951442,0.8398692810457516,0.15330478038769546,3.120037313223821,3.531073641469101,0.06695556685082121,0.05228943426662057,0.0962121212121212,0.0
none,0.0,5,di_cqr,0.9457511380880121,0.8627450980392157,0.12307050479766368,3.1317748026616665,3.503061655187529,0.06125633482024931,0.04574403733148978,0.0696969696969697,0.0
none,0.0,5,localized,0.9161608497723824,0.8431372549019608,0.14669325357261553,2.7732317403053717,3.424509833916119,0.05358622463702319,0.049153704343818425,0.11590909090909096,0.0
none,0.0,5,localized_cqr,0.9476479514415781,0.8996539792387543,0.08073817762399071,3.0387637028047236,3.3344058971045043,0.05545227998807797,0.05114298882359718,0.08863636363636362,0.0
none,0.0,5,geo_localized,0.9180576631259484,0.8235294117647058,0.169690927218345,2.8261579049780328,3.4857879589428133,0.057895022714326456,0.04672744555824404,0.09696969696969704,0.0
none,0.0,5,weighted_oracle,0.9195751138088012,0.761437908496732,0.23529411764705888,2.863427850901501,3.7833616266861525,0.08160602602520417,0.04520941352690403,0.09318181818181825,0.0
none,0.0,5,weighted_estimated,0.9199544764795144,0.7647058823529411,0.23202614379084974,2.8710231269064623,3.784856646414492,0.08099446923557524,0.04483062564811615,0.08939393939393947,0.0
none,0.0,5,width_matched_global,0.9358877086494689,0.7843137254901961,0.2124183006535948,3.1317748026616665,3.8572947501055226,0.07880500316750187,0.05045396935130775,0.08859315589353611,0.0
none,0.0,6,split,0.8983308042488619,0.6633333333333333,0.3117556346381969,2.5493730116950544,3.756403254951833,0.09602887258877747,0.06876339440027654,0.24848484848484853,0.0
none,0.0,6,normalized,0.9351289833080425,0.8716216216216216,0.11414350293353859,2.6475035166777556,3.204079943168434,0.054237388169823354,0.06107875331259362,0.09318181818181825,0.0
none,0.0,6,di_normalized,0.8888467374810318,0.72,0.24206896551724144,2.315268256491679,3.461929642500272,0.07886534046372691,0.03851163728540154,0.11590909090909096,0.0
none,0.0,6,di_normalized_auto,0.8971927162367223,0.78,0.17751633986928106,2.4081921403255766,3.3793552634358015,0.061713560251701216,0.01198496370549601,0.028787878787878807,0.0
none,0.0,6,di_cqr_auto,0.9062974203338392,0.8048780487804879,0.1657101865136298,2.967786153007081,3.5482698064020615,0.04486378489301656,0.04015497177094135,0.07870722433460076,0.0
none,0.0,6,region_mondrian,0.9214719271623673,0.7549019607843137,0.2414484041791899,3.7688263636686523,4.336882156479939,0.08124602570986346,0.04315675769097822,0.10833333333333339,0.0
none,0.0,6,di_mondrian,0.9222306525037937,0.867595818815331,0.09972444262257751,3.0330064647974386,3.6880913656431575,0.03598955444609281,0.042127549256826824,0.08863636363636362,0.0
none,0.0,6,cqr,0.8930197268588771,0.7804878048780488,0.19336840427227797,2.745937905254339,3.5163427922054935,0.05344755690852757,0.0323015324346123,0.07424242424242422,0.0
none,0.0,6,di_cqr,0.9028831562974203,0.8048780487804879,0.16244221265742065,3.044275003950849,3.6168946142914975,0.04354747973784951,0.04888149556400506,0.07870722433460076,0.0
none,0.0,6,localized,0.9028831562974203,0.8362369337979094,0.10970901214803652,2.5462628666806926,3.240077089495556,0.03594979986110099,0.04192504896877521,0.11590909090909096,0.0
none,0.0,6,localized_cqr,0.8915022761760243,0.7770034843205574,0.1935847509735602,2.732443923135125,3.510932378004662,0.05385166228294378,0.031541076160848044,0.07424242424242422,0.0
none,0.0,6,geo_localized,0.9081942336874052,0.8096774193548387,0.16897026747790145,2.555942631259129,3.5065677429938837,0.04788766445224034,0.05081115335868186,0.16136363636363638,0.0
none,0.0,6,weighted_oracle,0.8888467374810318,0.6433333333333333,0.3290804597701149,2.475351588291985,3.7604937877360873,0.10070399971056863,0.07141490955179168,0.2787878787878788,0.0
none,0.0,6,weighted_estimated,0.8896054628224582,0.65,0.3224137931034482,2.4756604789055796,3.758158040559588,0.09882300802814543,0.07065733379421593,0.275,0.0
none,0.0,6,width_matched_global,0.9404400606980273,0.7766666666666666,0.22006535947712424,3.044275003950849,3.860454326216915,0.08074637608866321,0.0709257979029842,0.14242424242424245,0.0
none,0.0,7,split,0.8581183611532626,0.752542372881356,0.18883693746347163,2.0430541612452995,3.2676829398296956,0.07114621257881892,0.0702494527019242,0.21439393939393947,0.0
none,0.0,7,normalized,0.8455993930197269,0.7661016949152543,0.14424313267095268,1.9272001987557215,3.1446004638259892,0.06626042312857629,0.08731075008641549,0.2522727272727273,0.0
none,0.0,7,di_normalized,0.8729135053110774,0.7762711864406779,0.15858223375476177,2.0404838822694424,3.112021630093607,0.05924507029421033,0.03997609171563545,0.12348484848484853,0.0
none,0.0,7,di_normalized_auto,0.8748103186646434,0.7898305084745763,0.16130955667200353,2.0554714279088886,3.0372260484492943,0.05656565592574153,0.02874582325152668,0.09318181818181825,0.0
none,0.0,7,di_cqr_auto,0.8877086494688923,0.7898305084745763,0.15805222768177551,2.3412027801094513,3.0625258770881807,0.04757892751812913,0.03459586357875331,0.09318181818181825,0.0
none,0.0,7,region_mondrian,0.9370257966616085,0.8759124087591241,0.1206393153788069,2.888404866679233,3.3442795412159945,0.054660269956636864,0.05773303375964974,0.09318181818181825,0.0
none,0.0,7,di_mondrian,0.8975720789074355,0.8203389830508474,0.14057306906641642,2.252168954078325,3.03489253106815,0.047210889488991145,0.021687118331605006,0.10075757575757582,0.0
none,0.0,7,cqr,0.8884673748103187,0.7423728813559322,0.20876718379064763,2.3041262896196337,3.1209300713243437,0.06562343590266255,0.04476898260168223,0.12348484848484853,0.0
none,0.0,7,di_cqr,0.8952959028831563,0.7932203389830509,0.1579197261635289,2.3803656274592786,3.056642253975923,0.047405230474935244,0.027611764028113817,0.09318181818181825,0.0
none,0.0,7,localized,0.8581183611532626,0.752542372881356,0.18883693746347163,2.0381756282711394,3.270342396714461,0.07114621257881892,0.0702494527019242,0.21439393939393947,0.0
none,0.0,7,localized_cqr,0.8839150227617603,0.7322033898305085,0.2189366753160713,2.2774462347965607,3.129132670182291,0.06991080478615191,0.045525118101163733,0.1310606060606061,0.0
none,0.0,7,geo_localized,0.8577389984825493,0.752542372881356,0.18883693746347163,2.0404811487946115,3.2693649259952235,0.07161949756633516,0.07062968083880634,0.21439393939393947,0.0
none,0.0,7,weighted_oracle,0.8581183611532626,0.752542372881356,0.18883693746347163,2.039792164157827,3.269049117669061,0.07114621257881892,0.0702494527019242,0.21439393939393947,0.0
none,0.0,7,weighted_estimated,0.8581183611532626,0.752542372881356,0.18883693746347163,2.0430541612452995,3.2676829398296956,0.07114621257881892,0.0702494527019242,0.21439393939393947,0.0
none,0.0,7,width_matched_global,0.907814871016692,0.823728813559322,0.15213325540619516,2.380365627459278,3.220920286902518,0.05246930572123623,0.05605830164765526,0.13863636363636367,0.0
none,0.0,8,split,0.8922610015174507,0.7718120805369127,0.2084510773578241,2.5038540006671925,3.408711084790177,0.06256935295119159,0.05992193801129162,0.16515151515151516,0.0
none,0.0,8,normalized,0.9059180576631259,0.8256578947368421,0.14473684210526316,2.5038246619193907,3.1481525315695924,0.045361556810510434,0.057105369282175376,0.13863636363636367,0.0
none,0.0,8,di_normalized,0.8922610015174507,0.7919463087248322,0.1751589544330625,2.421585709491855,3.2388635774601187,0.057242841028215585,0.025504954487844213,0.055893536121673026,0.0
none,0.0,8,di_normalized_auto,0.8922610015174507,0.7919463087248322,0.1751589544330625,2.421585709491855,3.2388635774601187,0.057242841028215585,0.025504954487844213,0.055893536121673026,0.0
none,0.0,8,di_cqr_auto,0.9252655538694993,0.862876254180602,0.10751848266150332,3.2227832114992365,3.665470503983264,0.0418682284536245,0.08210306486922458,0.09771863117870727,0.0
none,0.0,8,region_mondrian,0.9609256449165402,0.9115646258503401,0.08843537414965985,3.390855193496364,3.666529674186195,0.0677697771127111,0.0609286784191727,0.08484848484848484,0.0
none,0.0,8,di_mondrian,0.9161608497723824,0.8691275167785235,0.09468827269516067,2.95786728422288,3.528660457969393,0.03829770008192281,0.05911885009793755,0.09239543726235744,0.0
none,0.0,8,cqr,0.9275417298937785,0.8605442176870748,0.131993095745761,2.89771785714781,3.365829351001675,0.04868657923869029,0.037322560202788325,0.07348484848484849,0.0
none,0.0,8,di_cqr,0.9355083459787557,0.8662207357859532,0.11733189579299419,3.28144954894022,3.6610004025336784,0.04957162983781594,0.07367381034681414,0.09771863117870727,0.0
none,0.0,8,localized,0.9006069802731411,0.7818791946308725,0.19838396326386432,2.520059028997222,3.351257134468585,0.06035682459007665,0.055138552828666886,0.14242424242424245,0.0
none,0.0,8,localized_cqr,0.9222306525037937,0.842809364548495,0.1365009802790912,2.827613613124377,3.3334766566749536,0.050985759152130404,0.028527480124438277,0.06590909090909092,0.0
none,0.0,8,geo_localized,0.8922610015174507,0.7718120805369127,0.2084510773578241,2.4963711963798434,3.4088580269913096,0.06256935295119159,0.05992193801129162,0.16515151515151516,0.0
none,0.0,8,weighted_oracle,0.8922610015174507,0.7718120805369127,0.2084510773578241,2.4981123563987526,3.409155430552985,0.06256935295119159,0.05992193801129162,0.16515151515151516,0.0
none,0.0,8,weighted_estimated,0.8922610015174507,0.7718120805369127,0.2084510773578241,2.5038540006671925,3.408711084790177,0.06256935295119159,0.05992193801129162,0.16515151515151516,0.0
none,0.0,8,width_matched_global,0.956752655538695,0.8758389261744967,0.12416107382550334,3.28144954894022,3.646031946831721,0.06840862156910135,0.05994527019241848,0.0962121212121212,0.0
none,0.0,9,split,0.8850531107738998,0.735593220338983,0.24635623814477148,2.209579157865838,3.1967525929444216,0.07329025616873813,0.054525867035372745,0.18409090909090908,0.0
none,0.0,9,normalized,0.8729135053110774,0.711864406779661,0.2457903163473748,1.997216318014965,2.8792623984348733,0.07292264226710864,0.06076247263509621,0.16136363636363638,0.0
none,0.0,9,di_normalized,0.9006069802731411,0.7864406779661017,0.20633910542740008,2.2416818875154303,3.010372451914522,0.060534151631642996,0.023519414679110485,0.051515151515151514,0.0
none,0.0,9,di_normalized_auto,0.9006069802731411,0.7864406779661017,0.20633910542740008,2.2416818875154303,3.010372451914522,0.060534151631642996,0.023519414679110485,0.051515151515151514,0.0
none,0.0,9,di_cqr_auto,0.8846737481031867,0.6813559322033899,0.26088233494462454,2.0500632050762806,2.6298620309275895,0.07618089885577667,0.03176345201060029,0.1310606060606061,0.0
none,0.0,9,region_mondrian,0.9525796661608498,0.9087947882736156,0.08451624851568207,3.057389249144573,3.3610199313174682,0.060869248936711466,0.05304701002419633,0.08484848484848484,0.0
none,0.0,9,di_mondrian,0.9438543247344461,0.8779661016949153,0.11481368169858652,2.8123426607716513,3.20200638542587,0.05709466758615308,0.043844336905173385,0.08484848484848484,0.0
none,0.0,9,cqr,0.8744309559939302,0.6677966101694915,0.2708315486752738,2.0333794960043017,2.6888480524525784,0.08084359962578909,0.053626857932941606,0.203030303030303,0.0
none,0.0,9,di_cqr,0.9226100151745068,0.7559322033898305,0.21149450670788938,2.2556749338676494,2.6264516598465018,0.06453231902202043,0.03110698237124091,0.0696969696969697,0.0
none,0.0,9,localized,0.8907435508345979,0.7288135593220338,0.2423055742519734,2.221248605320146,3.0105062782338745,0.06969301037052769,0.04581518608134577,0.11212121212121218,0.0
none,0.0,9,localized_cqr,0.8660849772382397,0.6576271186440678,0.27739093189744846,1.978736636993113,2.6992560347621803,0.08485680271129638,0.05665139993086763,0.21060606060606057,0.0
none,0.0,9,geo_localized,0.891122913505311,0.7898305084745763,0.181288625099431,2.2516784030140355,3.049642250122447,0.04931676966099936,0.052261781311210974,0.1310606060606061,0.0
none,0.0,9,weighted_oracle,0.881638846737481,0.7322033898305085,0.249746068653246,2.195783678837644,3.1990801275542227,0.07380309612930065,0.056421246687406376,0.19545454545454544,0.0
none,0.0,9,weighted_estimated,0.8850531107738998,0.735593220338983,0.24635623814477148,2.2096198458632177,3.1967932809418014,0.07329025616873813,0.054525867035372745,0.18409090909090908,0.0
none,0.0,9,width_matched_global,0.8922610015174507,0.7423728813559322,0.24318668543107147,2.255674933867649,3.191461938462403,0.07138373053549073,0.05262472635096209,0.17272727272727273,0.0
none,0.0,10,split,0.9085735963581184,0.8562091503267973,0.08263977053651206,2.3880827485741865,2.978802960228993,0.030236383426486067,0.03278286668971079,0.07338403041825092,0.0
none,0.0,10,normalized,0.8725341426403642,0.7923875432525952,0.17416764069389312,2.058415594485992,2.831943061519515,0.06546631952721498,0.054106463878327016,0.09771863117870727,0.0
none,0.0,10,di_normalized,0.9267830045523521,0.8661971830985915,0.09423447157766751,2.516844857594074,2.9622523918969894,0.042094137968318665,0.02724334600760455,0.05437262357414452,0.0
none,0.0,10,di_normalized_auto,0.91350531107739,0.852112676056338,0.11191610092207926,2.4521648994289316,2.99480874921659,0.041081148626588244,0.026314667588431852,0.06590909090909092,0.0
none,0.0,10,di_cqr_auto,0.9161608497723824,0.852112676056338,0.13404649349383502,2.5810064752759985,3.0195126522558327,0.043487578240841936,0.031950397511234,0.07338403041825092,0.0
none,0.0,10,region_mondrian,0.9298179059180577,0.7647058823529411,0.2319496360417077,3.0250226391488604,3.4027891306000493,0.07528230214042532,0.03185937319967737,0.06212121212121213,0.0
none,0.0,10,di_mondrian,0.9404400606980273,0.8888888888888888,0.09212376933895927,2.6591327545208356,3.012831295322854,0.049991195247034895,0.040453969351307725,0.07338403041825092,0.0
none,0.0,10,cqr,0.8945371775417299,0.8381294964028777,0.13072863508501154,2.485288817813478,3.0783747158769663,0.04527052955338462,0.04809367438645005,0.10833333333333339,0.0
none,0.0,10,di_cqr,0.9252655538694993,0.8661971830985915,0.10958136361421122,2.7643767937917194,3.0860834453129407,0.040561429551141455,0.04491272035948839,0.08484848484848484,0.0
none,0.0,10,localized,0.8975720789074355,0.8133802816901409,0.15317490225634744,2.271593034971852,2.919423772255287,0.04267737661504006,0.027787763567231262,0.06730038022813689,0.0
none,0.0,10,localized_cqr,0.8842943854324734,0.802158273381295,0.1677413921705445,2.403187752793361,3.002593358131412,0.04934609328544209,0.04664419864039637,0.11590909090909096,0.0
none,0.0,10,geo_localized,0.8831562974203339,0.8235294117647058,0.10958095612827079,2.1696546220000017,2.8953885077777795,0.04024015011304848,0.037646330222375846,0.08250950570342208,0.0
none,0.0,10,weighted_oracle,0.9074355083459787,0.8562091503267973,0.0790426482343537,2.3562672169433996,2.976291531302673,0.029002673587858515,0.03316309482659292,0.07338403041825092,0.0
none,0.0,10,weighted_estimated,0.9017450682852808,0.8398692810457516,0.09538251751539939,2.3039719010369435,2.971199356536171,0.033219497268130005,0.034989054038483715,0.07338403041825092,0.0
none,0.0,10,width_matched_global,0.947268588770865,0.8921568627450981,0.08885579548275002,2.764376793791719,3.0878790658937647,0.053499380253375146,0.04728223297614931,0.08479087452471479,0.0
none,0.0,11,split,0.9028831562974203,0.8143322475570033,0.16490650676825624,2.3983165842784793,3.1545254898713098,0.04252738845180699,0.04270566885585897,0.07718631178707225,0.0
none,0.0,11,normalized,0.9309559939301972,0.8782287822878229,0.10548457276103707,2.6764095319653576,3.072720887322835,0.044374940831126745,0.041803779237239304,0.07727272727272727,0.0
none,0.0,11,di_normalized,0.9006069802731411,0.8697068403908795,0.09223087587209622,2.3800609387478286,3.0579833160168666,0.030147930930791128,0.02232457656412028,0.06197718631178706,0.0
none,0.0,11,di_normalized_auto,0.9006069802731411,0.8697068403908795,0.09223087587209622,2.3800609387478286,3.0579833160168666,0.030147930930791128,0.02232457656412028,0.06197718631178706,0.0
none,0.0,11,di_cqr_auto,0.9100910470409712,0.8611111111111112,0.09980094100615267,2.7514548522602165,3.2056610082062282,0.03399214340999848,0.028987786611360734,0.05833333333333335,0.0
none,0.0,11,region_mondrian,0.9575113808801214,0.9305555555555556,0.0496424642464246,3.0885418933752766,3.3022272015997425,0.059798298145387556,0.05751814725198756,0.08859315589353611,0.0
none,0.0,11,di_mondrian,0.9241274658573596,0.8794788273615635,0.08937930412632578,2.6391168250553863,3.120274740823279,0.03513159595427255,0.03226984675653873,0.06197718631178706,0.0
none,0.0,11,cqr,0.8732928679817906,0.7527675276752768,0.18208589252016294,2.5300774144614895,3.2418416970332933,0.06575617879894342,0.04471252448438763,0.07490494296577954,0.0
none,0.0,11,di_cqr,0.9066767830045523,0.8413284132841329,0.11306898085267492,2.7229957647391876,3.2131846819644734,0.03751102605784141,0.025881437953681308,0.05969581749049435,0.0
none,0.0,11,localized,0.9028831562974203,0.8599348534201955,0.08816203239295328,2.3686406611433655,2.9822348251723287,0.025651291093307996,0.036952125820947125,0.07718631178707225,0.0
none,0.0,11,localized_cqr,0.8850531107738998,0.7785977859778598,0.17254227916872,2.541503082561691,3.0947031683657076,0.056740368839437026,0.03704084571955295,0.07424242424242422,0.0
none,0.0,11,geo_localized,0.900227617602428,0.8143322475570033,0.16490650676825624,2.3807172649416537,3.1496701203742874,0.04338206013110245,0.04361677612628183,0.07718631178707225,0.0
none,0.0,11,weighted_oracle,0.8990895295902883,0.8110749185667753,0.16816383575848426,2.3640284794951296,3.1542470820820414,0.04410997467583065,0.0432365479893997,0.07338403041825092,0.0
none,0.0,11,weighted_estimated,0.9021244309559939,0.8143322475570033,0.16490650676825624,2.3897835809636545,3.1523567701897015,0.042533232940923045,0.04194665284018896,0.07338403041825092,0.0
none,0.0,11,width_matched_global,0.9309559939301972,0.8664495114006515,0.1197096581495215,2.722995764739188,3.2111139434025,0.04666293155946014,0.043024541997926026,0.08479087452471479,0.0
none,0.0,12,split,0.9131259484066768,0.8697068403908795,0.07491856677524422,2.516421250405841,3.1222909416647218,0.026956302226715995,0.04392124668740636,0.09242424242424241,0.0
none,0.0,12,normalized,0.93247344461305,0.8373702422145328,0.1455649113690849,2.484595973967122,2.87896391601805,0.05035182116645195,0.04150506970849175,0.09242424242424241,0.0
none,0.0,12,di_normalized,0.9252655538694993,0.8823529411764706,0.11438972983330142,2.5358730837760315,3.0303166234768653,0.04101451957392277,0.027830395206821047,0.06212121212121213,0.0
none,0.0,12,di_normalized_auto,0.9252655538694993,0.8823529411764706,0.11438972983330142,2.5358730837760315,3.0303166234768653,0.04101451957392277,0.027830395206821047,0.06212121212121213,0.0
none,0.0,12,di_cqr_auto,0.9267830045523521,0.8858131487889274,0.06890383234314812,2.5925482636488275,2.987687544826737,0.034985705947962895,0.03459816799170412,0.06197718631178706,0.0
none,0.0,12,region_mondrian,0.9650986342943855,0.8846153846153846,0.11538461538461542,3.5342744523816867,3.744838290116001,0.07444955538469489,0.06508814379536812,0.09242424242424241,0.0
none,0.0,12,di_mondrian,0.9575113808801214,0.9368770764119602,0.05986559459781182,3.153427056149083,3.3872842164662895,0.06125847155761935,0.05750374467104504,0.0962121212121212,0.0
none,0.0,12,cqr,0.8865705614567526,0.8143322475570033,0.1252903939524307,2.2846771796431455,2.9696075961692903,0.04281074777376555,0.033227042285977657,0.078030303030303,0.0
none,0.0,12,di_cqr,0.9374051593323217,0.8858131487889274,0.07922181624603764,2.6966166266811764,3.037646677659656,0.043680470223742426,0.03989255674616893,0.07727272727272727,0.0
none,0.0,12,localized,0.9165402124430956,0.8697068403908795,0.08794788273615628,2.4749302181192623,3.0226706206707092,0.03119162831883647,0.040507835004032725,0.09242424242424241,0.0
none,0.0,12,localized_cqr,0.8892261001517451,0.8408304498269896,0.09879219168244435,2.2937475625742945,2.929364936346233,0.03410079800009909,0.0298165111187925,0.0553030303030303,0.0
none,0.0,12,geo_localized,0.9093323216995448,0.8664495114006515,0.08143322475570025,2.4277193574046207,3.0564032893344373,0.02752251857827606,0.04468602373545336,0.08863636363636362,0.0
none,0.0,12,weighted_oracle,0.9123672230652504,0.8697068403908795,0.07166123778501621,2.5114419781439534,3.121656733029267,0.02606135413535121,0.04392124668740636,0.08863636363636362,0.0
none,0.0,12,weighted_estimated,0.9138846737481032,0.8729641693811075,0.07166123778501621,2.5244320839886254,3.12324378257101,0.026878723997378434,0.04316223067173634,0.09242424242424241,0.0
none,0.0,12,width_matched_global,0.9309559939301972,0.8925081433224755,0.07352959252658109,2.696616626681177,3.162740464629329,0.041214656864217866,0.04430147482428852,0.0962121212121212,0.0
none,0.0,13,split,0.9366464339908953,0.8732876712328768,0.11257805314874869,2.70838089918151,3.3524557742246253,0.055500143901889405,0.07425337020394053,0.18787878787878787,0.0
none,0.0,13,normalized,0.9525796661608498,0.9143835616438356,0.07854930054697706,2.7585029503466587,3.056482125822822,0.05948313650365767,0.07654050005761032,0.11969696969696975,0.0
none,0.0,13,di_normalized,0.9298179059180577,0.8424657534246576,0.15753424657534243,2.528755700383353,3.051260082418209,0.05471570331227524,0.043914333448553965,0.08106060606060606,0.0
none,0.0,13,di_normalized_auto,0.9320940819423369,0.8527397260273972,0.14392694063926947,2.5323358693391236,2.987070557521264,0.054775963951782455,0.03306861389561011,0.05833333333333335,0.0
none,0.0,13,di_cqr_auto,0.9427162367223065,0.8972602739726028,0.08607305936073051,2.864830721339889,3.1788573730267,0.053309970573471685,0.046959039059799514,0.08859315589353611,0.0
none,0.0,13,region_mondrian,0.9696509863429439,0.936026936026936,0.06065080483685137,3.57590102029769,3.7097892337498317,0.07216664590877488,0.07314437147136765,0.0962121212121212,0.0
none,0.0,13,di_mondrian,0.960546282245827,0.8835616438356164,0.11643835616438358,3.1556962668943624,3.3565882812659464,0.07058878999959901,0.06053260744325382,0.08863636363636362,0.0
none,0.0,13,cqr,0.9415781487101669,0.8732876712328768,0.12671232876712324,2.8184327707925014,3.2794616601560134,0.059386476442485875,0.07084427929484963,0.14621212121212124,0.0
none,0.0,13,di_cqr,0.958649468892261,0.9143835616438356,0.08201931605400614,3.012343180586619,3.2553898954607776,0.0646334457115707,0.05865163037216268,0.08863636363636362,0.0
none,0.0,13,localized,0.9313353566009105,0.8682432432432432,0.12175675675675679,2.5525927725069333,2.9437351663121634,0.048935007996940706,0.05050293812651228,0.08939393939393947,0.0
none,0.0,13,localized_cqr,0.9351289833080425,0.8918918918918919,0.0914414414414414,2.63713999290772,2.974391803769428,0.04463292492006495,0.05529525290932134,0.10075757575757582,0.0
none,0.0,13,geo_localized,0.9408194233687405,0.8881118881118881,0.11188811188811187,2.758640394892271,3.212667816409517,0.05148618338761619,0.06250230441295078,0.10833333333333339,0.0
none,0.0,13,weighted_oracle,0.9355083459787557,0.8732876712328768,0.11021067860210676,2.689364127739566,3.3455800134789357,0.054365927078675554,0.07387314206705839,0.19166666666666665,0.0
none,0.0,13,weighted_estimated,0.9351289833080425,0.8698630136986302,0.11363533613635335,2.6811988546491645,3.3463109915921154,0.05456451398653492,0.07425192994584627,0.19545454545454544,0.0
none,0.0,13,width_matched_global,0.9499241274658573,0.886986301369863,0.10594656082094966,3.012343180586619,3.48259885082667,0.06299787524402431,0.07843443945154971,0.14242424242424245,0.0
none,0.0,14,split,0.9108497723823976,0.8603896103896104,0.0926305238385775,2.4163645124945825,3.183557563747788,0.03193744098302352,0.047194089180781204,0.10454545454545461,0.0
none,0.0,14,normalized,0.8994688922610015,0.7857142857142857,0.20721857647652697,2.2659581265155095,3.0743617444983005,0.06017707241237111,0.0585534047701348,0.18409090909090908,0.0
none,0.0,14,di_normalized,0.9203338391502276,0.8798701298701299,0.08464599916212812,2.4612795498244076,2.946419454175917,0.033654322545426794,0.026189077082613164,0.04318181818181821,0.0
none,0.0,14,di_normalized_auto,0.9161608497723824,0.8701298701298701,0.07617885470234464,2.466933044002911,3.0731854757222816,0.02995827715900287,0.04037446710450512,0.07045454545454544,0.0
none,0.0,14,di_cqr_auto,0.9176783004552352,0.8605442176870748,0.11118723107617612,2.8246521938149405,3.4238444010338234,0.0393506100520408,0.03602546376310632,0.07727272727272727,0.0
none,0.0,14,region_mondrian,0.9389226100151745,0.8027210884353742,0.19727891156462585,2.92035767327098,3.4193484798321974,0.06843388252881472,0.05963129392787188,0.08939393939393947,0.0
none,0.0,14,di_mondrian,0.9468892261001517,0.9178082191780822,0.07198769918926473,2.7458825487291416,3.2026412024874342,0.05368427715837415,0.04962351653416293,0.0695817490494296,0.0
none,0.0,14,cqr,0.8937784522003035,0.8299319727891157,0.12766520035576068,2.651590422423717,3.4684415002669695,0.038902765100811844,0.041171793985482194,0.13484848484848488,0.0
none,0.0,14,di_cqr,0.9514415781487102,0.9115646258503401,0.08158605908116667,3.154988018023611,3.523513618277766,0.059554597435923624,0.053428678419172704,0.09242424242424241,0.0
none,0.0,14,localized,0.8979514415781487,0.8709677419354839,0.1042972757323607,2.357824132159433,3.1343621947716205,0.029782803632501277,0.040048392671966825,0.12348484848484853,0.0
none,0.0,14,localized_cqr,0.8899848254931715,0.8197278911564626,0.13433571308382009,2.624462235673242,3.4657583156393255,0.042774915378349786,0.040412777969812186,0.14242424242424245,0.0
none,0.0,14,geo_localized,0.8968133535660091,0.8401360544217688,0.12099468762770116,2.3724335052453123,3.123138021806842,0.03474325977532873,0.04528718746399354,0.14242424242424245,0.0
none,0.0,14,weighted_oracle,0.9044006069802731,0.8506493506493507,0.0990150788808507,2.369224854256234,3.1798619813627975,0.030234885933669537,0.04454113377117179,0.10833333333333339,0.0
none,0.0,14,weighted_estimated,0.9006069802731411,0.8474025974025974,0.09555042273163084,2.3520384312176468,3.179358414704544,0.029885039574554472,0.044994238967623,0.10833333333333339,0.0
none,0.0,14,width_matched_global,0.966236722306525,0.9315068493150684,0.06849315068493156,3.154988018023611,3.492734714556917,0.07123373840733781,0.06821148749855974,0.09242424242424241,0.0
none,0.0,15,split,0.9104704097116844,0.8140350877192982,0.1725420934887555,2.525028759569789,3.191818512507518,0.05336326529642488,0.043010139416983506,0.09242424242424241,0.0
none,0.0,15,normalized,0.9184370257966616,0.8456140350877193,0.12679975801572896,2.394037238170113,2.862857507492376,0.03950507384282416,0.04489111648807466,0.08484848484848484,0.0
none,0.0,15,di_normalized,0.9047799696509864,0.8035087719298246,0.17971270458024247,2.3927884574999223,3.087479948585646,0.05560624020805573,0.02184064984445211,0.07348484848484849,0.0
none,0.0,15,di_normalized_auto,0.9047799696509864,0.8035087719298246,0.17971270458024247,2.3927884574999223,3.087479948585646,0.05560624020805573,0.02184064984445211,0.07348484848484849,0.0
none,0.0,15,di_cqr_auto,0.8979514415781487,0.8122743682310469,0.1560354909238827,2.521771195468935,3.109268265475459,0.04753665793769252,0.035271920728194496,0.06287878787878787,0.0
none,0.0,15,region_mondrian,0.9575113808801214,0.8526315789473684,0.1473684210526316,3.4342226650582734,3.722682103931768,0.07126886783131661,0.05752246802627028,0.09999999999999998,0.0
none,0.0,15,di_mondrian,0.9298179059180577,0.8526315789473684,0.1335753176043557,2.668290871382174,3.167131259520347,0.05162603705828365,0.04143651342320544,0.055893536121673026,0.0
none,0.0,15,cqr,0.8691198786039454,0.7581227436823105,0.1870385466402702,2.3803674557473244,3.1443904327205443,0.06857649405500695,0.04353583362138498,0.12348484848484853,0.0
none,0.0,15,di_cqr,0.9112291350531108,0.8478964401294499,0.12041341902547975,2.602033044647065,3.1074460927565823,0.04319956165247559,0.029883051042746866,0.06212121212121213,0.0
none,0.0,15,localized,0.9059180576631259,0.8070175438596491,0.17955963734840463,2.4709251103273253,3.1679750202156343,0.052424596120092454,0.04346324461343472,0.08863636363636362,0.0
none,0.0,15,localized_cqr,0.8679817905918058,0.7581227436823105,0.18381274018865723,2.376596173498096,3.1455533671459106,0.06825356421372292,0.04467363751584286,0.12348484848484853,0.0
none,0.0,15,geo_localized,0.9032625189681336,0.7824561403508772,0.17881146528292569,2.453873269620663,3.183938328123012,0.05414966810777268,0.043837711717939834,0.08863636363636362,0.0
none,0.0,15,weighted_oracle,0.9074355083459787,0.8105263157894737,0.17269516072059343,2.500528617933419,3.1896736762941273,0.052792260588064535,0.044981276644774734,0.09242424242424241,0.0
none,0.0,15,weighted_estimated,0.9074355083459787,0.8105263157894737,0.17269516072059343,2.5031338632408313,3.1912565332934966,0.052792260588064535,0.044981276644774734,0.09242424242424241,0.0
none,0.0,15,width_matched_global,0.9199544764795144,0.8421052631578947,0.14782762274814554,2.602033044647065,3.2035936669845833,0.05077586532680788,0.043388927295771394,0.0962121212121212,0.0
none,0.0,16,split,0.8998482549317147,0.71,0.2863099630996311,2.619389360279953,3.456658271239018,0.08035551232649146,0.08393507316511119,0.2295454545454546,0.0
none,0.0,16,normalized,0.8888467374810318,0.7966666666666666,0.1657906712172924,2.4865124120440765,3.271025160317632,0.04557453580982732,0.05214944117985944,0.16893939393939394,0.0
none,0.0,16,di_normalized,0.8933990895295902,0.73,0.255239852398524,2.4632569094201497,3.1363599974799987,0.0766061282312714,0.04563717018089643,0.14242424242424245,0.0
none,0.0,16,di_normalized_auto,0.909711684370258,0.7733333333333333,0.2082164821648217,2.5458207943586766,3.042671062672924,0.06604958221666365,0.021018838575872778,0.04318181818181821,0.0
none,0.0,16,di_cqr_auto,0.8956752655538694,0.7966666666666666,0.135993265993266,2.6718479343693993,3.363028158503532,0.04620294848450678,0.041589468832814815,0.08560606060606057,0.0
none,0.0,16,region_mondrian,0.9681335356600911,0.9387755102040817,0.05112347969490827,3.4455210562181726,3.5680690396729053,0.07054434876848038,0.07542862080884893,0.0962121212121212,0.0
none,0.0,16,di_mondrian,0.9275417298937785,0.81,0.1752398523985239,2.795515999854838,3.1905666662997882,0.06046610841444821,0.042169604793178904,0.08484848484848484,0.0
none,0.0,16,cqr,0.8968133535660091,0.75,0.20904436860068254,2.5602883537934136,3.4559023779583122,0.06513449950039199,0.05254119138149556,0.18409090909090908,0.0
none,0.0,16,di_cqr,0.9195751138088012,0.83,0.1228619528619529,2.933927115750465,3.4340341422467917,0.04697900162748453,0.05516735799055191,0.08250950570342208,0.0
none,0.0,16,localized,0.8926403641881638,0.7066666666666667,0.2785731857318573,2.519174939752756,3.277229893380897,0.0833046196047567,0.08401227099896302,0.22575757575757582,0.0
none,0.0,16,localized_cqr,0.8884673748103187,0.7466666666666667,0.2090528905289053,2.5147678022736564,3.4443653867259942,0.06307782557884024,0.05026702385067402,0.18787878787878787,0.0
none,0.0,16,geo_localized,0.8812594840667678,0.7466666666666667,0.23857318573185726,2.490224398562471,3.303093070273759,0.07153781512875494,0.08627203594884202,0.2333333333333334,0.0
none,0.0,16,weighted_oracle,0.8968133535660091,0.7033333333333334,0.2929766297662977,2.5942378513951425,3.457117485985818,0.0820417804412074,0.08469264892268695,0.2333333333333334,0.0
none,0.0,16,weighted_estimated,0.9017450682852808,0.71,0.2863099630996311,2.657012446362707,3.4499428543525963,0.07954354547636049,0.08431386104389907,0.22575757575757582,0.0
none,0.0,16,width_matched_global,0.9260242792109257,0.7366666666666667,0.2633333333333333,2.9339271157504645,3.5004365102934547,0.081264378195087,0.0838045857817721,0.1765151515151515,0.0
none,0.0,17,split,0.9009863429438544,0.8501628664495114,0.10997002391593702,2.3629929248566626,3.2451674772713397,0.034728254309070956,0.04762703076391289,0.1310606060606061,0.0
none,0.0,17,normalized,0.9305766312594841,0.8367346938775511,0.14183673469387748,2.4395880125417615,2.9229873381258256,0.05249982036673783,0.05879162345892384,0.09696969696969704,0.0
none,0.0,17,di_normalized,0.907814871016692,0.8376383763837638,0.11252773657304682,2.3764363569223472,3.114913554652822,0.036835159442659623,0.021843530360640618,0.05075757575757578,0.0
none,0.0,17,di_normalized_auto,0.8854324734446131,0.8007380073800738,0.1599762783342119,2.2560400124126683,3.1176346671693342,0.048060469208688394,0.023061700656757687,0.051515151515151514,0.0
none,0.0,17,di_cqr_auto,0.9461305007587253,0.9233333333333333,0.06005537098560354,3.0246999665249428,3.3800229029778337,0.05115226549142584,0.04614730959787992,0.0695817490494296,0.0
none,0.0,17,region_mondrian,0.9419575113808801,0.875,0.11835548172757471,3.2662674985017075,3.641144222051165,0.05941441266485951,0.05910185505242538,0.08863636363636362,0.0
none,0.0,17,di_mondrian,0.9169195751138088,0.8523985239852399,0.11545861887190301,2.5137959419291573,3.14505289681272,0.038297209506869836,0.020922917386795692,0.06212121212121213,0.0
none,0.0,17,cqr,0.9188163884673748,0.8633333333333333,0.09770562770562774,2.72145974830667,3.364267869184761,0.03519029158363839,0.04680521949533356,0.08939393939393947,0.0
none,0.0,17,di_cqr,0.9358877086494689,0.8873239436619719,0.09606476065696501,3.037353797450789,3.4041336428825737,0.04689901067358356,0.042945903905979965,0.07338403041825092,0.0
none,0.0,17,localized,0.9021244309559939,0.8560885608856088,0.1073665886160523,2.3361825055314696,3.058058267932181,0.03067148858520841,0.0419394515497177,0.08560606060606057,0.0
none,0.0,17,localized_cqr,0.919195751138088,0.8633333333333333,0.09770562770562774,2.7207044584068867,3.362063100631245,0.03576412148007793,0.04642643161654568,0.08939393939393947,0.0
none,0.0,17,geo_localized,0.8937784522003035,0.8228782287822878,0.11399884762967238,2.28620422641204,3.189032172489473,0.033611975149474574,0.043978280907938705,0.13484848484848488,0.0
none,0.0,17,weighted_oracle,0.8979514415781487,0.8469055374592834,0.1099050937699525,2.342020240262406,3.2452379593711966,0.034836022937096194,0.04762559050581864,0.13484848484848488,0.0
none,0.0,17,weighted_estimated,0.8968133535660091,0.8436482084690554,0.10984016362396787,2.3191481827289104,3.242029630672467,0.034695851903272255,0.04724680262703076,0.13484848484848488,0.0
none,0.0,17,width_matched_global,0.954855842185129,0.8957654723127035,0.08756786102062974,3.037353797450789,3.447800278873476,0.06261142265602432,0.06062564811614239,0.09999999999999998,0.0
none,0.0,18,split,0.9465098634294385,0.8862876254180602,0.11371237458193983,3.00561349459806,3.412163509519469,0.055096495290345576,0.046516015670008036,0.08484848484848484,0.0
none,0.0,18,normalized,0.9370257966616085,0.8996655518394648,0.07559946582837973,2.772812212843932,3.310846788295964,0.04581999991553221,0.038323251526673555,0.08863636363636362,0.0
none,0.0,18,di_normalized,0.9355083459787557,0.8795986622073578,0.12040133779264217,2.8444796412741034,3.321172278531975,0.04831230404251393,0.03549804124899179,0.07348484848484849,0.0
none,0.0,18,di_normalized_auto,0.9355083459787557,0.8795986622073578,0.12040133779264217,2.8444796412741034,3.321172278531975,0.04831230404251393,0.03549804124899179,0.07348484848484849,0.0
none,0.0,18,di_cqr_auto,0.9487860394537178,0.8729096989966555,0.1270903010033445,2.9340929546848162,3.214368314813604,0.060152329414901534,0.048790183200829576,0.08106060606060606,0.0
none,0.0,18,region_mondrian,0.966236722306525,0.8594771241830066,0.1405228758169934,3.775988749491216,3.976243643560344,0.07848140345539178,0.06623170872220302,0.09242424242424241,0.0
none,0.0,18,di_mondrian,0.9465098634294385,0.9096989966555183,0.08676743443988799,3.428820184027057,3.7886049167033056,0.05341968728023209,0.06921995621615393,0.09999999999999998,0.0
none,0.0,18,cqr,0.9476479514415781,0.862876254180602,0.137123745819398,2.881692550501578,3.2112299730287304,0.06133285802855491,0.04764661827399467,0.08863636363636362,0.0
none,0.0,18,di_cqr,0.9339908952959028,0.8729096989966555,0.12355673209875084,2.870510405595807,3.20233481642942,0.04978862822471642,0.036046203479663544,0.07348484848484849,0.0
none,0.0,18,localized,0.9396813353566009,0.8921568627450981,0.10784313725490191,2.896644968748831,3.3224029328788003,0.053498721252420424,0.039679110496600965,0.08106060606060606,0.0
none,0.0,18,localized_cqr,0.9476479514415781,0.862876254180602,0.137123745819398,2.8785495039024513,3.2097607382279554,0.06133285802855491,0.04764661827399467,0.08863636363636362,0.0
none,0.0,18,geo_localized,0.9332321699544764,0.8300653594771242,0.1405228758169934,2.7907161918199077,3.217680599554638,0.054941215284888725,0.03323251526673578,0.07348484848484849,0.0
none,0.0,18,weighted_oracle,0.9457511380880121,0.882943143812709,0.117056856187291,3.002191411237526,3.4105884893898413,0.05498411149380812,0.04575555939624378,0.08484848484848484,0.0
none,0.0,18,weighted_estimated,0.9313353566009105,0.8595317725752508,0.14046822742474918,2.7924883843881894,3.333244618922956,0.047546563535689576,0.03133857587279637,0.08106060606060606,0.0
none,0.0,18,width_matched_global,0.9351289833080425,0.8662207357859532,0.13377926421404684,2.8705104055958075,3.3569804667557626,0.0486958127237663,0.03513221569305216,0.08484848484848484,0.0
none,0.0,19,split,0.9199544764795144,0.8552188552188552,0.1414027664027664,2.6463430703591477,3.2697079863508045,0.055873968777301976,0.050683258439912435,0.08106060606060606,0.0
none,0.0,19,normalized,0.9044006069802731,0.7676767676767676,0.2120529620529621,2.4805281714122946,3.190560985416713,0.06403374352362576,0.039908975688443385,0.07045454545454544,0.0
none,0.0,19,di_normalized,0.924886191198786,0.8603896103896104,0.12977432403661915,2.6663219582565225,3.159355302337658,0.05339062473780161,0.036500748934208994,0.06590909090909092,0.0
none,0.0,19,di_normalized_auto,0.91350531107739,0.8344155844155844,0.15544928044928052,2.561845064403783,3.1753492506335443,0.05755441050635074,0.03543870261550869,0.06590909090909092,0.0
none,0.0,19,di_cqr_auto,0.962443095599393,0.9285714285714286,0.05729429581019685,2.8152952708323884,2.9744426557777026,0.06468850377624832,0.06243950916004147,0.08863636363636362,0.0
none,0.0,19,region_mondrian,0.9290591805766313,0.8214285714285714,0.17520442520442525,3.0162757631752544,3.455220630778661,0.06716229252231178,0.032325440718976826,0.07727272727272727,0.0
none,0.0,19,di_mondrian,0.9643399089529591,0.9158249158249159,0.080896395650494,3.231643075884425,3.4509143371917785,0.06975661604264219,0.06434064984445212,0.09999999999999998,0.0
none,0.0,19,cqr,0.9343702579666161,0.8785714285714286,0.09669358909641601,2.447131342957349,2.82930846961321,0.04663731473325148,0.03907737066482313,0.08863636363636362,0.0
none,0.0,19,di_cqr,0.9609256449165402,0.9188311688311688,0.07103369603369614,2.7787924052938133,2.9533650235931495,0.06431696529887063,0.060927238161078465,0.08863636363636362,0.0
none,0.0,19,localized,0.9157814871016692,0.8215488215488216,0.16205773582822758,2.5557938115798877,3.125384582593363,0.05002101384497533,0.037405519069017165,0.0696969696969697,0.0
none,0.0,19,localized_cqr,0.93247344461305,0.8714285714285714,0.10383644623927313,2.434786331299424,2.823475810101001,0.04593683993827953,0.03793524599608249,0.08863636363636362,0.0
none,0.0,19,geo_localized,0.9222306525037937,0.8754208754208754,0.0941737191737192,2.6090511366559612,3.117272974359601,0.03735057600528683,0.045371586588316616,0.08106060606060606,0.0
none,0.0,19,weighted_oracle,0.9176783004552352,0.8518518518518519,0.14139139139139134,2.6176933075357653,3.264282532971323,0.05562727332943359,0.04916378615047816,0.08106060606060606,0.0
none,0.0,19,weighted_estimated,0.9207132018209409,0.8585858585858586,0.13803576303576304,2.6548425350024507,3.2698857304022866,0.05533756484623644,0.050683258439912435,0.08106060606060606,0.0
none,0.0,19,width_matched_global,0.9275417298937785,0.8686868686868687,0.13131313131313127,2.7787924052938138,3.3016755020373476,0.05518643901941304,0.04947401774397971,0.08863636363636362,0.0
none,0.0,20,split,0.8964339908952959,0.8076923076923077,0.17336829836829837,2.287739640976794,3.046055301576034,0.0591348828186232,0.057798709528747536,0.1537878787878788,0.0
none,0.0,20,normalized,0.93247344461305,0.8237179487179487,0.17628205128205132,2.5923233890499877,3.06704043002187,0.06408045004852353,0.05667818873142068,0.09318181818181825,0.0
none,0.0,20,di_normalized,0.9229893778452201,0.8389261744966443,0.14971018913971934,2.453406908455413,2.8959714195683532,0.0525480972549282,0.029974939509160015,0.05075757575757578,0.0
none,0.0,20,di_normalized_auto,0.8952959028831563,0.8141025641025641,0.16695804195804198,2.2651168251075764,2.9772723767431826,0.05578852773122322,0.04831749049429657,0.1310606060606061,0.0
none,0.0,20,di_cqr_auto,0.9320940819423369,0.8590604026845637,0.11821232458816355,2.7833794795986346,3.1337504027324603,0.04869483677825674,0.03209471137227789,0.0696969696969697,0.0
none,0.0,20,region_mondrian,0.9711684370257967,0.8954703832752613,0.1045296167247387,3.5566087498603323,3.7450614935421123,0.081345233865652,0.07118763682451894,0.0962121212121212,0.0
none,0.0,20,di_mondrian,0.960546282245827,0.9228187919463087,0.07718120805369133,2.928652399609134,3.1300704195467492,0.06666569142261686,0.0605599723470446,0.09239543726235744,0.0
none,0.0,20,cqr,0.8960546282245827,0.8257839721254355,0.14700514352082295,2.5050044910702716,3.1420295546880608,0.04932979014242716,0.03866516879824865,0.11212121212121218,0.0
none,0.0,20,di_cqr,0.9468892261001517,0.8859060402684564,0.09368579646623743,2.9379213774655812,3.1927823645555815,0.05521307751822867,0.04689336329070169,0.06212121212121213,0.0
none,0.0,20,localized,0.8956752655538694,0.8076923076923077,0.17336829836829837,2.2848667453701044,3.0476083751211758,0.05926938994804123,0.057800149786841795,0.1537878787878788,0.0
none,0.0,20,localized_cqr,0.8930197268588771,0.8387096774193549,0.1306780776826859,2.499863123121589,3.135084054688422,0.047244142333319035,0.039646560663670935,0.11590909090909096,0.0
none,0.0,20,geo_localized,0.9028831562974203,0.8173076923076923,0.16171328671328677,2.3425137256177577,3.0420944949427304,0.05338322807120262,0.0604559857126397,0.14621212121212124,0.0
none,0.0,20,weighted_oracle,0.8960546282245827,0.8076923076923077,0.17336829836829837,2.2858185335199446,3.0461285879332434,0.05878823297868439,0.05817893766562967,0.1537878787878788,0.0
none,0.0,20,weighted_estimated,0.8964339908952959,0.8076923076923077,0.17336829836829837,2.287739640976794,3.046055301576034,0.0591348828186232,0.057798709528747536,0.1537878787878788,0.0
none,0.0,20,width_matched_global,0.9518209408194234,0.8814102564102564,0.11480186480186483,2.9379213774655817,3.231542358184339,0.06474741672715946,0.06972951952989974,0.09242424242424241,0.0
none,0.0,21,split,0.9165402124430956,0.839344262295082,0.14950332134804067,2.559730568700138,3.075590089457306,0.050531988797245304,0.05188011291623458,0.10454545454545461,0.0
none,0.0,21,normalized,0.8839150227617603,0.7789115646258503,0.18808513504411672,2.3514114760239764,2.94176681800496,0.05195942112960128,0.040657909897453624,0.11969696969696975,0.0
none,0.0,21,di_normalized,0.9336115326251897,0.8775510204081632,0.10386161899704127,2.5822458058040225,2.976828902747676,0.050257055221860664,0.033604101855052394,0.06590909090909092,0.0
none,0.0,21,di_normalized_auto,0.9336115326251897,0.8775510204081632,0.10386161899704127,2.5822458058040225,2.976828902747676,0.050257055221860664,0.033604101855052394,0.06590909090909092,0.0
none,0.0,21,di_cqr_auto,0.9449924127465857,0.900990099009901,0.08920597942147157,2.967012282094859,3.2501224281632544,0.05323602474325674,0.04702817144832354,0.08863636363636362,0.0
none,0.0,21,region_mondrian,0.9650986342943855,0.8954248366013072,0.10457516339869277,3.4231387647524985,3.6202550894633783,0.07442173990045416,0.06510398663440485,0.09242424242424241,0.0
none,0.0,21,di_mondrian,0.9635811836115327,0.9285714285714286,0.06086519114688127,2.9577786030070565,3.1784908685730167,0.06799570860719165,0.06356291047355686,0.08863636363636362,0.0
none,0.0,21,cqr,0.8854324734446131,0.8415841584158416,0.12573610302206695,2.5034437959360143,3.1241746550539626,0.04315525697702235,0.027612916234589235,0.0553030303030303,0.0
none,0.0,21,di_cqr,0.9525796661608498,0.9042904290429042,0.08917362324467748,3.046667284693599,3.2841267292442478,0.05841663497266879,0.05309309828321235,0.08863636363636362,0.0
none,0.0,21,localized,0.8964339908952959,0.8027210884353742,0.1620676439589921,2.3739758510252016,2.960495670395846,0.05354160923992336,0.042105945385413054,0.08560606060606057,0.0
none,0.0,21,localized_cqr,0.8793626707132018,0.8295081967213115,0.13127611700417874,2.460217264148722,3.081599376292363,0.04679916957001471,0.02959413526904022,0.07424242424242422,0.0
none,0.0,21,geo_localized,0.911608497723824,0.8524590163934426,0.12895362301176194,2.472677275757081,3.0293609771047287,0.04357082500865085,0.05377405231017397,0.11590909090909096,0.0
none,0.0,21,weighted_oracle,0.9142640364188164,0.839344262295082,0.14578584922908155,2.5353745674581596,3.0719101023304485,0.049487570027045194,0.054158601221338865,0.10454545454545461,0.0
none,0.0,21,weighted_estimated,0.9142640364188164,0.839344262295082,0.14578584922908155,2.5364556191066083,3.0709584072895066,0.049487570027045194,0.054158601221338865,0.10454545454545461,0.0
none,0.0,21,width_matched_global,0.9613050075872535,0.9245901639344263,0.07540983606557372,3.046667284693599,3.2790118038876344,0.06730571248375299,0.06131178707224334,0.09242424242424241,0.0
none,0.0,22,split,0.9146433990895296,0.7918088737201365,0.1851648104903898,2.4913969830900413,3.1289609927960917,0.05256811229306544,0.04461113031455235,0.08181818181818179,0.0
none,0.0,22,normalized,0.907814871016692,0.7986348122866894,0.15202308245015272,2.5096124335713186,3.2218372862535793,0.047898871442957854,0.03732688097707108,0.06666666666666665,0.0
none,0.0,22,di_normalized,0.9017450682852808,0.7679180887372014,0.1894589604431265,2.3775562012646034,3.043145599352563,0.0546544337996785,0.0182780274225141,0.04772727272727273,0.0
none,0.0,22,di_normalized_auto,0.9017450682852808,0.7679180887372014,0.1894589604431265,2.3775562012646034,3.043145599352563,0.0546544337996785,0.0182780274225141,0.04772727272727273,0.0
none,0.0,22,di_cqr_auto,0.9309559939301972,0.8873720136518771,0.1030126017327383,2.880246614630816,3.2967792907761053,0.04588206372399245,0.03188184122594766,0.0695817490494296,0.0
none,0.0,22,region_mondrian,0.9393019726858877,0.7655172413793103,0.22702007205352548,3.0037715944392755,3.354293868651403,0.07703788535945048,0.03930896416637858,0.0695817490494296,0.0
none,0.0,22,di_mondrian,0.9195751138088012,0.8088737201365188,0.1583393946175795,2.585803591467466,3.098776381581266,0.04777749033975998,0.04031023159350152,0.0695817490494296,0.0
none,0.0,22,cqr,0.9017450682852808,0.8225255972696246,0.15503850529447794,2.647292037346085,3.2810395145713036,0.04520969327910577,0.033235971886161994,0.0553030303030303,0.0
none,0.0,22,di_cqr,0.9423368740515933,0.89419795221843,0.0993917913713136,2.96935719023552,3.3224678216847003,0.053566456115888,0.04234502822905861,0.0696969696969697,0.0
none,0.0,22,localized,0.9047799696509864,0.764505119453925,0.20260014370396973,2.40162674418504,3.1111411780023106,0.056781956193794995,0.04005271344624957,0.08939393939393947,0.0
none,0.0,22,localized_cqr,0.900227617602428,0.8225255972696246,0.15503850529447794,2.622692238804378,3.2798947533893577,0.04569476898012244,0.03323453162806774,0.0553030303030303,0.0
none,0.0,22,geo_localized,0.9066767830045523,0.7747440273037542,0.19565070953835106,2.420357726660408,3.1213634897118836,0.0532593012626765,0.04347332642009448,0.09696969696969704,0.0
none,0.0,22,weighted_oracle,0.9066767830045523,0.7747440273037542,0.19565070953835106,2.4198419659144537,3.121390635014303,0.0532593012626765,0.04347332642009448,0.09696969696969704,0.0
none,0.0,22,weighted_estimated,0.909711684370258,0.7747440273037542,0.19894018322256157,2.4420739685953357,3.1232777228061837,0.05527689302194052,0.04423090217767024,0.08939393939393947,0.0
none,0.0,22,width_matched_global,0.9480273141122914,0.8464163822525598,0.1470046703790192,2.9693571902355202,3.2895995593163083,0.06403229311690257,0.049264892268694536,0.08859315589353611,0.0
none,0.0,23,split,0.842185128983308,0.7716262975778547,0.18004656487567683,2.0557582289996357,3.5709868958971525,0.08076599524847218,0.07712380458578176,0.2825757575757576,0.0
none,0.0,23,normalized,0.8455993930197269,0.740983606557377,0.179016393442623,2.185274032565065,3.509254962242293,0.08166644912886924,0.07635845143449707,0.18787878787878787,0.0
none,0.0,23,di_normalized,0.8349772382397572,0.740484429065744,0.18516612855507386,2.0038089775606833,3.4283585484245966,0.09043763702719418,0.0667478972231824,0.16136363636363638,0.0
none,0.0,23,di_normalized_auto,0.8349772382397572,0.740484429065744,0.18516612855507386,2.0038089775606833,3.4283585484245966,0.09043763702719418,0.0667478972231824,0.16136363636363638,0.0
none,0.0,23,di_cqr_auto,0.894916540212443,0.706081081081081,0.2553337099157036,2.668549815595599,3.4362126501579824,0.07747583030362845,0.03754464800092176,0.10454545454545461,0.0
none,0.0,23,region_mondrian,0.9051593323216995,0.7730496453900709,0.2108731841919227,2.783375704253376,3.5244105987541694,0.06098011657154342,0.05210969005645809,0.15000000000000002,0.0
none,0.0,23,di_mondrian,0.8907435508345979,0.8062283737024222,0.18261920994070047,2.358262896909635,3.2835275053678354,0.059706082114761444,0.029492164995967275,0.12348484848484853,0.0
none,0.0,23,cqr,0.8501517450682853,0.6587837837837838,0.25761493004258273,2.4672579664673804,3.5299460711068034,0.09376263407223216,0.06628471022007146,0.16893939393939394,0.0
none,0.0,23,di_cqr,0.9081942336874052,0.722972972972973,0.2513035543582167,2.742158424813329,3.431981090358001,0.07459365854966142,0.036926489226869454,0.09696969696969704,0.0
none,0.0,23,localized,0.8418057663125948,0.7370242214532872,0.21093116888128538,2.0352905586157917,3.4941499590544347,0.08513174662889697,0.07742625878557438,0.275,0.0
none,0.0,23,localized_cqr,0.8296661608497724,0.6959459459459459,0.21408865613017858,2.4507732428057145,3.590094015095702,0.09750692858961918,0.08122537158658834,0.19545454545454544,0.0
none,0.0,23,geo_localized,0.8300455235204856,0.7446808510638298,0.1623823459621926,1.975539061066424,3.522340033401965,0.086194229716369,0.08333880631409149,0.2825757575757576,0.0
none,0.0,23,weighted_oracle,0.8376327769347496,0.7681660899653979,0.17235435613125638,2.023343294562133,3.5905056474301156,0.08365209109971027,0.08061297384491302,0.29015151515151516,0.0
none,0.0,23,weighted_estimated,0.8603945371775418,0.7889273356401384,0.18133288740818876,2.1722726443071587,3.517427432625265,0.068958758304276,0.06900276529554096,0.2522727272727273,0.0
none,0.0,23,width_matched_global,0.9214719271623673,0.8442906574394463,0.1557093425605537,2.7421584248133293,3.487278639304565,0.05623649908687891,0.058782981910358335,0.1310606060606061,0.0
none,0.0,24,split,0.9123672230652504,0.8166666666666667,0.18333333333333335,2.4044324429099206,3.3157601587566887,0.06817877125880474,0.060820371010485076,0.22196969696969704,0.0
none,0.0,24,normalized,0.911608497723824,0.8410596026490066,0.1473124903742492,2.2769715718945105,2.961965030072495,0.04959102631566174,0.03931098052771057,0.08479087452471479,0.0
none,0.0,24,di_normalized,0.9271623672230652,0.8675496688741722,0.13245033112582782,2.4159470264836007,3.054808225044157,0.05378816355634679,0.04203191611936857,0.07424242424242422,0.0
none,0.0,24,di_normalized_auto,0.9271623672230652,0.8675496688741722,0.13245033112582782,2.4159470264836007,3.054808225044157,0.05378816355634679,0.04203191611936857,0.07424242424242422,0.0
none,0.0,24,di_cqr_auto,0.9635811836115327,0.8966666666666666,0.10005464480874326,3.049209185665086,3.3742683483910185,0.06996697195226438,0.06480383684756308,0.08859315589353611,0.0
none,0.0,24,region_mondrian,0.9427162367223065,0.7814569536423841,0.21526435783302578,3.1151869021857,3.513096012801916,0.07769213874139494,0.045458290125590495,0.08859315589353611,0.0
none,0.0,24,di_mondrian,0.9298179059180577,0.8866666666666667,0.10945736434108522,2.7026201650544657,3.2308342331750195,0.046120244209343124,0.04068037792372392,0.08484848484848484,0.0
none,0.0,24,cqr,0.9294385432473444,0.85,0.1228813559322034,2.651848954192465,3.1994387304945433,0.0530514844161095,0.04248214079963129,0.0696969696969697,0.0
none,0.0,24,di_cqr,0.9734446130500759,0.9166666666666666,0.08333333333333337,3.2720397362306572,3.5121952061588497,0.07713304839140374,0.07345028229058646,0.0962121212121212,0.0
none,0.0,24,localized,0.9203338391502276,0.8406779661016949,0.156043345373715,2.366408094992371,3.088412678048957,0.06019197433040688,0.05589900910243114,0.17272727272727273,0.0
none,0.0,24,localized_cqr,0.9245068285280729,0.86,0.10896551724137937,2.567778428282715,2.9988460959054195,0.04600889251629359,0.03527076852171908,0.05833333333333335,0.0
none,0.0,24,geo_localized,0.8994688922610015,0.8013245033112583,0.19479952769649367,2.257098981761938,3.193441741917379,0.062215496659779226,0.04687089526443137,0.18787878787878787,0.0
none,0.0,24,weighted_oracle,0.9104704097116844,0.8133333333333334,0.18666666666666665,2.3864061388292335,3.3137116489695257,0.06997475863401954,0.06120059914736721,0.22575757575757582,0.0
none,0.0,24,weighted_estimated,0.9093323216995448,0.8133333333333334,0.18666666666666665,2.3686688155783813,3.3090888862881216,0.07013290149731224,0.06158082728424933,0.22575757575757582,0.0
none,0.0,24,width_matched_global,0.9628224582701063,0.9072847682119205,0.0927152317880795,3.2720397362306572,3.6866274029200774,0.07302584672642616,0.08148490609517225,0.0962121212121212,0.0
none,0.0,25,split,0.9332321699544764,0.862876254180602,0.12718997098496088,2.8600131727305222,3.3284107843876996,0.04999593214767381,0.046275780619887075,0.08863636363636362,0.0
none,0.0,25,normalized,0.9138846737481032,0.8888888888888888,0.05974124809741255,2.510032745353698,3.0350288922066144,0.024475260532255644,0.043906844106463894,0.11212121212121218,0.0
none,0.0,25,di_normalized,0.9044006069802731,0.8327759197324415,0.14404527232053865,2.554048221681297,3.1629617231902767,0.051062396844233617,0.013428678419172701,0.031818181818181746,0.0
none,0.0,25,di_normalized_auto,0.9044006069802731,0.8327759197324415,0.14404527232053865,2.554048221681297,3.1629617231902767,0.051062396844233617,0.013428678419172701,0.031818181818181746,0.0
none,0.0,25,di_cqr_auto,0.9408194233687405,0.8941605839416058,0.08928312466766575,3.0069516229836823,3.4609852530755756,0.04861199260004916,0.053177497407535426,0.08859315589353611,0.0
none,0.0,25,region_mondrian,0.9650986342943855,0.9096989966555183,0.09030100334448166,3.4850371692440363,3.717295871809456,0.072549328201049,0.06510830740868763,0.09242424242424241,0.0
none,0.0,25,di_mondrian,0.9199544764795144,0.8528428093645485,0.12066712441028593,2.7722094035367326,3.245190374704805,0.047078520774386824,0.03126339440027651,0.07348484848484849,0.0
none,0.0,25,cqr,0.874051593323217,0.8080808080808081,0.16542912569402635,2.310111991003183,3.268665290124727,0.05962155633037289,0.03937060721281255,0.06287878787878787,0.0
none,0.0,25,di_cqr,0.9434749620637329,0.9087591240875912,0.08130710107797168,3.0803570521891084,3.4983957107196044,0.0510115372890261,0.049762645466067526,0.08859315589353611,0.0
none,0.0,25,localized,0.9298179059180577,0.862876254180602,0.10401116303794111,2.7373626146229206,3.245531488127272,0.04263282962601923,0.04968919230326073,0.08106060606060606,0.0
none,0.0,25,localized_cqr,0.8630500758725341,0.7946127946127947,0.17227462260574844,2.227011475760986,3.2872692018453877,0.06916218050005545,0.047333794215923486,0.078030303030303,0.0
none,0.0,25,geo_localized,0.928679817905918,0.8528428093645485,0.13060089924472307,2.759671200851843,3.3088055628079296,0.04677926593050335,0.04551388408802857,0.08484848484848484,0.0
none,0.0,25,weighted_oracle,0.9313353566009105,0.862876254180602,0.12718997098496088,2.843480836977483,3.3230659696059237,0.048770064981625505,0.04513509620924069,0.08863636363636362,0.0
none,0.0,25,weighted_estimated,0.9180576631259484,0.8461538461538461,0.13066734589913398,2.6843695974306283,3.2835053871416697,0.0438263076623632,0.045050409033298766,0.08484848484848484,0.0
none,0.0,25,width_matched_global,0.9533383915022762,0.903010033444816,0.09367870827703828,3.0803570521891084,3.4258818868645253,0.060688762330603864,0.0553197372969236,0.09242424242424241,0.0
none,0.0,26,split,0.9013657056145675,0.8443708609271523,0.13457650749390038,2.253684650022626,2.879495604274702,0.04399623456669474,0.04756423551100356,0.1765151515151515,0.0
none,0.0,26,normalized,0.8915022761760243,0.8156028368794326,0.1493094438223218,2.142976202561256,2.8698524538714945,0.05043809145894019,0.05377059569074778,0.19924242424242422,0.0
none,0.0,26,di_normalized,0.9059180576631259,0.8262411347517731,0.1386711459499813,2.186524525642583,2.7091660627329945,0.04402483240791516,0.018445961516303712,0.03916349809885933,0.0
none,0.0,26,di_normalized_auto,0.9059180576631259,0.8262411347517731,0.1386711459499813,2.186524525642583,2.7091660627329945,0.04402483240791516,0.018445961516303712,0.03916349809885933,0.0
none,0.0,26,di_cqr_auto,0.8960546282245827,0.8596491228070176,0.0836842105263158,2.4287354537566133,2.911482682428704,0.027761999686342135,0.0197228943426662,0.040684410646387836,0.0
none,0.0,26,region_mondrian,0.9465098634294385,0.8641114982578397,0.13588850174216027,2.7994104505090376,3.110816067021238,0.06543574368300016,0.05380458578177209,0.08098859315589346,0.0
none,0.0,26,di_mondrian,0.9229893778452201,0.8617021276595744,0.11829787234042555,2.3451755297761907,2.8086562345088204,0.048731982380446806,0.03202241041594652,0.0695817490494296,0.0
none,0.0,26,cqr,0.8554628224582701,0.8070175438596491,0.08631578947368423,2.19804959375268,2.9648485696280376,0.05361762816703245,0.0493899066712755,0.08560606060606057,0.0
none,0.0,26,di_cqr,0.9036418816388467,0.8708609271523179,0.07580573951434877,2.461077866051101,2.9145075630249493,0.0250974523299095,0.014497926028344255,0.040684410646387836,0.0
none,0.0,26,localized,0.8892261001517451,0.8412162162162162,0.14474869606448548,2.2045043977143584,2.8674261162381365,0.04793553871438896,0.05256135499481505,0.19166666666666665,0.0
none,0.0,26,localized_cqr,0.855083459787557,0.8070175438596491,0.08631578947368423,2.1969587410366116,2.965089579086731,0.05369104887656324,0.04977013480815762,0.08560606060606057,0.0
none,0.0,26,geo_localized,0.8888467374810318,0.8257839721254355,0.13116967025867043,2.182620881037598,2.8708216692458457,0.051322753261010226,0.05218256711602719,0.17272727272727273,0.0
none,0.0,26,weighted_oracle,0.9006069802731411,0.8443708609271523,0.13457650749390038,2.2485752042454656,2.879431565985571,0.04450155410994556,0.04680521949533356,0.1765151515151515,0.0
none,0.0,26,weighted_estimated,0.9062974203338392,0.847682119205298,0.13477402114557913,2.2998297814755424,2.8839101564325276,0.043790825583629484,0.04718688789030993,0.16136363636363638,0.0
none,0.0,26,width_matched_global,0.924886191198786,0.8794326241134752,0.11354983202687563,2.461077866051101,2.905240579746626,0.045462688755778934,0.05234214771287012,0.13484848484848488,0.0
none,0.0,27,split,0.9229893778452201,0.8377483443708609,0.15869293676792917,2.3591618021876535,3.0136690025219446,0.060938561394459856,0.06182048623113262,0.16893939393939394,0.0
none,0.0,27,normalized,0.9332321699544764,0.8377483443708609,0.14821656790984084,2.2534139494388032,2.772863603185443,0.05525837098669121,0.06828292430003455,0.1537878787878788,0.0
none,0.0,27,di_normalized,0.9298179059180577,0.8311258278145696,0.16531545332422048,2.3118493202490726,2.8374015711640777,0.05925089767559093,0.03983926719668163,0.07348484848484849,0.0
none,0.0,27,di_normalized_auto,0.9271623672230652,0.8211920529801324,0.17169050929744767,2.2753568423165027,2.7723844518283505,0.05791313751790352,0.031114183661712168,0.05075757575757578,0.0
none,0.0,27,di_cqr_auto,0.9320940819423369,0.8344370860927153,0.12997572529518508,2.642330204987041,3.04502248630911,0.04950786314846722,0.03634001613089064,0.06590909090909092,0.0
none,0.0,27,region_mondrian,0.9544764795144158,0.8683274021352313,0.1316725978647687,3.1326250820634143,3.3232314625353516,0.0666836434564192,0.06783125936167761,0.09999999999999998,0.0
none,0.0,27,di_mondrian,0.9616843702579666,0.8973509933774835,0.09909028776130657,2.9493662217092402,3.1759942699383967,0.06911569966340514,0.06169057495103121,0.09242424242424241,0.0
none,0.0,27,cqr,0.9085735963581184,0.7947019867549668,0.1554641262018438,2.4422492604862978,3.0425883292982094,0.045096944086594516,0.031023735453393254,0.06590909090909092,0.0
none,0.0,27,di_cqr,0.951062215477997,0.8807947019867549,0.09927174319596932,2.892555701536599,3.1553209562302444,0.058447774826600137,0.051051388408802835,0.09242424242424241,0.0
none,0.0,27,localized,0.9142640364188164,0.8410596026490066,0.15543162542116884,2.27363013840934,2.862446969728091,0.05240772603389358,0.04702183431270882,0.1310606060606061,0.0
none,0.0,27,localized_cqr,0.9119878603945372,0.8311258278145696,0.11904028514224108,2.4394015221818415,2.97413876437396,0.034839317592946506,0.0323781541652264,0.0696969696969697,0.0
none,0.0,27,geo_localized,0.9146433990895296,0.8076923076923077,0.18178137651821857,2.252127288933176,2.91172978972629,0.051558546057455606,0.05119282175365823,0.14242424242424245,0.0
none,0.0,27,weighted_oracle,0.9229893778452201,0.8377483443708609,0.15869293676792917,2.3440491877506773,3.010194706486737,0.060938561394459856,0.06182048623113262,0.16893939393939394,0.0
none,0.0,27,weighted_estimated,0.9051593323216995,0.8278145695364238,0.16506799274115624,2.16978577676795,2.9980650849954933,0.05636763236865622,0.05990638322387369,0.21439393939393947,0.0
none,0.0,27,width_matched_global,0.9590288315629742,0.8741721854304636,0.1258278145695364,2.892555701536599,3.2395592245272007,0.0724814820576508,0.0716364212466874,0.0962121212121212,0.0
none,0.0,28,split,0.9100910470409712,0.7728706624605678,0.20585274179475133,2.4179926301471175,3.0736782030179857,0.06031763866998851,0.03277566539923954,0.078030303030303,0.0
none,0.0,28,normalized,0.881638846737481,0.8266666666666667,0.14851063829787237,2.198573228947952,2.922229087099182,0.04541899192371286,0.04724075354303492,0.14242424242424245,0.0
none,0.0,28,di_normalized,0.9233687405159332,0.8454258675078864,0.13768224060022172,2.481772268306403,3.0116405171350844,0.049254947719100745,0.024577428275146897,0.05075757575757578,0.0
none,0.0,28,di_normalized_auto,0.919195751138088,0.8296529968454258,0.1455243081191132,2.435790899689982,3.007147418198607,0.05071078410751582,0.020412201866574477,0.05075757575757578,0.0
none,0.0,28,di_cqr_auto,0.9275417298937785,0.9032258064516129,0.04862604540023896,2.378390285727369,2.757816688518419,0.03147034854775304,0.02799660099089756,0.04318181818181821,0.0
none,0.0,28,region_mondrian,0.960546282245827,0.8851851851851852,0.10772261623325452,3.117600127538833,3.294692197775842,0.0675630291281623,0.060548450282290577,0.08484848484848484,0.0
none,0.0,28,di_mondrian,0.9609256449165402,0.8927444794952681,0.10725552050473186,3.0374802169308746,3.270158565405718,0.07090691752045306,0.06093443945154973,0.09239543726235744,0.0
none,0.0,28,cqr,0.9119878603945372,0.8888888888888888,0.04814814814814816,2.312539160914596,2.748517001067731,0.020388149089279932,0.017219437723239993,0.04318181818181821,0.0
none,0.0,28,di_cqr,0.970030349013657,0.9498207885304659,0.04680083309115568,3.0751072298342326,3.2296944066060598,0.07131021510570532,0.07435274801244382,0.09242424242424241,0.0
none,0.0,28,localized,0.9025037936267072,0.7949526813880127,0.17126353482820356,2.3358729732330215,2.9678317703923494,0.04816003035689608,0.030650132503744675,0.08939393939393947,0.0
none,0.0,28,localized_cqr,0.911608497723824,0.8701298701298701,0.0699332213527798,2.2913104699181446,2.727792342720916,0.027901009757449257,0.015553635211429861,0.02803030303030296,0.0
none,0.0,28,geo_localized,0.8960546282245827,0.8402777777777778,0.14553782505910162,2.2813328633777976,2.92648566740776,0.043394743262119395,0.03231737527364904,0.0553030303030303,0.0
none,0.0,28,weighted_oracle,0.9100910470409712,0.7728706624605678,0.20585274179475133,2.4157632303922307,3.073453233239988,0.06031763866998851,0.03277566539923954,0.078030303030303,0.0
none,0.0,28,weighted_estimated,0.9047799696509864,0.7570977917981072,0.2216256124572119,2.377053193823511,3.081586631890948,0.06361338275185364,0.03246687406383225,0.09696969696969704,0.0
none,0.0,28,width_matched_global,0.9590288315629742,0.8738170347003155,0.12618296529968454,3.0751072298342326,3.3156076234297496,0.07253624432918827,0.059046261089987326,0.09239543726235744,0.0
none,0.0,29,split,0.8805007587253414,0.7953020134228188,0.14441429863391875,2.2497406527343755,3.1206107543182853,0.045524703249276564,0.04837308445673464,0.16515151515151516,0.0
none,0.0,29,normalized,0.868361153262519,0.825503355704698,0.07834279814145584,2.1586192843247103,2.9327825816438624,0.04093411952414207,0.05445356607904135,0.14621212121212124,0.0
none,0.0,29,di_normalized,0.8584977238239757,0.7684563758389261,0.14161556660711705,2.142937717183471,3.0618011182420326,0.06555830807960997,0.04405807120636018,0.08939393939393947,0.0
none,0.0,29,di_normalized_auto,0.8763277693474962,0.7885906040268457,0.1404874101575515,2.204178429803891,3.079260905499798,0.04885029177567014,0.034575699965433804,0.11590909090909096,0.0
none,0.0,29,di_cqr_auto,0.9169195751138088,0.8489932885906041,0.09639920287697268,2.7675476988435723,3.267324578783692,0.03761693236241459,0.02853036064062677,0.06197718631178706,0.0
none,0.0,29,region_mondrian,0.9267830045523521,0.8355704697986577,0.15774056699063999,2.7144755760795665,3.2406668608611082,0.06124317757855263,0.0542461689134693,0.09318181818181825,0.0
none,0.0,29,di_mondrian,0.9066767830045523,0.8154362416107382,0.1420105668999001,2.4210410589071403,3.0640246543549514,0.039737870929463764,0.037163267657564225,0.09696969696969704,0.0
none,0.0,29,cqr,0.8877086494688923,0.8154362416107382,0.12313031129028562,2.533579745882784,3.262129188396196,0.042698356920309675,0.02540701693743519,0.07424242424242422,0.0
none,0.0,29,di_cqr,0.9157814871016692,0.8523489932885906,0.09645646746226266,2.749688694256427,3.2595201271241945,0.039324258653456304,0.02534796635557087,0.06197718631178706,0.0
none,0.0,29,localized,0.8732928679817906,0.7919463087248322,0.14422390404112528,2.2068432433940584,3.0906415362748634,0.04795135513328954,0.051561239774167524,0.1765151515151515,0.0
none,0.0,29,localized_cqr,0.8869499241274659,0.8120805369127517,0.12648601598827214,2.5254884768561956,3.2782130361384936,0.04345699934602682,0.02540701693743519,0.078030303030303,0.0
none,0.0,29,geo_localized,0.8789833080424886,0.7953020134228188,0.14086819934313866,2.2284985887039785,3.1213318315438037,0.04539376888419293,0.04814638783269961,0.16515151515151516,0.0
none,0.0,29,weighted_oracle,0.8782245827010622,0.7885906040268457,0.1475796087391118,2.222871819994274,3.1261426925183464,0.04713542357386755,0.048903963590275365,0.16515151515151516,0.0
none,0.0,29,weighted_estimated,0.8801213960546282,0.7953020134228188,0.14086819934313866,2.2446339436286125,3.12318480166658,0.04519511564263297,0.04799285631985252,0.16515151515151516,0.0
none,0.0,29,width_matched_global,0.9343702579666161,0.8422818791946308,0.1435337236422486,2.749688694256428,3.1718432473635962,0.052661731238260755,0.05501382647770479,0.08098859315589346,0.0
mild,2.0,0,split,0.7518968133535661,0.5317919075144508,0.43132284658390985,2.111708118855408,7.7719893528014925,0.19043436031167144,0.173914333448554,0.65,0.0
mild,2.0,0,normalized,0.8547040971168437,0.6445086705202312,0.3186060835781295,2.9146870728951515,6.239595910928824,0.10889970455791245,0.08302079732688099,0.47575757575757577,0.0
mild,2.0,0,di_normalized,0.797040971168437,0.5838150289017341,0.35061120060646267,2.4746350544841293,5.324895475145502,0.14197997288074687,0.10810116372854014,0.3621212121212122,0.0
mild,2.0,0,di_normalized_auto,0.8103186646433991,0.6271676300578035,0.2802397773496039,2.635522042546374,4.6246656736822835,0.12458528578154657,0.08969063256135501,0.22575757575757582,0.0
mild,2.0,0,di_cqr_auto,0.8755690440060698,0.6820809248554913,0.3086883059137394,2.7972958839368673,4.883973589457794,0.0825858552079687,0.04729289088604675,0.31666666666666665,0.0
mild,2.0,0,region_mondrian,0.8478755690440061,0.5317919075144508,0.43262090387344954,2.959032843538942,7.050957534170564,0.1395767447454945,0.08935850904482083,0.562878787878788,0.0
mild,2.0,0,di_mondrian,0.8285280728376327,0.6445086705202312,0.26365459478589126,2.7947720233575506,6.31113024343007,0.1087944201019188,0.12181645350846873,0.525,0.0
mild,2.0,0,cqr,0.855083459787557,0.661849710982659,0.3196887505558026,2.645403702757825,5.044416853988264,0.09109574490363072,0.07226091715635442,0.3507575757575758,0.0
mild,2.0,0,di_cqr,0.9017450682852808,0.7023121387283237,0.29153401511783017,3.0000892283638074,4.84500369465741,0.07770973980686254,0.0621004724046549,0.3015151515151515,0.0
mild,2.0,0,localized,0.776176024279211,0.63003663003663,0.28688644688644693,2.3109965052284838,5.771473904273651,0.1569598631984445,0.12962150017283097,0.5022727272727273,0.0
mild,2.0,0,localized_cqr,0.8353566009104704,0.661849710982659,0.3227656736327257,2.652312232709267,4.90451462284124,0.10928830426041258,0.06999827169028691,0.33939393939393947,0.0
mild,2.0,0,geo_localized,0.7435508345978755,0.5202312138728323,0.38960485170093817,2.0474273147273974,7.5160124634270495,0.1947953276626195,0.1607973268809771,0.6234848484848485,0.0
mild,2.0,0,weighted_oracle,0.9628224582701063,0.9017341040462428,0.09826589595375723,9.297183777594217,9.794726272411413,0.07203262561218812,0.07360899873257289,0.0962121212121212,0.0
mild,2.0,0,weighted_estimated,0.8755690440060698,0.6705202312138728,0.3253814081303895,3.6128139718697443,6.3010141358551195,0.11113666436612299,0.10892067058416868,0.49469696969696975,0.0
mild,2.0,0,width_matched_global,0.8516691957511381,0.6242774566473989,0.3675258220411257,3.0000892283638074,6.956223667394147,0.1271275246661317,0.12195298997580366,0.6045454545454545,0.0
mild,2.0,1,split,0.6179817905918058,0.2861111111111111,0.6209927140255009,1.8448087754663764,8.184603195787297,0.31219334487810324,0.2929735568613896,0.6348484848484849,0.0
mild,2.0,1,normalized,0.9506828528072838,0.8587360594795539,0.1412639405204461,4.761109054278864,5.1724235645179695,0.0696484776580068,0.05065531743288396,0.09999999999999998,0.0
mild,2.0,1,di_normalized,0.6855083459787557,0.4,0.4814589665653495,2.1940090816408695,6.566288931832832,0.24332253024102285,0.21713964742481853,0.41330798479087455,0.0
mild,2.0,1,di_normalized_auto,0.6984066767830045,0.45555555555555555,0.4078324225865209,2.394339180788824,6.0418601899596265,0.22365086591103803,0.20166493835695362,0.3220532319391636,0.0
mild,2.0,1,di_cqr_auto,0.9465098634294385,0.8773234200743495,0.12267657992565051,5.024314504578254,5.303255706790212,0.06092027658392538,0.053035487959442316,0.08863636363636362,0.0
mild,2.0,1,region_mondrian,0.7484825493171472,0.2861111111111111,0.6951973001038422,2.781763221270626,7.192992508992943,0.25178582993868154,0.1673130544993663,0.49469696969696975,0.0
mild,2.0,1,di_mondrian,0.8368740515933232,0.6222222222222222,0.318216649251132,3.421600540255988,5.015463836147762,0.10310136182720249,0.0920601451780159,0.18136882129277565,0.0
mild,2.0,1,cqr,0.90402124430956,0.7286245353159851,0.2658199091284593,4.378701892477793,5.034326442024053,0.07779266707611328,0.03754176748473327,0.0696969696969697,0.0
mild,2.0,1,di_cqr,0.9552352048558422,0.8996282527881041,0.1003717472118959,5.204935271618746,5.424483060537961,0.06384052683364796,0.055229577140223515,0.09242424242424241,0.0
mild,2.0,1,localized,0.706752655538695,0.325,0.6081306990881459,2.294377914585877,6.8988345967041695,0.2442431746539855,0.20571840073741215,0.45681818181818185,0.0
mild,2.0,1,localized_cqr,0.9032625189681336,0.7286245353159851,0.2602643535729038,4.28195839765723,5.073224267808382,0.0766035784963235,0.04057207051503629,0.07348484848484849,0.0
mild,2.0,1,geo_localized,0.6946130500758725,0.3416666666666667,0.5545081967213115,2.2248576953248307,7.087017924204904,0.24985530887392035,0.2140747782002535,0.47575757575757577,0.0
mild,2.0,1,weighted_oracle,0.951062215477997,0.8710691823899371,0.12893081761006286,23.323805936373567,23.88566126174919,0.06548670191453587,0.05300812305565158,0.09999999999999998,0.0
mild,2.0,1,weighted_estimated,0.9283004552352049,0.8698884758364313,0.12707201048575723,8.579742747696734,9.180312148464585,0.05005895992002663,0.05831374582325153,0.09999999999999998,0.0
mild,2.0,1,width_matched_global,0.947268588770865,0.7083333333333334,0.2886271529888551,5.204935271618745,5.645303334126182,0.10233026069853135,0.07298335061643046,0.11212121212121218,0.0
mild,2.0,2,split,0.6832321699544764,0.04155124653739612,0.9296421691004639,2.1974558384980325,11.128219357191325,0.32691034292148957,0.24171736375158429,0.8886363636363637,0.0
mild,2.0,2,normalized,0.7993171471927162,0.2880886426592798,0.6610638997136016,3.3043834598652264,6.721645079799737,0.2102896544420721,0.11858768291277799,0.6651515151515152,0.0
mild,2.0,2,di_normalized,0.8440819423368741,0.6987577639751553,0.2724356516627048,3.4179847563290795,5.096397202236037,0.10370219714856557,0.067897799285632,0.29015151515151516,0.0
mild,2.0,2,di_normalized_auto,0.8748103186646434,0.7515527950310559,0.19581562602157565,4.066900439152615,4.971631645469323,0.07243925259059569,0.04551906901716789,0.14242424242424245,0.0
mild,2.0,2,di_cqr_auto,0.8171471927162367,0.2770083102493075,0.6900698790511041,3.3002314022457013,6.889859632227218,0.21222942497974784,0.13847044590390598,0.6727272727272727,0.0
mild,2.0,2,region_mondrian,0.7902124430955993,0.04155124653739612,0.9273928528414859,3.0961174628996204,10.3627425000981,0.29188854815356513,0.19874524714828898,0.8848484848484849,0.0
mild,2.0,2,di_mondrian,0.8095599393019727,0.23545706371191136,0.7275058992510516,3.43707828620345,7.274527991413986,0.22617839485633529,0.14202442677727847,0.7295454545454546,0.0
mild,2.0,2,cqr,0.7822458270106222,0.18559556786703602,0.7897130741082726,2.9435724855839918,7.651579624127733,0.2473773405928067,0.15842983062564814,0.7674242424242425,0.0
mild,2.0,2,di_cqr,0.8444613050075872,0.3462603878116344,0.6208178014887772,3.5690920048801114,6.402438042125731,0.1894359107172376,0.12634779352459963,0.6007575757575758,0.0
mild,2.0,2,localized,0.7640364188163885,0.2077562326869806,0.7469762776010852,2.753102328894332,7.841675253595095,0.2467042680924241,0.16874006221914967,0.7598484848484849,0.0
mild,2.0,2,localized_cqr,0.8129742033383915,0.33240997229916897,0.6346682170012425,3.1751503375252605,6.254244033268221,0.19440384202079852,0.12545224104159464,0.6348484848484849,0.0
mild,2.0,2,geo_localized,0.7166160849772383,0.07756232686980609,0.8771701834182597,2.414295408007233,10.371327181603972,0.30389964879675335,0.21312305565157277,0.8621212121212122,0.0
mild,2.0,2,weighted_oracle,0.970030349013657,0.9166666666666666,0.08333333333333337,12.561204294006927,13.040071333853296,0.07676771075248619,0.09322733033759648,0.11590909090909096,0.0
mild,2.0,2,weighted_estimated,0.8645675265553869,0.3628808864265928,0.6371191135734072,5.6796321985470195,8.97242186557812,0.1903052170624655,0.1669256250720129,0.5515151515151515,0.0
mild,2.0,2,width_matched_global,0.8053869499241275,0.13573407202216067,0.8642659279778393,3.5690920048801122,9.148530009316687,0.26555334988443635,0.21013336789952758,0.8204545454545454,0.0
mild,2.0,3,split,0.7860394537177542,0.456973293768546,0.5067363836508089,2.5454908917049193,5.493981679752941,0.18459118060127955,0.16052915082382765,0.4643939393939394,0.0
mild,2.0,3,normalized,0.8395295902883156,0.685459940652819,0.27824973676653586,2.7384833797149675,4.482444585971836,0.10923501403095089,0.08633223873718171,0.21818181818181825,0.0
mild,2.0,3,di_normalized,0.8748103186646434,0.6528189910979229,0.3229874605149804,3.015099796131521,4.212725457445562,0.09621713697697286,0.04191899988477936,0.11673003802281368,0.0
mild,2.0,3,di_normalized_auto,0.8937784522003035,0.771513353115727,0.20383875956032937,3.3209826219564906,4.158575583387619,0.0650941117782853,0.030351999078234815,0.05969581749049435,0.0
mild,2.0,3,di_cqr_auto,0.9294385432473444,0.7665369649805448,0.21233627445607495,3.7024797306619055,4.241679081094565,0.06862489924681818,0.03868273994699849,0.07727272727272727,0.0
mild,2.0,3,region_mondrian,0.8649468892261002,0.6646884272997032,0.3111180243132,3.2727619607395257,4.96317712636032,0.10481848694341443,0.10422629335176863,0.31287878787878787,0.0
mild,2.0,3,di_mondrian,0.8865705614567526,0.6706231454005934,0.3159989281780019,3.2651148471482077,4.5831262021826555,0.09236960459122295,0.06356060606060607,0.18787878787878787,0.0
mild,2.0,3,cqr,0.8676024279210925,0.7470817120622568,0.20838387498227762,3.1394233429333958,4.29882403199417,0.06798410160461502,0.05872191496716215,0.21439393939393947,0.0
mild,2.0,3,di_cqr,0.9358877086494689,0.7859922178988327,0.19992327505891383,3.767301529426228,4.292631172332387,0.06893258267643891,0.04544964857702498,0.08098859315589346,0.0
mild,2.0,3,localized,0.8167678300455236,0.5667655786350149,0.4130731310424045,2.543848007259381,4.779428723468424,0.13782455201135446,0.12829041364212465,0.4075757575757576,0.0
mild,2.0,3,localized_cqr,0.8782245827010622,0.754863813229572,0.2088458641897829,3.1805873143148125,4.239927994357731,0.062369707386823646,0.0468806890194723,0.18409090909090908,0.0
mild,2.0,3,geo_localized,0.7924886191198786,0.49258160237388726,0.4388700105293385,2.477474273217222,5.063093994845186,0.16006901642782118,0.13484733264200943,0.33346007604562744,0.0
mild,2.0,3,weighted_oracle,0.9195751138088012,0.7507418397626113,0.24925816023738867,7.614474496374256,8.425338180567271,0.07775444809422379,0.07315272496831433,0.10912547528517114,0.0
mild,2.0,3,weighted_estimated,0.8805007587253414,0.6409495548961425,0.35905044510385753,3.4244186300426667,4.886250707471682,0.10665415057045269,0.10232947344164074,0.26742424242424245,0.0
mild,2.0,3,width_matched_global,0.909711684370258,0.6943620178041543,0.3056379821958457,3.767301529426228,4.941692743795615,0.09281068483830758,0.08828695702269848,0.203030303030303,0.0
mild,2.0,4,split,0.7033383915022762,0.4329608938547486,0.5006490646514754,1.9451242981664918,5.955815752038273,0.23241960867117267,0.20790816914391058,0.42091254752851714,0.0
mild,2.0,4,normalized,0.8971927162367223,0.7756653992395437,0.19081504768783064,3.546500554590134,4.258753380657354,0.0552737344157442,0.05528344279294849,0.11212121212121218,0.0
mild,2.0,4,di_normalized,0.8254931714719271,0.7160883280757098,0.2557426578397832,2.643796974862414,4.7029176176912175,0.11295079113893237,0.10201952989975802,0.22575757575757582,0.0
mild,2.0,4,di_normalized_auto,0.7408952959028832,0.5418994413407822,0.3917105171654419,2.0996427596604694,5.321446125524784,0.18914291246197423,0.165520797326881,0.3258555133079848,0.0
mild,2.0,4,di_cqr_auto,0.9142640364188164,0.8801261829652997,0.07457764978731363,2.964132784346431,3.8232045444260088,0.027155437419476555,0.022217997465145755,0.07348484848484849,0.0
mild,2.0,4,region_mondrian,0.7287556904400607,0.4329608938547486,0.5112899772253907,2.157043491994787,5.810270189369341,0.2230047975259114,0.1885251757114875,0.36969696969696975,0.0
mild,2.0,4,di_mondrian,0.8543247344461306,0.6759776536312849,0.3031164230237673,2.8895883872653836,4.375294312853503,0.09312531998146666,0.07080769673925569,0.13954372623574152,0.0
mild,2.0,4,cqr,0.9013657056145675,0.8517350157728707,0.10089656317449769,2.8565341971597533,3.8352269956049074,0.029401773104739147,0.030103698582786043,0.05833333333333335,0.0
mild,2.0,4,di_cqr,0.9165402124430956,0.8801261829652997,0.07806197034480489,2.990094448670214,3.8279205467691497,0.029854284044911045,0.024497926028344285,0.07348484848484849,0.0
mild,2.0,4,localized,0.7154779969650986,0.441340782122905,0.4436766394798824,2.044200834509003,5.649175769472303,0.21621363137013389,0.19089670468948036,0.39242424242424245,0.0
mild,2.0,4,localized_cqr,0.8896054628224582,0.8463687150837989,0.1013664765538318,2.7407227732801123,3.9145866822822044,0.030050321542113203,0.04033529208434152,0.10454545454545461,0.0
mild,2.0,4,geo_localized,0.7154779969650986,0.5464788732394367,0.38383471561073756,2.043278635712267,5.490865438345682,0.21475540262985748,0.195030821523217,0.4019011406844107,0.0
mild,2.0,4,weighted_oracle,0.858877086494689,0.7350157728706624,0.21934107360236665,19.375192972199923,20.74069330916381,0.08590703924282599,0.07749308676114759,0.16893939393939394,0.0
mild,2.0,4,weighted_estimated,0.8160091047040972,0.694006309148265,0.24790240454468104,14.54012185701746,16.82128442504593,0.11761407522276315,0.10090765065099667,0.2726235741444867,0.0
mild,2.0,4,width_matched_global,0.8448406676783005,0.6229050279329609,0.3604974616935951,2.990094448670214,4.687878717505956,0.11146341764241409,0.10249971194838117,0.18787878787878787,0.0
mild,2.0,5,split,0.83649468892261,0.6952054794520548,0.2654932105042771,2.7156858445696552,5.114329112946449,0.10170587242671274,0.10173781541652267,0.3583333333333334,0.0
mild,2.0,5,normalized,0.8933990895295902,0.7705479452054794,0.21768734891216768,3.636075556622799,5.197028334244826,0.0710444784928492,0.06614615739140456,0.10454545454545461,0.0
mild,2.0,5,di_normalized,0.9165402124430956,0.8273615635179153,0.16280237090831418,3.5492128085846284,4.178284374564495,0.05501993029831812,0.04666493835695357,0.09999999999999998,0.0
mild,2.0,5,di_normalized_auto,0.9165402124430956,0.8273615635179153,0.16280237090831418,3.5492128085846284,4.178284374564495,0.05501993029831812,0.04666493835695357,0.09999999999999998,0.0
mild,2.0,5,di_cqr_auto,0.9411987860394537,0.8253424657534246,0.17465753424657537,4.292155173749417,5.139035749217331,0.06985879756223312,0.05453911740983982,0.09999999999999998,0.0
mild,2.0,5,region_mondrian,0.8880880121396054,0.7568493150684932,0.24315068493150682,3.313180973549548,5.0648156752741285,0.08241950555812695,0.08790672888581633,0.3242424242424242,0.0
mild,2.0,5,di_mondrian,0.9408194233687405,0.7876712328767124,0.21232876712328763,3.6279425387066997,4.793404388521343,0.07567431079832325,0.06324547758958404,0.11212121212121218,0.0
mild,2.0,5,cqr,0.9131259484066768,0.7636986301369864,0.21885950939789733,3.7117012985738795,5.02695302983704,0.06608012394476218,0.054075642355110046,0.10075757575757582,0.0
mild,2.0,5,di_cqr,0.9465098634294385,0.8458904109589042,0.15410958904109584,4.4800793172702775,5.2511282037911124,0.06748444428906078,0.06335004032722662,0.09999999999999998,0.0
mild,2.0,5,localized,0.8474962063732928,0.660958904109589,0.2997397858467429,2.7262527232246567,4.8854165619067,0.09264853244830443,0.08823337942159236,0.3318181818181818,0.0
mild,2.0,5,localized_cqr,0.9112291350531108,0.7157534246575342,0.26680471487734947,3.6183109731028624,5.043290767667633,0.07728570055374961,0.05445875100818065,0.12348484848484853,0.0
mild,2.0,5,geo_localized,0.8387708649468892,0.636986301369863,0.32181519675747783,2.7009159622368637,5.051425957689333,0.112387396234575,0.09845633137458235,0.39621212121212124,0.0
mild,2.0,5,weighted_oracle,0.8892261001517451,0.8078175895765473,0.16595290222673142,9.3051858196451,10.359105957927664,0.06048642850735615,0.05497954833506165,0.16235741444866925,0.0
mild,2.0,5,weighted_estimated,0.8622913505311077,0.7191780821917808,0.24588741999162533,3.054700908948144,4.818062730198292,0.08459050740245092,0.08157765871644199,0.21818181818181825,0.0
mild,2.0,5,width_matched_global,0.966236722306525,0.8116438356164384,0.18835616438356162,4.4800793172702775,5.409796766675554,0.08872198855369323,0.08564005069708491,0.09999999999999998,0.0
mild,2.0,6,split,0.8205614567526556,0.6566265060240963,0.2878179384203481,2.4543581757632005,4.869853980810615,0.11663519396647684,0.114613722779122,0.32045454545454544,0.0
mild,2.0,6,normalized,0.8869499241274659,0.8012048192771084,0.15821547057796403,2.742698035220071,3.9209696854279246,0.0571366141657022,0.03692476091715635,0.11212121212121218,0.0
mild,2.0,6,di_normalized,0.8615326251896813,0.7220447284345048,0.21331648829553318,2.686683519241586,4.227607929404461,0.07880829504387235,0.05113751584283904,0.09391634980988595,0.0
mild,2.0,6,di_normalized_auto,0.8713960546282246,0.7348242811501597,0.2159003565309997,2.9014291453556016,4.206534612181701,0.07087633697456548,0.03831633828782118,0.07045454545454544,0.0
mild,2.0,6,di_cqr_auto,0.9351289833080425,0.8644578313253012,0.12125645438898458,3.8361577563453753,4.325887088707375,0.048158111763175054,0.03558964166378614,0.07338403041825092,0.0
mild,2.0,6,region_mondrian,0.858877086494689,0.6566265060240963,0.34337349397590367,2.988643747311114,4.934100918721248,0.11289790035952245,0.09207915658486002,0.27121212121212124,0.0
mild,2.0,6,di_mondrian,0.8877086494688923,0.7635782747603834,0.21505420387209517,2.8994430563439826,4.293983737532503,0.07435113079948327,0.05103612167300379,0.17272727272727273,0.0
mild,2.0,6,cqr,0.9411987860394537,0.8433734939759037,0.15091222030981066,3.810647717164808,4.370082867561421,0.059973738253161914,0.05001382647770478,0.08106060606060606,0.0
mild,2.0,6,di_cqr,0.9465098634294385,0.8825301204819277,0.11175559380378663,3.991913961102417,4.403527659964895,0.05538135839810996,0.04652465721857356,0.09239543726235744,0.0
mild,2.0,6,localized,0.8323216995447648,0.6964856230031949,0.22659130007372819,2.4564048607547453,4.508029121723371,0.09958251544562699,0.09193052194953337,0.26363636363636367,0.0
mild,2.0,6,localized_cqr,0.9051593323216995,0.7771084337349398,0.20289156626506022,3.3354607155661253,4.303409458927393,0.0574778873821383,0.04398432999193451,0.16136363636363638,0.0
mild,2.0,6,geo_localized,0.8050075872534143,0.6549520766773163,0.28949236776712817,2.310196545659496,5.0073888537407205,0.12822965300050815,0.12151342320543841,0.3356060606060606,0.0
mild,2.0,6,weighted_oracle,0.8831562974203339,0.7348242811501597,0.2419873130527388,14.882200697791351,16.40835690035715,0.09448819069347571,0.06420036870607215,0.11590909090909096,0.0
mild,2.0,6,weighted_estimated,0.862670713201821,0.7348242811501597,0.22671418038830182,3.2038545452064997,5.05207014519611,0.08768896537457688,0.08239802972692707,0.16893939393939394,0.0
mild,2.0,6,width_matched_global,0.9427162367223065,0.8373493975903614,0.16265060240963858,3.9919139611024175,4.747144610627124,0.07325668990443829,0.06031397626454661,0.08863636363636362,0.0
mild,2.0,7,split,0.7871775417298937,0.5783475783475783,0.3236132059661472,1.86948801202344,3.8710833911266653,0.14108569690772843,0.1325774858854707,0.3242424242424242,0.0
mild,2.0,7,normalized,0.8767071320182094,0.8025078369905956,0.16564502925144264,2.3976027201411285,3.346119896578053,0.05884015911336928,0.07064696393593733,0.1357414448669202,0.0
mild,2.0,7,di_normalized,0.8273899848254932,0.7407407407407407,0.1612200435729848,2.0370418760473568,3.4002946128669067,0.08814654797137249,0.07260341053116723,0.1547528517110266,0.0
mild,2.0,7,di_normalized_auto,0.8611532625189682,0.7961783439490446,0.10905041422089001,2.289403039468885,3.2796045327511023,0.05084210892259964,0.04855945385413065,0.08181818181818179,0.0
mild,2.0,7,di_cqr_auto,0.887329286798179,0.8068535825545171,0.17035439465346014,3.0457390456355333,4.068583315715631,0.0632461146699235,0.03687636824518954,0.10075757575757582,0.0
mild,2.0,7,region_mondrian,0.8247344461305007,0.5783475783475783,0.37247209378356916,2.160870321410763,3.808308755076636,0.13385379671795922,0.10208059684295426,0.26742424242424245,0.0
mild,2.0,7,di_mondrian,0.8319423368740516,0.7464387464387464,0.1453645322497782,2.1116724485278677,3.4987988962478394,0.07841055535200078,0.0859946422398894,0.19545454545454544,0.0
mild,2.0,7,cqr,0.8482549317147192,0.7383177570093458,0.2047021860105973,2.7511228935351983,4.239360579729047,0.08838962722044809,0.06622623574144486,0.19166666666666665,0.0
mild,2.0,7,di_cqr,0.9146433990895296,0.8525345622119815,0.14746543778801846,3.3361163307644213,4.042770547480124,0.050518603637726096,0.03124323078695702,0.06590909090909092,0.0
mild,2.0,7,localized,0.8133535660091047,0.7008547008547008,0.22398190045248878,1.9645930014412973,3.6413087325247204,0.10734632739568105,0.10512674271229408,0.2522727272727273,0.0
mild,2.0,7,localized_cqr,0.8311836115326252,0.7320872274143302,0.19928532160527768,2.6521516153320808,4.261051274589288,0.09824116670401865,0.07571033529208435,0.21439393939393947,0.0
mild,2.0,7,geo_localized,0.8163884673748103,0.7484076433121019,0.1502851671454145,1.9268196913962903,3.5939706265790745,0.09521460035691225,0.09731132618965319,0.23712121212121218,0.0
mild,2.0,7,weighted_oracle,0.8736722306525038,0.7720797720797721,0.17236467236467234,5.378352176036125,6.4620215634593325,0.05687542373000382,0.07138725659638209,0.13954372623574152,0.0
mild,2.0,7,weighted_estimated,0.8437025796661608,0.6780626780626781,0.2598458186693481,2.180380422725045,3.5828700348378324,0.08932441994472042,0.09754378384606524,0.23712121212121218,0.0
mild,2.0,7,width_matched_global,0.9552352048558422,0.8888888888888888,0.11111111111111116,3.336116330764421,3.7330871476248553,0.06451740939645069,0.06934353036064062,0.0962121212121212,0.0
mild,2.0,8,split,0.7488619119878603,0.5434173669467787,0.4344424116510073,2.1515787898064573,5.231774321931566,0.1945607380157792,0.15745535199907823,0.4303030303030303,0.0
mild,2.0,8,normalized,0.8990895295902883,0.7638483965014577,0.21908675708215997,3.510622062681077,4.639033142784329,0.0671938230002841,0.04952097015785227,0.12348484848484853,0.0
mild,2.0,8,di_normalized,0.8254931714719271,0.7282229965156795,0.24225670828136847,2.7062781422257376,4.1465934236445925,0.10141581781738543,0.08015237930637173,0.13954372623574152,0.0
mild,2.0,8,di_normalized_auto,0.8254931714719271,0.7282229965156795,0.24225670828136847,2.7062781422257376,4.1465934236445925,0.10141581781738543,0.08015237930637173,0.13954372623574152,0.0
mild,2.0,8,di_cqr_auto,0.9059180576631259,0.8075801749271136,0.17535497865650407,3.6401160185951023,4.7116315718221315,0.05483997459565983,0.04731737527364904,0.13484848484848488,0.0
mild,2.0,8,region_mondrian,0.7822458270106222,0.5434173669467787,0.39585388811395006,2.439562593714436,5.060960175188503,0.17859217176044723,0.1278609286784192,0.4416666666666667,0.0
mild,2.0,8,di_mondrian,0.8524279210925645,0.6778711484593838,0.3147487777398782,2.791772160108231,4.352885782056167,0.10184144645329231,0.06006682797557321,0.21060606060606057,0.0
mild,2.0,8,cqr,0.879742033383915,0.7638483965014577,0.2213914558970662,3.3817480891695832,4.813896181311551,0.07565608961842518,0.06409148519414679,0.19166666666666665,0.0
mild,2.0,8,di_cqr,0.9203338391502276,0.8425655976676385,0.1471954944825321,3.825940314044568,4.693821504133404,0.052451372046416915,0.044754868072358546,0.10075757575757582,0.0
mild,2.0,8,localized,0.7659332321699545,0.4481792717086835,0.5186103961879955,2.223778911275974,5.296800573822892,0.19610888429059373,0.146664074202097,0.471969696969697,0.0
mild,2.0,8,localized_cqr,0.8406676783004552,0.6274509803921569,0.3577888720063671,2.9191934600947267,5.826376744742156,0.11725197950317913,0.09403877174789722,0.31287878787878787,0.0
mild,2.0,8,geo_localized,0.7647951441578149,0.5378151260504201,0.3986255519156815,2.219538525777984,4.934980732716198,0.17766852701911284,0.1460686715059339,0.41515151515151516,0.0
mild,2.0,8,weighted_oracle,0.8524279210925645,0.759581881533101,0.22770625406011935,9.510007633836967,10.809535757453414,0.09159442383699923,0.07041594653761954,0.16136363636363638,0.0
mild,2.0,8,weighted_estimated,0.8437025796661608,0.759581881533101,0.22770625406011935,8.278627856257126,9.73244099296512,0.09539390703761651,0.0847413296462726,0.1803030303030303,0.0
mild,2.0,8,width_matched_global,0.9366464339908953,0.8067226890756303,0.19327731092436973,3.825940314044568,4.618008543235614,0.07569627052283466,0.07298335061643045,0.10454545454545461,0.0
mild,2.0,9,split,0.8744309559939302,0.7325227963525835,0.25683890577507607,2.5516612061412816,3.8805229828427663,0.08000976094823746,0.07439019472289436,0.2333333333333334,0.0
mild,2.0,9,normalized,0.9260242792109257,0.8586572438162544,0.1307044583114052,2.906347053015743,3.4874743377918755,0.04825563628685928,0.027315358912317057,0.07348484848484849,0.0
mild,2.0,9,di_normalized,0.8907435508345979,0.7477203647416414,0.22745694022289764,2.580470786634841,3.5769347026345026,0.06886953506937088,0.020489111648807446,0.04015151515151516,0.0
mild,2.0,9,di_normalized_auto,0.8926403641881638,0.7944785276073619,0.1842448766479572,2.684151024887828,3.6394394501538345,0.05997616937956927,0.03244642239889389,0.07727272727272727,0.0
mild,2.0,9,di_cqr_auto,0.9226100151745068,0.8650306748466258,0.11658697221219771,2.7052793534485557,3.1850914710508755,0.04259351133730918,0.03034364558128815,0.05075757575757578,0.0
mild,2.0,9,region_mondrian,0.8956752655538694,0.7898089171974523,0.19499351441349,2.8981197952541415,3.966158720782892,0.08097994566801321,0.038971943772324005,0.15000000000000002,0.0
mild,2.0,9,di_mondrian,0.9093323216995448,0.8159509202453987,0.1734107818822609,2.859550171246823,3.691036870086203,0.04979580182856652,0.03983638668049312,0.08181818181818179,0.0
mild,2.0,9,cqr,0.8941578148710166,0.8098159509202454,0.16077228437387225,2.526917085162835,3.221511075952316,0.048063212814817104,0.04058503283788454,0.07424242424242422,0.0
mild,2.0,9,di_cqr,0.9677541729893778,0.9271844660194175,0.07281553398058249,3.2996005257711745,3.4691779863648873,0.07224966223710035,0.06776846410876827,0.08484848484848484,0.0
mild,2.0,9,localized,0.8490136570561456,0.7142857142857143,0.2786220871327254,2.376977357821654,3.892459196451067,0.09338455989989075,0.0770532319391635,0.24469696969696975,0.0
mild,2.0,9,localized_cqr,0.8922610015174507,0.8098159509202454,0.1534193431974017,2.5171163605997404,3.219264870611745,0.04716338966952249,0.04217882244498213,0.078030303030303,0.0
mild,2.0,9,geo_localized,0.8463581183611533,0.6932515337423313,0.28547187051298784,2.3430562504436936,3.9777877023723924,0.1002657120712049,0.08955899297154049,0.3053030303030303,0.0
mild,2.0,9,weighted_oracle,0.958649468892261,0.8996960486322189,0.10030395136778114,8.353881386921737,8.672908971335312,0.06693268332610146,0.0636631524369167,0.09242424242424241,0.0
mild,2.0,9,weighted_estimated,0.8858118361153262,0.7507598784194529,0.2421479229989868,2.6470923706711353,3.862000383453052,0.07275578087631535,0.06787216269155436,0.22196969696969704,0.0
mild,2.0,9,width_matched_global,0.9393019726858877,0.8601823708206687,0.13981762917933127,3.299600525771175,3.951172439475217,0.06319670777477615,0.059173291853900224,0.09696969696969704,0.0
mild,2.0,10,split,0.6984066767830045,0.4783950617283951,0.43669927789424645,1.7948705987859597,4.91219481798924,0.2312493779274033,0.20403329876713908,0.4681818181818182,0.0
mild,2.0,10,normalized,0.7522761760242792,0.558641975308642,0.37056156451436684,2.003087680725541,4.142534242742717,0.18717974629538955,0.16033356377462843,0.4037878787878788,0.0
mild,2.0,10,di_normalized,0.7716236722306525,0.5709876543209876,0.3299557419054274,2.1131797397002305,3.9441908509771717,0.15120485869687822,0.1283457195529439,0.21439393939393947,0.0
mild,2.0,10,di_normalized_auto,0.802731411229135,0.5925925925925926,0.29891684136967156,2.32287419574401,3.722401943863805,0.12241393048129691,0.0972519875561701,0.1575757575757576,0.0
mild,2.0,10,di_cqr_auto,0.9264036418816388,0.8421052631578947,0.13320337881741395,3.534888830742701,4.043767347067899,0.04866414282044605,0.06169835234474016,0.0962121212121212,0.0
mild,2.0,10,region_mondrian,0.7492412746585736,0.4783950617283951,0.49067710322005853,2.0993223848474014,4.872103094443033,0.22721765857663287,0.15957310750086418,0.4681818181818182,0.0
mild,2.0,10,di_mondrian,0.8266312594840668,0.6882716049382716,0.2551246214768228,2.4409465924388662,3.8168642557027366,0.10142360854607298,0.08369743057955989,0.29772727272727273,0.0
mild,2.0,10,cqr,0.870257966616085,0.7302631578947368,0.23433861201676753,2.7227051766196815,3.683811027735817,0.07851611360973416,0.04997234704459038,0.21060606060606057,0.0
mild,2.0,10,di_cqr,0.936267071320182,0.8782894736842105,0.103192007797271,3.9462047286386626,4.3894429596818085,0.05102968104706022,0.059408341974881894,0.09999999999999998,0.0
mild,2.0,10,localized,0.7420333839150227,0.4876543209876543,0.45574190542744003,2.0076599192436384,4.471730345326238,0.1972235463068055,0.1649821407996313,0.3810606060606061,0.0
mild,2.0,10,localized_cqr,0.8611532625189682,0.7203947368421053,0.23830732805464983,2.6454526780784726,3.6966278114102193,0.08210078792238208,0.053009851365364694,0.21439393939393947,0.0
mild,2.0,10,geo_localized,0.7207890743550834,0.49691358024691357,0.4343578974163167,1.9197831989180076,4.59714252897537,0.21672858949878968,0.18164448669201522,0.5325757575757576,0.0
mild,2.0,10,weighted_oracle,0.9013657056145675,0.8148148148148148,0.18518518518518523,11.98712954178934,12.566278314151669,0.047029951087696,0.0379536812996889,0.07490494296577954,0.0
mild,2.0,10,weighted_estimated,0.838391502276176,0.6697530864197531,0.33024691358024694,2.7534473542724913,4.166222493086509,0.10985181446256481,0.09222779122018665,0.3318181818181818,0.0
mild,2.0,10,width_matched_global,0.958649468892261,0.8518518518518519,0.14814814814814814,3.946204728638662,4.159487632788498,0.07857928392309298,0.08414218227906439,0.12727272727272732,0.0
mild,2.0,11,split,0.7477238239757208,0.3871866295264624,0.5890038466640137,2.2227610678391443,6.67404974719193,0.21920856618250534,0.1716943196220763,0.543939393939394,0.0
mild,2.0,11,normalized,0.8611532625189682,0.7804878048780488,0.15262256301492783,3.116675045315096,4.658502146055505,0.06146918735822902,0.05204574259707341,0.09011406844106462,0.0
mild,2.0,11,di_normalized,0.8531866464339909,0.6852367688022284,0.27666799310253354,3.0292956692547004,4.894668207563674,0.10130597899573934,0.0470278833967047,0.12348484848484853,0.0
mild,2.0,11,di_normalized_auto,0.8531866464339909,0.6852367688022284,0.27666799310253354,3.0292956692547004,4.894668207563674,0.10130597899573934,0.0470278833967047,0.12348484848484853,0.0
mild,2.0,11,di_cqr_auto,0.9100910470409712,0.7632311977715878,0.22021251083768378,3.904352232090019,5.488454225646745,0.07430055697317896,0.03177583823021083,0.10833333333333339,0.0
mild,2.0,11,region_mondrian,0.8224582701062215,0.3871866295264624,0.5962570790828092,3.02899833674062,6.153041684706258,0.18499368594774657,0.1336579675077774,0.4871212121212121,0.0
mild,2.0,11,di_mondrian,0.8842943854324734,0.6518105849582173,0.32838743484376287,3.2453593930474725,5.146259373589562,0.10332731177645539,0.043371356147021554,0.13484848484848488,0.0
mild,2.0,11,cqr,0.8577389984825493,0.7003484320557491,0.275842044134727,3.11668193027813,5.734964967608494,0.10791887794904075,0.0605415370434382,0.13863636363636367,0.0
mild,2.0,11,di_cqr,0.9123672230652504,0.7632311977715878,0.2235237691158295,3.87762704072642,5.466835861233576,0.07389842811236845,0.03406152782578635,0.10833333333333339,0.0
mild,2.0,11,localized,0.8425644916540213,0.7,0.24761904761904763,2.923138323074429,4.606023869604412,0.08884165444183584,0.0768893305680378,0.2863636363636364,0.0
mild,2.0,11,localized_cqr,0.8930197268588771,0.7601351351351351,0.19350724897082516,3.803942418606699,4.749216294070594,0.05722617394528686,0.025561124553519988,0.051515151515151514,0.0
mild,2.0,11,geo_localized,0.7879362670713201,0.6518105849582173,0.2958084626608303,2.6312410574079133,4.967902391364856,0.14758474001681451,0.12617352229519532,0.43409090909090914,0.0
mild,2.0,11,weighted_oracle,0.9575113808801214,0.794425087108014,0.20557491289198604,12.566133589408018,12.993578483482244,0.08591272303758105,0.057508065445327786,0.09999999999999998,0.0
mild,2.0,11,weighted_estimated,0.9036418816388467,0.7019498607242339,0.2932882345138613,5.124813620697135,6.798241681745221,0.10031370745087341,0.06092493374812767,0.09318181818181825,0.0
mild,2.0,11,width_matched_global,0.9089529590288316,0.6434540389972145,0.35654596100278546,3.877627040726421,5.620079265065508,0.11434488009072641,0.08623516534162921,0.19545454545454544,0.0
mild,2.0,12,split,0.7185128983308042,0.525679758308157,0.4060471493223651,1.805204011703608,5.53109364774914,0.21957196407730406,0.1833267081460998,0.43409090909090914,0.0
mild,2.0,12,normalized,0.8748103186646434,0.7446808510638298,0.2130230764286174,2.8905154419713663,4.254428569012406,0.06296233684327018,0.04835320889503401,0.13954372623574152,0.0
mild,2.0,12,di_normalized,0.8050075872534143,0.6485714285714286,0.2711072862880092,2.364571961343389,4.352239467236329,0.11974538660346279,0.09505127318815533,0.2231939163498099,0.0
mild,2.0,12,di_normalized_auto,0.8050075872534143,0.6485714285714286,0.2711072862880092,2.364571961343389,4.352239467236329,0.11974538660346279,0.09505127318815533,0.2231939163498099,0.0
mild,2.0,12,di_cqr_auto,0.8990895295902883,0.7993920972644377,0.15455527115661494,3.2627197598119304,4.17977215528134,0.042598835509040985,0.027637688673810324,0.07870722433460076,0.0
mild,2.0,12,region_mondrian,0.8254931714719271,0.5371428571428571,0.46285714285714286,2.770427980136051,4.800426741455453,0.13847213766567545,0.09054643392095862,0.2079847908745247,0.0
mild,2.0,12,di_mondrian,0.8789833080424886,0.7854984894259819,0.1863890607748213,2.8238665052503586,4.036477215062111,0.07131091273534351,0.03580279986173522,0.10833333333333339,0.0
mild,2.0,12,cqr,0.8827769347496206,0.7750759878419453,0.1624240121580547,3.098657841847033,4.203773446310976,0.04858306268661893,0.03051705265583592,0.09391634980988595,0.0
mild,2.0,12,di_cqr,0.9468892261001517,0.8936170212765957,0.0900431094423585,4.179235059588489,4.491145854864088,0.054560946300628486,0.04689912432307867,0.08098859315589346,0.0
mild,2.0,12,localized,0.7534142640364189,0.5683890577507599,0.36333784987976225,1.9478961272840971,4.965792290568841,0.17854300579750648,0.14920123286092873,0.3068441064638784,0.0
mild,2.0,12,localized_cqr,0.8414264036418816,0.6413373860182371,0.2961626139817629,2.7588565759617345,4.80613810085673,0.10095466782133157,0.0629116257633368,0.16515151515151516,0.0
mild,2.0,12,geo_localized,0.7465857359635811,0.5714285714285714,0.3442340791738382,1.9595926290609753,4.919385807884795,0.17699287394753835,0.15345229865191845,0.3068441064638784,0.0
mild,2.0,12,weighted_oracle,0.9062974203338392,0.8,0.17991967871485937,8.879942174673841,9.762668907369282,0.05599354748523448,0.06064408341974883,0.10912547528517114,0.0
mild,2.0,12,weighted_estimated,0.8444613050075872,0.6948640483383686,0.2730074376054066,2.897818887899116,4.845851341393035,0.11134744392892247,0.0933388063140915,0.19924242424242422,0.0
mild,2.0,12,width_matched_global,0.9518209408194234,0.8670694864048338,0.13293051359516617,4.17923505958849,4.679015799694788,0.07691316936054271,0.06335292084341514,0.09619771863117865,0.0
mild,2.0,13,split,0.8281487101669196,0.7236467236467237,0.18665227967553544,2.2310069461738,3.868850003007772,0.09127957519732799,0.09924271229404312,0.21439393939393947,0.0
mild,2.0,13,normalized,0.9184370257966616,0.7818791946308725,0.21162729887562104,3.279717067044078,3.9292204114873814,0.06960702512611634,0.037396013365595095,0.07348484848484849,0.0
mild,2.0,13,di_normalized,0.8630500758725341,0.7348993288590604,0.19957360561387405,2.71515071729704,3.734573454539329,0.0691642249265718,0.0686654568498675,0.10075757575757582,0.0
mild,2.0,13,di_normalized_auto,0.879742033383915,0.7684563758389261,0.16886556148301124,3.2057053102671866,4.000479474336292,0.055864355567778724,0.04619944694089181,0.09999999999999998,0.0
mild,2.0,13,di_cqr_auto,0.9339908952959028,0.8422818791946308,0.14974999331532934,3.75968896517375,4.183064933729637,0.05528219858156261,0.039459039059799514,0.0695817490494296,0.0
mild,2.0,13,region_mondrian,0.8660849772382397,0.7236467236467237,0.2548015522153453,2.596588829671184,3.8874716149357678,0.08591438261442022,0.07062247954833507,0.21439393939393947,0.0
mild,2.0,13,di_mondrian,0.8774658573596358,0.7977207977207977,0.1291895012825245,2.571660468836933,3.6064552902267675,0.04985936453726734,0.05319967738218688,0.13863636363636367,0.0
mild,2.0,13,cqr,0.855083459787557,0.6879194630872483,0.25944895796538325,2.8655920028717747,4.276157446440408,0.0845640475252419,0.06364039635902755,0.09771863117870727,0.0
mild,2.0,13,di_cqr,0.9256449165402124,0.8288590604026845,0.15122062087221588,3.7123165170992367,4.172345586051477,0.05119859948604751,0.03802022122364327,0.054545454545454564,0.0
mild,2.0,13,localized,0.8224582701062215,0.7046979865771812,0.21088642900723442,2.2111332004356807,3.8984483017424068,0.10580961612682388,0.10492597073395553,0.2787878787878788,0.0
mild,2.0,13,localized_cqr,0.8694992412746586,0.714765100671141,0.2095376881734805,2.86533248929128,4.207294871196607,0.07298305537830464,0.06188299343242308,0.16893939393939394,0.0
mild,2.0,13,geo_localized,0.8387708649468892,0.7293447293447294,0.1667591667591667,2.288304285823467,3.851479834681355,0.0855081657700335,0.09089065560548451,0.21439393939393947,0.0
mild,2.0,13,weighted_oracle,0.883535660091047,0.8087248322147651,0.1485401250501922,9.097760379445802,10.00877128276745,0.052022825780343715,0.06921678764834657,0.13193916349809887,0.0
mild,2.0,13,weighted_estimated,0.8558421851289834,0.7550335570469798,0.15526544627527927,4.820469409084444,6.127715159055167,0.06806754827932032,0.07643536121673003,0.16235741444866925,0.0
mild,2.0,13,width_matched_global,0.9616843702579666,0.8791946308724832,0.12080536912751683,3.7123165170992363,4.009680988083067,0.07143739417058464,0.062143680147482415,0.0962121212121212,0.0
mild,2.0,14,split,0.8611532625189682,0.6895522388059702,0.2759650025733402,2.521250788625913,4.0908130596795536,0.09149636962478032,0.07181645350846873,0.19924242424242422,0.0
mild,2.0,14,normalized,0.9025037936267072,0.8345070422535211,0.14394123360854783,3.1440530736423273,3.9619494843128,0.039412788872031465,0.03686916695471829,0.06590909090909092,0.0
mild,2.0,14,di_normalized,0.866464339908953,0.7104477611940299,0.23724454649827786,2.576662263796175,3.868328040244644,0.08265546340445143,0.0414454430233898,0.07870722433460076,0.0
mild,2.0,14,di_normalized_auto,0.8964339908952959,0.808955223880597,0.1602755453501722,3.0782154637745105,4.010666140867289,0.06283790699832358,0.0282256020278834,0.08106060606060606,0.0
mild,2.0,14,di_cqr_auto,0.8820182094081942,0.7402985074626866,0.23996465043205029,2.9027064854741966,4.129505081398914,0.0705868740663961,0.03321436801474823,0.12348484848484853,0.0
mild,2.0,14,region_mondrian,0.8858118361153262,0.6895522388059702,0.31044776119402984,2.8523089153429018,4.205893636633746,0.0944671254717189,0.04815646963935938,0.13863636363636367,0.0
mild,2.0,14,di_mondrian,0.9104704097116844,0.7820895522388059,0.2056027554535017,3.0141728885472823,3.9655089416288205,0.06225645118722039,0.03815013250374466,0.07727272727272727,0.0
mild,2.0,14,cqr,0.8425644916540213,0.6567164179104478,0.32354673998428907,2.523093529397581,4.358011628761745,0.10842444705263259,0.0726627491646503,0.21818181818181825,0.0
mild,2.0,14,di_cqr,0.8983308042488619,0.7582089552238805,0.23192262372348793,2.9887183499322876,4.105539026189197,0.06943793447403657,0.03161625763336788,0.11590909090909096,0.0
mild,2.0,14,localized,0.8930197268588771,0.7910447761194029,0.17915389937728576,2.678269777367119,3.7619631743663193,0.05511049525317004,0.041497580366401665,0.08181818181818179,0.0
mild,2.0,14,localized_cqr,0.83649468892261,0.6567164179104478,0.31696779261586805,2.486412566736569,4.322453871291285,0.10502839283288722,0.0761533586818758,0.21060606060606057,0.0
mild,2.0,14,geo_localized,0.8463581183611533,0.7359154929577465,0.22434940770450518,2.4569838792004077,4.001887043812777,0.09170549041282396,0.0643366171217882,0.16893939393939394,0.0
mild,2.0,14,weighted_oracle,0.9582701062215478,0.8895522388059701,0.11044776119402988,6.376317029430969,6.777044861161237,0.0712875895103781,0.058258439912432305,0.09242424242424241,0.0
mild,2.0,14,weighted_estimated,0.9430955993930197,0.8059701492537313,0.19402985074626866,3.748203503661647,4.393168619017599,0.07447798538483096,0.04885297845373889,0.09242424242424241,0.0
mild,2.0,14,width_matched_global,0.9104704097116844,0.7611940298507462,0.22887219531481662,2.988718349932288,4.030145786041154,0.07147828649744578,0.05186859085148059,0.09318181818181825,0.0
mild,2.0,15,split,0.7655538694992413,0.4984709480122324,0.43167611081129703,2.0492882287401732,5.626035862624442,0.1709680765936194,0.15342090102546377,0.5401515151515152,0.0
mild,2.0,15,normalized,0.84597875569044,0.7346938775510204,0.2279229448788861,2.7071754181445153,4.402442776913389,0.08467031442458184,0.08462610899873256,0.2598484848484849,0.0
mild,2.0,15,di_normalized,0.8110773899848255,0.6775510204081633,0.23053721488595436,2.3206336792436084,4.365724345486513,0.11282650528869868,0.08888696854476323,0.21060606060606057,0.0
mild,2.0,15,di_normalized_auto,0.8110773899848255,0.6775510204081633,0.23053721488595436,2.3206336792436084,4.365724345486513,0.11282650528869868,0.08888696854476323,0.21060606060606057,0.0
mild,2.0,15,di_cqr_auto,0.891122913505311,0.8,0.19303135888501732,3.2346393109618914,4.414506083364399,0.06788665944464316,0.049883915197603414,0.24469696969696975,0.0
mild,2.0,15,region_mondrian,0.7773141122913505,0.4984709480122324,0.3949114049289441,2.1558655554836967,5.54967013033577,0.16511575381709423,0.14697286553750433,0.5325757575757576,0.0
mild,2.0,15,di_mondrian,0.8114567526555387,0.5596330275229358,0.42198461953588773,2.37028277630267,5.195760181133097,0.13570631536796873,0.12170324922226061,0.4871212121212121,0.0
mild,2.0,15,cqr,0.8418057663125948,0.6464285714285715,0.3187282229965156,2.7597179314397122,4.6742084147418295,0.11609000565060501,0.06876685101970274,0.2825757575757576,0.0
mild,2.0,15,di_cqr,0.9085735963581184,0.8107142857142857,0.18928571428571428,3.4338115186326967,4.390652169541717,0.062431891841513945,0.05119426201175249,0.21060606060606057,0.0
mild,2.0,15,localized,0.7465857359635811,0.5198776758409785,0.3698282065119626,1.92606582107151,5.5613553968576985,0.1816305936780935,0.15842954257402925,0.5363636363636364,0.0
mild,2.0,15,localized_cqr,0.8342185128983308,0.6535714285714286,0.293469069870939,2.707894516805349,4.688226482369186,0.12324745968133012,0.07081288166839499,0.3015151515151515,0.0
mild,2.0,15,geo_localized,0.7378603945371776,0.4984709480122324,0.3949114049289441,1.867719227449861,5.746498271053563,0.18998515162147764,0.1701950109459615,0.5477272727272727,0.0
mild,2.0,15,weighted_oracle,0.8368740515933232,0.5902140672782875,0.365668285662889,6.6944065853351855,8.675528224772638,0.11923458776316202,0.08919460767369511,0.29393939393939394,0.0
mild,2.0,15,weighted_estimated,0.7947647951441578,0.5382262996941896,0.41765605324698696,2.3282457117817144,5.3391417392577045,0.14666793158483313,0.1302759534508584,0.49469696969696975,0.0
mild,2.0,15,width_matched_global,0.8968133535660091,0.7614678899082569,0.23853211009174313,3.4338115186326967,4.800820424300995,0.06379039510160174,0.10591917271575065,0.328030303030303,0.0
mild,2.0,16,split,0.7511380880121397,0.423728813559322,0.545021186440678,2.4580063183540015,6.250320323699198,0.2091464413642432,0.1700890079502247,0.5818181818181818,0.0
mild,2.0,16,normalized,0.9036418816388467,0.8274760383386581,0.16646335560073577,3.6707054343962935,4.66954049418935,0.055775700364509996,0.05049083995852055,0.21818181818181825,0.0
mild,2.0,16,di_normalized,0.8455993930197269,0.6214689265536724,0.3451977401129943,2.935262373646054,4.3879934327399885,0.11270644911375585,0.054407189768406514,0.10454545454545461,0.0
mild,2.0,16,di_normalized_auto,0.8638088012139605,0.711864406779661,0.25480225988700567,3.284498811317939,4.317158545983465,0.08095521952693414,0.03725861274340363,0.0863117870722434,0.0
mild,2.0,16,di_cqr_auto,0.9275417298937785,0.802675585284281,0.19126380865511294,4.233855169853199,5.24792560809252,0.06550052959964044,0.07122882820601449,0.21818181818181825,0.0
mild,2.0,16,region_mondrian,0.789453717754173,0.423728813559322,0.5142877153662978,2.7106356939242597,5.856363521522931,0.17440093257542855,0.14162086645926952,0.5287878787878788,0.0
mild,2.0,16,di_mondrian,0.8361153262518968,0.6242937853107344,0.3575243965074474,2.9560164127725503,5.077207769676997,0.11520481971536072,0.07800265007489345,0.39242424242424245,0.0
mild,2.0,16,cqr,0.8660849772382397,0.6989966555183946,0.27979122326948414,3.419488167886443,5.399448002881629,0.0918441480066906,0.06883339094365708,0.3242424242424242,0.0
mild,2.0,16,di_cqr,0.9260242792109257,0.802675585284281,0.19126380865511294,4.19714860830061,5.222132809780953,0.06530363437807847,0.06971079617467449,0.21818181818181825,0.0
mild,2.0,16,localized,0.8372534142640364,0.7391304347826086,0.23662714097496707,2.8634913028384066,4.718982312424198,0.0939839172668925,0.06884750547298076,0.3090909090909091,0.0
mild,2.0,16,localized_cqr,0.8968133535660091,0.7625418060200669,0.2071551636769028,3.685756474458826,5.004226716375575,0.07140508272050397,0.056178995275953436,0.29015151515151516,0.0
mild,2.0,16,geo_localized,0.7621396054628224,0.6440677966101694,0.2567586496708223,2.4473821261255018,5.59978359675499,0.1545876919989126,0.15001757114874986,0.4113636363636364,0.0
mild,2.0,16,weighted_oracle,0.9935508345978755,0.9552845528455285,0.04471544715447151,11.93488954591907,11.974879007889749,0.09398462227602972,0.09355772554441753,0.09999999999999998,0.0
mild,2.0,16,weighted_estimated,0.891122913505311,0.7231638418079096,0.2707755521314843,3.6384740594306595,5.298005162122265,0.08129651712988352,0.09236000691323884,0.328030303030303,0.0
mild,2.0,16,width_matched_global,0.9222306525037937,0.7429378531073446,0.2570621468926554,4.197148608300609,5.405671691802515,0.08675143337687187,0.09798767139071321,0.3356060606060606,0.0
mild,2.0,17,split,0.783763277693475,0.5501432664756447,0.3996636833313051,2.0943098659741075,4.870628941141933,0.1588601139486833,0.13368072358566657,0.5666666666666667,0.0
mild,2.0,17,normalized,0.8630500758725341,0.7392550143266475,0.20139780466445034,2.50557398585735,3.9143391148478432,0.07791499678834247,0.05976379767254293,0.18787878787878787,0.0
mild,2.0,17,di_normalized,0.8744309559939302,0.7793696275071633,0.1858813377438019,2.6953857765923743,3.8637810522655855,0.05430600730028042,0.03498185274801245,0.1310606060606061,0.0
mild,2.0,17,di_normalized_auto,0.919195751138088,0.8485915492957746,0.1276695783006645,3.295471058504868,3.9583356360276873,0.04132600174418959,0.02397338403041823,0.07348484848484849,0.0
mild,2.0,17,di_cqr_auto,0.9165402124430956,0.8452722063037249,0.12298176195024335,3.300292149774717,4.234481587231973,0.041692590973302926,0.05459759188846641,0.12727272727272732,0.0
mild,2.0,17,region_mondrian,0.8425644916540213,0.5501432664756447,0.4216877194398483,2.83095571747382,4.905214473638252,0.15316318520208874,0.11355916580251182,0.5363636363636364,0.0
mild,2.0,17,di_mondrian,0.9400606980273141,0.8567335243553008,0.13940547178369533,3.4063600361234485,4.0639593985583025,0.05913090577659791,0.07359171563544187,0.12348484848484853,0.0
mild,2.0,17,cqr,0.8767071320182094,0.7765042979942693,0.17905125756128626,3.0218634807970886,4.24885335645528,0.051979743019468914,0.0428231939163498,0.18409090909090908,0.0
mild,2.0,17,di_cqr,0.954855842185129,0.9246861924686193,0.06047701227915525,4.0344448949160014,4.3995867060690745,0.057513312996114084,0.05485943081000113,0.09242424242424241,0.0
mild,2.0,17,localized,0.8152503793626708,0.5816618911174785,0.34884003938445207,2.249697486692264,4.3560597950341515,0.12358792193159022,0.09760657909897455,0.3545454545454546,0.0
mild,2.0,17,localized_cqr,0.8820182094081942,0.7650429799426934,0.19051257561286217,3.0128885371766128,4.12262212098279,0.055467450170190176,0.041836329070169355,0.19166666666666665,0.0
mild,2.0,17,geo_localized,0.8061456752655539,0.5186246418338109,0.42346030025113124,2.170560060064744,4.690301875105895,0.14416697868622266,0.10797874179052888,0.4075757575757576,0.0
mild,2.0,17,weighted_oracle,0.9320940819423369,0.8943661971830986,0.10563380281690138,10.523548769598191,11.174854468990622,0.04853652481939321,0.054226005300149795,0.09318181818181825,0.0
mild,2.0,17,weighted_estimated,0.909711684370258,0.7765042979942693,0.22349570200573066,4.516088015992758,5.570087280510302,0.06291760350640938,0.07635643507316511,0.2068181818181818,0.0
mild,2.0,17,width_matched_global,0.9533383915022762,0.8595988538681948,0.1404011461318052,4.034444894916001,4.596243988541476,0.07286483431315313,0.08686945500633712,0.12348484848484853,0.0
mild,2.0,18,split,0.7242033383915023,0.4625,0.5038865546218487,2.0403997476311195,6.812403196493713,0.2188124407279253,0.18130602603986637,0.6234848484848485,0.0
mild,2.0,18,normalized,0.8349772382397572,0.621875,0.3235031512605042,2.6959178475733916,4.885743991403996,0.11356314817936002,0.0844480930982832,0.43409090909090914,0.0
mild,2.0,18,di_normalized,0.8285280728376327,0.734375,0.23201155462184875,2.6652895201820033,4.370015475209868,0.10116396296015503,0.07350472404654915,0.2068181818181818,0.0
mild,2.0,18,di_normalized_auto,0.8698786039453718,0.7859649122807018,0.16781660032434031,3.056548646862017,4.063321099864359,0.05972028832977655,0.040844567346468484,0.09391634980988595,0.0
mild,2.0,18,di_cqr_auto,0.9127465857359636,0.7642857142857142,0.23258928571428572,3.5081620581418713,5.263952805717525,0.07242164246206416,0.05188040096785342,0.19545454545454544,0.0
mild,2.0,18,region_mondrian,0.7811077389984825,0.4625,0.4469202898550725,2.441508453039158,6.3536044106214735,0.17907037265857934,0.15020682106233435,0.5969696969696969,0.0
mild,2.0,18,di_mondrian,0.7867981790591806,0.5375,0.42888655462184877,2.419324926498081,5.804720113808883,0.16118300315853376,0.12579329415831317,0.5553030303030303,0.0
mild,2.0,18,cqr,0.9062974203338392,0.7642857142857142,0.2294642857142858,3.3957411210040833,5.274514069675158,0.07122417196819902,0.04589123170872218,0.19545454545454544,0.0
mild,2.0,18,di_cqr,0.9400606980273141,0.8214285714285714,0.1785714285714286,4.026858836791075,5.329212813957119,0.06902122593702255,0.07465952298651915,0.17272727272727273,0.0
mild,2.0,18,localized,0.7374810318664643,0.465625,0.48395483193277306,2.061123062797196,6.693812995540536,0.20972220334609729,0.1657699619771863,0.5818181818181818,0.0
mild,2.0,18,localized_cqr,0.8933990895295902,0.7392857142857143,0.22946428571428568,3.2534617482086325,5.310299466006884,0.07448015080694724,0.03874265468371931,0.19924242424242422,0.0
mild,2.0,18,geo_localized,0.7052352048558422,0.48125,0.45992647058823527,1.9275603859291532,6.782148880523191,0.22888357357470032,0.19649786841802053,0.6272727272727273,0.0
mild,2.0,18,weighted_oracle,0.8892261001517451,0.675,0.31659663865546217,9.202117939086008,10.555652290623089,0.09327168397569939,0.07305766793409378,0.2068181818181818,0.0
mild,2.0,18,weighted_estimated,0.8531866464339909,0.65625,0.3353466386554622,5.689849627049496,7.8334414119584554,0.1052137877947934,0.10752160387141377,0.39242424242424245,0.0
mild,2.0,18,width_matched_global,0.9032625189681336,0.690625,0.30937499999999996,4.026858836791075,5.536709020244794,0.0945474495685293,0.12602661596958176,0.4265151515151515,0.0
mild,2.0,19,split,0.7492412746585736,0.4367816091954023,0.5423850574712643,2.136582365125069,6.436687041255458,0.22007396832564102,0.17503197372969237,0.471969696969697,0.0
mild,2.0,19,normalized,0.8247344461305007,0.5402298850574713,0.4567398119122257,2.592173529805292,5.114028521012455,0.13922738467565943,0.1048741214425625,0.29772727272727273,0.0
mild,2.0,19,di_normalized,0.7981790591805766,0.4540229885057471,0.5251436781609196,2.4523067218863543,5.189196493098203,0.18154686242154056,0.11217853439336331,0.3015151515151515,0.0
mild,2.0,19,di_normalized_auto,0.8004552352048558,0.47126436781609193,0.48581717724828577,2.5212072947101447,4.94022059180076,0.16951168003710582,0.09973700887198989,0.21818181818181825,0.0
mild,2.0,19,di_cqr_auto,0.8361153262518968,0.5660919540229885,0.3861139283299526,2.8488869257640963,4.908110735697565,0.12251369159493018,0.06534335752966933,0.29015151515151516,0.0
mild,2.0,19,region_mondrian,0.7833839150227617,0.4367816091954023,0.5632183908045977,2.574528394054404,6.134339337176351,0.19455436024764733,0.139369743057956,0.4454545454545455,0.0
mild,2.0,19,di_mondrian,0.813732928679818,0.5201149425287356,0.4755932119777022,2.633225327470012,5.142227477841944,0.1517035998861433,0.09354303491185621,0.3090909090909091,0.0
mild,2.0,19,cqr,0.8042488619119879,0.5373563218390804,0.392790736984449,2.5909206456301366,5.359284621082852,0.1475547375248779,0.11171534739025232,0.36590909090909096,0.0
mild,2.0,19,di_cqr,0.8395295902883156,0.5718390804597702,0.38036680189317096,2.8667118992394376,4.896392080302615,0.12059904748035828,0.07103093674386451,0.2863636363636364,0.0
mild,2.0,19,localized,0.7993171471927162,0.45977011494252873,0.5341692789968652,2.398403419121048,5.404324645843795,0.17430404748478495,0.1264880746629796,0.3583333333333334,0.0
mild,2.0,19,localized_cqr,0.8042488619119879,0.5373563218390804,0.392790736984449,2.590790241763094,5.3593433525954906,0.1475547375248779,0.11171534739025232,0.36590909090909096,0.0
mild,2.0,19,geo_localized,0.7302731411229135,0.4367816091954023,0.5288836268560998,1.9997201286437964,6.521414577667349,0.22183413540509936,0.1868645581288167,0.4871212121212121,0.0
mild,2.0,19,weighted_oracle,0.9559939301972686,0.9022988505747126,0.0977011494252874,8.883376896129278,9.147261141861161,0.06762554979838825,0.05796981219034451,0.0962121212121212,0.0
mild,2.0,19,weighted_estimated,0.8216995447647951,0.5431034482758621,0.4568965517241379,2.818556487043638,5.324533104252282,0.16188389685147242,0.11646877520451664,0.3621212121212122,0.0
mild,2.0,19,width_matched_global,0.8205614567526556,0.5287356321839081,0.47126436781609193,2.8667118992394376,5.6213050477839035,0.16106414411732198,0.12063256135499482,0.38863636363636367,0.0
mild,2.0,20,split,0.8566009104704098,0.696165191740413,0.299650707841177,2.586092846787,3.757972855045576,0.09558047311312966,0.09729433114414103,0.41893939393939394,0.0
mild,2.0,20,normalized,0.874051593323217,0.7785016286644951,0.19372059355772708,2.7838177731027383,3.7578141371033285,0.07255313946945494,0.06794648000921767,0.2295454545454546,0.0
mild,2.0,20,di_normalized,0.8846737481031867,0.822289156626506,0.16097444169985375,2.568695340935828,3.2980256278722786,0.04697644537943921,0.03261579675077776,0.07348484848484849,0.0
mild,2.0,20,di_normalized_auto,0.900227617602428,0.8313253012048193,0.1519382971215405,2.876897071369049,3.530222604236489,0.047037091245802624,0.042085781772093565,0.09999999999999998,0.0
mild,2.0,20,di_cqr_auto,0.9051593323216995,0.786144578313253,0.17859901143033674,3.0254968734393506,3.6678651533789606,0.06073370386633016,0.03844308100011521,0.13863636363636367,0.0
mild,2.0,20,region_mondrian,0.8706373292867982,0.75,0.24137931034482762,2.7748290406867806,3.793272986493839,0.08451991726917873,0.05670901025463765,0.2333333333333334,0.0
mild,2.0,20,di_mondrian,0.8926403641881638,0.7771084337349398,0.21033926500983013,2.679463038861503,3.407101102660972,0.0607477293073843,0.040799919345546734,0.08181818181818179,0.0
mild,2.0,20,cqr,0.870257966616085,0.713855421686747,0.2444779116465864,2.8166385969616585,3.8022823002146193,0.0794084711818073,0.06165370434381841,0.22575757575757582,0.0
mild,2.0,20,di_cqr,0.9169195751138088,0.8072289156626506,0.17331583141906137,3.101217696843571,3.663627852956543,0.061542957419888675,0.04665456849867496,0.12348484848484853,0.0
mild,2.0,20,localized,0.875948406676783,0.8102409638554217,0.18557493572616834,2.599223651832059,3.478896664300122,0.06447417438957821,0.07341053116718517,0.29015151515151516,0.0
mild,2.0,20,localized_cqr,0.879742033383915,0.7650602409638554,0.20929873339511895,2.839731458449914,4.012880763387702,0.0734138195981651,0.057790067980182026,0.21060606060606057,0.0
mild,2.0,20,geo_localized,0.8455993930197269,0.7590361445783133,0.19912285123758633,2.3349649134852566,3.573100174810336,0.0744425541620167,0.08023994699850213,0.27121212121212124,0.0
mild,2.0,20,weighted_oracle,0.9889984825493171,0.9722222222222222,0.02777777777777779,8.65825466283873,8.71694873049599,0.09019211516182524,0.08900506970849174,0.09999999999999998,0.0
mild,2.0,20,weighted_estimated,0.9218512898330804,0.8230088495575221,0.17699115044247793,3.0311525320363537,3.647790232206618,0.06263514913034962,0.0771356147021546,0.203030303030303,0.0
mild,2.0,20,width_matched_global,0.9226100151745068,0.8230088495575221,0.17699115044247793,3.1012176968435705,3.728263326991825,0.06674992345906217,0.08191208664592695,0.2333333333333334,0.0
mild,2.0,21,split,0.8399089529590288,0.7306590257879656,0.2612438082201316,2.4530333616650215,4.404246268665299,0.10194836528027154,0.1149752275607789,0.41893939393939394,0.0
mild,2.0,21,normalized,0.9309559939301972,0.8735177865612648,0.11677347557465756,3.1998388333089505,3.742034015879093,0.04804726771363497,0.03718919230326073,0.08106060606060606,0.0
mild,2.0,21,di_normalized,0.8987101669195751,0.8090614886731392,0.16391148429983382,2.808272466811834,3.4821990170919492,0.04934123697420259,0.027703364442908163,0.051515151515151514,0.0
mild,2.0,21,di_normalized_auto,0.8987101669195751,0.8090614886731392,0.16391148429983382,2.808272466811834,3.4821990170919492,0.04934123697420259,0.027703364442908163,0.051515151515151514,0.0
mild,2.0,21,di_cqr_auto,0.9044006069802731,0.8354430379746836,0.1336689311372855,3.0848070387857334,3.975795460169882,0.04804750739956699,0.04071580827284249,0.1537878787878788,0.0
mild,2.0,21,region_mondrian,0.868361153262519,0.7151898734177216,0.2732271149992669,2.713927180127594,4.350662983176345,0.09533907889954085,0.09318527480124437,0.4,0.0
mild,2.0,21,di_mondrian,0.9199544764795144,0.8417721518987342,0.15436684424026192,3.064614236426496,3.8606645725093203,0.0508166020820548,0.05424904942965778,0.14621212121212124,0.0
mild,2.0,21,cqr,0.8786039453717754,0.7831715210355987,0.18594044807637033,2.794080862667732,4.104349310624703,0.061771451594690927,0.05687579214195184,0.2295454545454546,0.0
mild,2.0,21,di_cqr,0.9081942336874052,0.819620253164557,0.15335271980841603,3.170833592038987,3.9888350372370542,0.048252845555046345,0.05103900218919231,0.15000000000000002,0.0
mild,2.0,21,localized,0.8736722306525038,0.7864077669902912,0.2095436500137573,2.6169204321030217,3.9155761600265158,0.07245559366742997,0.08608854706763452,0.2560606060606061,0.0
mild,2.0,21,localized_cqr,0.8987101669195751,0.8220064724919094,0.14710549662005967,2.9657134972719854,3.800799188910639,0.04685982648113386,0.04391116488074661,0.15000000000000002,0.0
mild,2.0,21,geo_localized,0.828907435508346,0.7306590257879656,0.24909805923227735,2.370127588433488,4.443328716486893,0.10738598573968167,0.11914765525982256,0.42272727272727273,0.0
mild,2.0,21,weighted_oracle,0.917298937784522,0.8220064724919094,0.1779935275080906,8.262605447138611,8.921563541628725,0.06213346080541203,0.056008468717594184,0.09619771863117865,0.0
mild,2.0,21,weighted_estimated,0.9025037936267072,0.8187702265372169,0.18122977346278313,4.788064654535838,5.675352234400647,0.05969849245038871,0.06942476091715635,0.1310606060606061,0.0
mild,2.0,21,width_matched_global,0.9108497723823976,0.8449367088607594,0.15506329113924056,3.1708335920389876,4.242763463127133,0.06286242148707283,0.08583333333333332,0.27121212121212124,0.0
mild,2.0,22,split,0.7780728376327769,0.6192052980132451,0.29493611612816906,2.071041478388377,4.253560210906751,0.14428578759104116,0.13533068325843992,0.34696969696969704,0.0
mild,2.0,22,normalized,0.8368740515933232,0.6854304635761589,0.23045738689113082,2.3995291292900305,3.793378290603405,0.09134691527317622,0.08750316856780734,0.18136882129277565,0.0
mild,2.0,22,di_normalized,0.8224582701062215,0.7185430463576159,0.17539634758177802,2.3140583404528656,3.618914673268986,0.09528981402890661,0.0794048853554557,0.17272727272727273,0.0
mild,2.0,22,di_normalized_auto,0.8387708649468892,0.7289719626168224,0.1700179363730766,2.545924680206179,3.5697735315443775,0.07950838589553119,0.07673032607443254,0.120532319391635,0.0
mild,2.0,22,di_cqr_auto,0.9271623672230652,0.8278145695364238,0.16637147697520405,3.129399170992148,3.48140220695601,0.055141026961241485,0.03268406498444519,0.08484848484848484,0.0
mild,2.0,22,region_mondrian,0.7852807283763278,0.6192052980132451,0.3361850365592456,2.210682577170754,4.308215772952534,0.15805652478033114,0.12538627722087797,0.3545454545454546,0.0
mild,2.0,22,di_mondrian,0.8471168437025797,0.7483443708609272,0.18474113099780887,2.4714375465040703,3.6003358005752304,0.07871066685563821,0.0699369166954718,0.19545454545454544,0.0
mild,2.0,22,cqr,0.8915022761760243,0.7086092715231788,0.27314255329433945,2.7858606131891044,3.4505063839821957,0.08183593354134579,0.047809367438645,0.09011406844106462,0.0
mild,2.0,22,di_cqr,0.9430955993930197,0.8642384105960265,0.13576158940397354,3.2511379103251796,3.5199652010260087,0.05904490122013548,0.04309252217997463,0.09242424242424241,0.0
mild,2.0,22,localized,0.8072837632776935,0.6887417218543046,0.229473891528595,2.270566776616224,3.9071589823568043,0.11774259689328309,0.10568066597534279,0.26363636363636367,0.0
mild,2.0,22,localized_cqr,0.900227617602428,0.7414330218068536,0.2440320944722162,2.890846185355885,3.5062487498432393,0.08787637215023135,0.04742625878557438,0.0863117870722434,0.0
mild,2.0,22,geo_localized,0.7833839150227617,0.6459854014598541,0.25736032344720916,2.139225226974139,4.269115723263911,0.14695331375343307,0.12479087452471482,0.3545454545454546,0.0
mild,2.0,22,weighted_oracle,0.8562215477996965,0.7086092715231788,0.24029583796587228,8.975186594681322,10.097477137665013,0.0822905066774942,0.06815762184583478,0.18787878787878787,0.0
mild,2.0,22,weighted_estimated,0.8566009104704098,0.6788079470198676,0.2605859923740719,5.59056177861063,6.717632608694256,0.08832123229252538,0.0763403041825095,0.2333333333333334,0.0
mild,2.0,22,width_matched_global,0.9260242792109257,0.8509933774834437,0.1439561174660512,3.2511379103251796,3.7539415244003815,0.05632126038941299,0.0757624726350962,0.1310606060606061,0.0
mild,2.0,23,split,0.8429438543247344,0.6283987915407855,0.34083197768998374,2.5244957243389616,4.532714495964796,0.10718991883533356,0.09523793063717019,0.3507575757575758,0.0
mild,2.0,23,normalized,0.8694992412746586,0.6586102719033232,0.2990820357889845,2.6537087075080965,4.058394611843092,0.09058909947912358,0.08082814840419404,0.26363636363636367,0.0
mild,2.0,23,di_normalized,0.8968133535660091,0.8277945619335347,0.15486439760403747,2.8648501452761677,3.9253947663910402,0.05266155362289411,0.01761896531858511,0.05437262357414452,0.0
mild,2.0,23,di_normalized_auto,0.8968133535660091,0.8277945619335347,0.15486439760403747,2.8648501452761677,3.9253947663910402,0.05266155362289411,0.01761896531858511,0.05437262357414452,0.0
mild,2.0,23,di_cqr_auto,0.8937784522003035,0.622356495468278,0.34464020420168906,3.6747263396626635,5.272730760026338,0.10229585171277497,0.05057581518608132,0.203030303030303,0.0
mild,2.0,23,region_mondrian,0.9089529590288316,0.8459016393442623,0.1476881042454813,3.4796138148200693,4.48742664289264,0.053725266677033576,0.05688040096785342,0.2068181818181818,0.0
mild,2.0,23,di_mondrian,0.9127465857359636,0.8398791540785498,0.14473623053683482,3.128379694546621,4.113691089092716,0.044497881389608515,0.0474965433805738,0.13484848484848488,0.0
mild,2.0,23,cqr,0.8698786039453718,0.5770392749244713,0.3860479733976764,3.4113499404425256,5.445668335558022,0.11348801543797625,0.06757489342090103,0.2295454545454546,0.0
mild,2.0,23,di_cqr,0.9320940819423369,0.7552870090634441,0.23487692536278537,4.311008885178672,5.200948825940906,0.07811808238217022,0.054556400506970845,0.11212121212121218,0.0
mild,2.0,23,localized,0.887329286798179,0.7734138972809668,0.20735533348826396,2.8014899480592392,3.8648776666612634,0.061385286151077655,0.04731247839612858,0.18409090909090908,0.0
mild,2.0,23,localized_cqr,0.8922610015174507,0.7129909365558912,0.24076628887763485,3.4566157140401828,4.45672260009854,0.0679962086513923,0.041412605138840874,0.12727272727272732,0.0
mild,2.0,23,geo_localized,0.8531866464339909,0.7129909365558912,0.21393214036718577,2.498278154386093,4.224650390775304,0.08446433928605826,0.0751506509966586,0.3053030303030303,0.0
mild,2.0,23,weighted_oracle,0.9673748103186647,0.9134615384615384,0.08653846153846156,8.937364747946317,9.394266606780123,0.07561613601242216,0.06738679571379189,0.09999999999999998,0.0
mild,2.0,23,weighted_estimated,0.9161608497723824,0.7643504531722054,0.22795723913548693,3.180480895085345,4.352568109776273,0.06949919900725539,0.07167041133771171,0.22196969696969704,0.0
mild,2.0,23,width_matched_global,0.9597875569044007,0.8851963746223565,0.11480362537764355,4.311008885178672,4.868522528335635,0.07320552169149722,0.07542285977647192,0.09999999999999998,0.0
mild,2.0,24,split,0.7962822458270106,0.5074183976261127,0.45651602860339546,2.335065586655414,5.471429994019516,0.17470234580120414,0.14444204401428734,0.5363636363636364,0.0
mild,2.0,24,normalized,0.8125948406676783,0.653250773993808,0.26150332436684764,2.3363636768176295,4.627572343791287,0.11828082432824673,0.10183373660559973,0.38863636363636367,0.0
mild,2.0,24,di_normalized,0.8201820940819423,0.5548961424332344,0.4090382837962738,2.4619299111002944,4.431120773696704,0.14258464623486752,0.0939506279525291,0.29772727272727273,0.0
mild,2.0,24,di_normalized_auto,0.8603945371775418,0.6201780415430267,0.3318986357732673,2.7452962488082147,3.9286545920258917,0.10135588237428349,0.045201924184813926,0.11590909090909096,0.0
mild,2.0,24,di_cqr_auto,0.8823975720789075,0.8122866894197952,0.12213954008840155,2.6952194567241827,3.5126332569638743,0.04577733780239058,0.03618590851480585,0.10454545454545461,0.0
mild,2.0,24,region_mondrian,0.8763277693474962,0.7507987220447284,0.24920127795527158,3.3617358224121623,4.499646639604033,0.0827964518084966,0.0801270307639129,0.2522727272727273,0.0
mild,2.0,24,di_mondrian,0.8983308042488619,0.7240356083086054,0.25548657599173596,3.3112286862806375,4.22805824718404,0.07329482063439008,0.05886997349925107,0.1765151515151515,0.0
mild,2.0,24,cqr,0.8429438543247344,0.726962457337884,0.20461649003053706,2.322232532417155,3.736788576891886,0.08851547363878533,0.07123487729001038,0.1537878787878788,0.0
mild,2.0,24,di_cqr,0.8975720789074355,0.825938566552901,0.1229432225844792,2.798807511043736,3.4942382679406476,0.03634831060786261,0.03358019357068785,0.10075757575757582,0.0
mild,2.0,24,localized,0.8019726858877086,0.7058823529411765,0.25477338476374156,2.3101184572948625,4.63391403311868,0.12699369116094933,0.11699533356377463,0.4416666666666667,0.0
mild,2.0,24,localized_cqr,0.81752655538695,0.6791808873720137,0.25766121789114427,2.2327902159296253,3.755117878535398,0.12517382514992414,0.08808244037331492,0.13484848484848488,0.0
mild,2.0,24,geo_localized,0.7943854324734446,0.6335403726708074,0.25687058623330217,2.297996362646156,4.78538639375589,0.13160043157549683,0.12078609286784192,0.42272727272727273,0.0
mild,2.0,24,weighted_oracle,0.9241274658573596,0.8173374613003096,0.17938385017510028,9.559782635851311,10.398059626771342,0.06984081910077071,0.09154971770941353,0.1803030303030303,0.0
mild,2.0,24,weighted_estimated,0.8782245827010622,0.6646884272997032,0.3287541956511164,3.903507309786378,5.649139808212243,0.11283822509650772,0.11844365710335292,0.34696969696969704,0.0
mild,2.0,24,width_matched_global,0.8440819423368741,0.5964391691394659,0.39044607676217347,2.798807511043736,5.113668105822836,0.13394970839430254,0.12268320082958865,0.43409090909090914,0.0
mild,2.0,25,split,0.7974203338391502,0.6774193548387096,0.23895695178149945,2.1945778384629797,4.205989346859011,0.12736218775220848,0.10987700195875101,0.36590909090909096,0.0
mild,2.0,25,normalized,0.8839150227617603,0.8098360655737705,0.15271075090563024,3.120740985538776,3.816167120622334,0.0466238489022196,0.04757835004032722,0.10454545454545461,0.0
mild,2.0,25,di_normalized,0.8861911987860395,0.7634408602150538,0.21644419725621067,2.8736891659410126,3.6198296761249753,0.06901371591590418,0.02549746514575414,0.06349809885931557,0.0
mild,2.0,25,di_normalized_auto,0.8353566009104704,0.6953405017921147,0.2325283506669017,2.389193242914037,3.7335336874093032,0.09351817303895199,0.06720301878096556,0.24469696969696975,0.0
mild,2.0,25,di_cqr_auto,0.9309559939301972,0.8281786941580757,0.1568400324336846,3.1451921764577904,3.5623870588149393,0.05788163439450116,0.06152091254752852,0.0962121212121212,0.0
mild,2.0,25,region_mondrian,0.8429438543247344,0.6774193548387096,0.32258064516129037,2.625889833651301,4.332484471706503,0.12912960365271103,0.09833448553980874,0.328030303030303,0.0
mild,2.0,25,di_mondrian,0.8641881638846738,0.7311827956989247,0.23048967816867105,2.5929377179951225,3.829911675583976,0.07915648679812554,0.06678044705611245,0.23712121212121218,0.0
mild,2.0,25,cqr,0.8869499241274659,0.7319587628865979,0.2343333719448628,2.828049198316155,3.534106289596306,0.06807677828959267,0.05665917732457658,0.18409090909090908,0.0
mild,2.0,25,di_cqr,0.951062215477997,0.8797250859106529,0.1090389590331673,3.284247834893377,3.601009947560145,0.06335602380123284,0.06568757921419519,0.09242424242424241,0.0
mild,2.0,25,localized,0.8046282245827011,0.6774193548387096,0.23895695178149945,2.218879572621241,4.1204189290345115,0.12003351044603748,0.10267715174559282,0.3507575757575758,0.0
mild,2.0,25,localized_cqr,0.8888467374810318,0.7491408934707904,0.21715124136067032,2.8286818118753825,3.523751593283897,0.06344782837786403,0.05400334139877868,0.16893939393939394,0.0
mild,2.0,25,geo_localized,0.7909711684370258,0.6451612903225806,0.27121501629762845,2.170348593870077,4.2664063627910656,0.1394148853787657,0.11815042055536354,0.36590909090909096,0.0
mild,2.0,25,weighted_oracle,0.9761001517450683,0.8530465949820788,0.1469534050179212,10.45183648491985,10.64796834100748,0.0878897686358182,0.0780916580251181,0.09999999999999998,0.0
mild,2.0,25,weighted_estimated,0.9666160849772383,0.8422939068100358,0.1577060931899642,6.879090648692358,7.168211360131194,0.08226377636517117,0.07968256711602718,0.09999999999999998,0.0
mild,2.0,25,width_matched_global,0.9283004552352049,0.7849462365591398,0.21505376344086025,3.284247834893377,3.914978346091769,0.07293099531534394,0.08380890655605484,0.14242424242424245,0.0
mild,2.0,26,split,0.7746585735963581,0.5014164305949008,0.4438960694050992,2.002086403554847,5.145090171797412,0.1834422453671198,0.1495883742366632,0.5893939393939394,0.0
mild,2.0,26,normalized,0.8763277693474962,0.7138810198300283,0.2230274975201294,2.494727724443049,3.6977052738928977,0.06631385519415874,0.055854073049890554,0.31287878787878787,0.0
mild,2.0,26,di_normalized,0.8528072837632777,0.6868686868686869,0.26625631313131315,2.4379204467454683,3.734060811350408,0.09343815263420943,0.04902264085724164,0.11292775665399246,0.0
mild,2.0,26,di_normalized_auto,0.8224582701062215,0.6801346801346801,0.26908406986531985,2.2427594085464686,3.890172912427343,0.11669537864450572,0.07849896301417214,0.21060606060606057,0.0
mild,2.0,26,di_cqr_auto,0.8861911987860395,0.7932011331444759,0.14988829774983303,3.188739781554676,4.068411011050321,0.04536606199243793,0.050724449821408,0.21818181818181825,0.0
mild,2.0,26,region_mondrian,0.8304248861911988,0.5014164305949008,0.4891198470076228,2.586328071900107,4.8518652848602795,0.16150696955276664,0.11105686138956102,0.5022727272727273,0.0
mild,2.0,26,di_mondrian,0.8342185128983308,0.6515580736543909,0.3328169263456091,2.3014323971199784,4.579522161674051,0.12816822284873727,0.09202961170641777,0.4643939393939394,0.0
mild,2.0,26,cqr,0.7928679817905918,0.6402266288951841,0.2947327206983118,2.5635957005616596,4.657396217377361,0.1258002921494137,0.1136821638437608,0.39242424242424245,0.0
mild,2.0,26,di_cqr,0.8793626707132018,0.7932011331444759,0.15801837905064597,3.1463836818103625,4.060413959769324,0.04922021820961634,0.04949936628643853,0.21439393939393947,0.0
mild,2.0,26,localized,0.7666919575113809,0.49575070821529743,0.44565554178470257,1.973372237111907,5.162066736889554,0.18787142279016167,0.1537694434842724,0.5931818181818183,0.0
mild,2.0,26,localized_cqr,0.7947647951441578,0.6543909348441926,0.2805684147493033,2.57056899532262,4.56544173407681,0.12349756731609504,0.1117882244498214,0.3772727272727273,0.0
mild,2.0,26,geo_localized,0.7647951441578149,0.49291784702549574,0.44848840297450426,1.9666183601965002,5.181099450337423,0.1901385939090899,0.1564252794100703,0.5931818181818183,0.0
mild,2.0,26,weighted_oracle,0.8805007587253414,0.7037037037037037,0.2679051291038672,7.470834935482762,8.708988635275032,0.0791060125997299,0.062277624150247735,0.1765151515151515,0.0
mild,2.0,26,weighted_estimated,0.8547040971168437,0.6902356902356902,0.28137314257188073,3.3806862797103103,5.263090364200862,0.1034802439866162,0.09106550293812651,0.29772727272727273,0.0
mild,2.0,26,width_matched_global,0.9055386949924128,0.7575757575757576,0.24242424242424243,3.146383681810363,4.602445083008073,0.09456288049101191,0.10025031685678072,0.3318181818181818,0.0
mild,2.0,27,split,0.7871775417298937,0.5539358600583091,0.42859689103339393,2.3629589111235543,5.38098379677873,0.15933270336771316,0.13964252794100704,0.3772727272727273,0.0
mild,2.0,27,normalized,0.8736722306525038,0.5539358600583091,0.4242300788063197,3.3148556297353586,5.118476523904507,0.12541290594570556,0.07264431386104389,0.2068181818181818,0.0
mild,2.0,27,di_normalized,0.8205614567526556,0.6588921282798834,0.31052683196476494,2.5993070408952796,4.499211410671803,0.1185786818483759,0.08807091830856091,0.203030303030303,0.0
mild,2.0,27,di_normalized_auto,0.8353566009104704,0.749271137026239,0.20791540731626856,2.8681487828394006,4.269626846059313,0.09236586737156001,0.06465462610899875,0.10075757575757582,0.0
mild,2.0,27,di_cqr_auto,0.9021244309559939,0.7940298507462686,0.17535790435577214,3.1883551768500693,3.891446159954302,0.06175346520537127,0.04450080654453277,0.14242424242424245,0.0
mild,2.0,27,region_mondrian,0.7663125948406677,0.5539358600583091,0.4373305154875424,2.308227396599088,5.673373358597294,0.19020854502203435,0.1463212927756654,0.38863636363636367,0.0
mild,2.0,27,di_mondrian,0.8808801213960546,0.7142857142857143,0.2551466001247661,3.0853086692010003,4.34609189094413,0.07731259120475309,0.06826391289319048,0.13863636363636367,0.0
mild,2.0,27,cqr,0.8584977238239757,0.7026239067055393,0.2531584062196307,2.820363084119116,4.055446117716796,0.09531786612407551,0.06278833967046896,0.1803030303030303,0.0
mild,2.0,27,di_cqr,0.9298179059180577,0.835820895522388,0.1379782311151666,3.5041050572536334,3.924352981180141,0.055618722236240516,0.04749279870952873,0.08181818181818179,0.0
mild,2.0,27,localized,0.8061456752655539,0.6064139941690962,0.36301832024138414,2.444607326179208,4.764748677086079,0.13282686913370859,0.11967421361908057,0.34696969696969704,0.0
mild,2.0,27,localized_cqr,0.8547040971168437,0.7194029850746269,0.21937252512945482,2.8020410365774446,3.9825604976068574,0.08770537270952157,0.06536985827860352,0.18787878787878787,0.0
mild,2.0,27,geo_localized,0.7996965098634294,0.641399416909621,0.3105656485925624,2.394251524707214,4.986315363904281,0.13899376278706002,0.11519587510081811,0.33939393939393947,0.0
mild,2.0,27,weighted_oracle,0.9393019726858877,0.7230320699708455,0.27696793002915454,10.385938004912822,11.08185268894627,0.09312033313651776,0.07108653070630257,0.10075757575757582,0.0
mild,2.0,27,weighted_estimated,0.8922610015174507,0.6618075801749271,0.33819241982507287,4.77005086838261,6.145529080969307,0.09930433825306814,0.08442418481391865,0.19166666666666665,0.0
mild,2.0,27,width_matched_global,0.9006069802731411,0.6938775510204082,0.30612244897959184,3.504105057253632,4.7836606225225085,0.09310919999696565,0.08822358566655145,0.18409090909090908,0.0
mild,2.0,28,split,0.894916540212443,0.8033898305084746,0.17129371379532288,2.4956859327219902,3.368667426477427,0.062302217897590655,0.0625849752275608,0.1803030303030303,0.0
mild,2.0,28,normalized,0.919195751138088,0.8501440922190202,0.14386788382888394,3.0422666147847752,3.5382874152882775,0.04360286516408956,0.037543207742827524,0.09999999999999998,0.0
mild,2.0,28,di_normalized,0.9275417298937785,0.8502994011976048,0.13095059880239512,2.958243927671657,3.591915865055675,0.05259208797863827,0.03577860352575181,0.09999999999999998,0.0
mild,2.0,28,di_normalized_auto,0.9294385432473444,0.847457627118644,0.13835797571823538,2.800804548957761,3.443113730868055,0.057666305092609435,0.037453047586127455,0.09999999999999998,0.0
mild,2.0,28,di_cqr_auto,0.9430955993930197,0.8692579505300353,0.1307420494699647,3.711184821252897,4.013289817560988,0.05839306792734439,0.04309828321235162,0.06590909090909092,0.0
mild,2.0,28,region_mondrian,0.928679817905918,0.8203592814371258,0.166982490714773,2.828787326478226,3.4318424665532454,0.06666819438922253,0.05143276875216037,0.09242424242424241,0.0
mild,2.0,28,di_mondrian,0.9260242792109257,0.8271186440677966,0.17288135593220344,2.7797717467238883,3.359778030482725,0.0634228395008017,0.04876973153589122,0.08863636363636362,0.0
mild,2.0,28,cqr,0.9374051593323217,0.833922261484099,0.16607773851590102,3.590027885419231,3.9743893581564547,0.06087170925074726,0.03740782348196795,0.06590909090909092,0.0
mild,2.0,28,di_cqr,0.9461305007587253,0.8798586572438163,0.12014134275618371,3.771614887355694,4.045031577588814,0.05868167915596678,0.04613290701693742,0.06590909090909092,0.0
mild,2.0,28,localized,0.8782245827010622,0.7728813559322034,0.18456545257843493,2.352250258474311,3.33651318809463,0.06489671063522272,0.0648476206936283,0.1537878787878788,0.0
mild,2.0,28,localized_cqr,0.9294385432473444,0.833922261484099,0.16607773851590102,3.5192491693698114,3.950632341222964,0.05944928940699841,0.03262501440258094,0.06212121212121213,0.0
mild,2.0,28,geo_localized,0.8698786039453718,0.7694610778443114,0.17734743279398646,2.2952192903994693,3.3352012796657218,0.05791491661280634,0.06485194146791107,0.18409090909090908,0.0
mild,2.0,28,weighted_oracle,0.9355083459787557,0.8406779661016949,0.15932203389830513,9.308470438680098,9.816419667667596,0.06742934487533345,0.05217306141260514,0.09999999999999998,0.0
mild,2.0,28,weighted_estimated,0.9317147192716236,0.8406779661016949,0.15577593460752504,7.862941600507205,8.38657164730403,0.0631228591474032,0.050657909897453626,0.08863636363636362,0.0
mild,2.0,28,width_matched_global,0.9814112291350531,0.9341317365269461,0.06586826347305386,3.771614887355694,3.9471483518630386,0.08546009542132922,0.08140914851941466,0.09999999999999998,0.0
mild,2.0,29,split,0.7655538694992413,0.5678233438485805,0.3856650282444428,2.173817681279335,6.627277475065043,0.17705994123019467,0.16176719668164538,0.5931818181818183,0.0
mild,2.0,29,normalized,0.872154779969651,0.5615141955835962,0.39985919497434375,3.2449980968855874,5.672034058616598,0.12105155145572195,0.084538829358221,0.3810606060606061,0.0
mild,2.0,29,di_normalized,0.8694992412746586,0.775811209439528,0.1776771626534953,2.95386578404348,4.319027732733192,0.06751358042422193,0.0452955409609402,0.1537878787878788,0.0
mild,2.0,29,di_normalized_auto,0.8694992412746586,0.775811209439528,0.1776771626534953,2.95386578404348,4.319027732733192,0.06751358042422193,0.0452955409609402,0.1537878787878788,0.0
mild,2.0,29,di_cqr_auto,0.8292867981790591,0.5615141955835962,0.37927527810061434,2.8363821975756838,5.452508308374346,0.13308165137581207,0.07909062103929024,0.3621212121212122,0.0
mild,2.0,29,region_mondrian,0.779969650986343,0.5802047781569966,0.40571071480074994,2.436283034973613,6.468193441508175,0.1756696007664224,0.14638351192533702,0.47575757575757577,0.0
mild,2.0,29,di_mondrian,0.872154779969651,0.7192429022082019,0.24199740786931756,3.0401569876662498,5.125003215210296,0.08200041372558116,0.07738477935245995,0.3318181818181818,0.0
mild,2.0,29,cqr,0.789453717754173,0.4889589905362776,0.4141417846575209,2.616746114058874,5.751397277738121,0.16866069769472047,0.11936542228367324,0.4303030303030303,0.0
mild,2.0,29,di_cqr,0.868361153262519,0.6656151419558359,0.2850427527810062,3.1653301513664824,5.1466800671579005,0.09272377416756947,0.06200512731881552,0.2825757575757576,0.0
mild,2.0,29,localized,0.8277693474962063,0.6656151419558359,0.27624532316044315,2.5668993465992593,5.337720528686179,0.10558306030132156,0.10895206821062335,0.39242424242424245,0.0
mild,2.0,29,localized_cqr,0.8046282245827011,0.6025236593059937,0.32890491212257766,2.7128386076166664,5.254866133000547,0.1420115602920425,0.10020221223643277,0.2598484848484849,0.0
mild,2.0,29,geo_localized,0.7682094081942337,0.5173501577287066,0.42451030738757245,2.2134756302654512,6.41477831514656,0.17975584164335298,0.1542571148749856,0.5590909090909091,0.0
mild,2.0,29,weighted_oracle,0.9495447647951442,0.8464163822525598,0.15358361774744023,8.146433805445227,8.788882547589456,0.07185794773070724,0.06335148058532089,0.09242424242424241,0.0
mild,2.0,29,weighted_estimated,0.9066767830045523,0.7413249211356467,0.25867507886435326,4.039934729729179,6.021430900514813,0.09334056250488003,0.10365796750777738,0.31287878787878787,0.0
mild,2.0,29,width_matched_global,0.8660849772382397,0.7003154574132492,0.29580857359450274,3.165330151366483,5.854255731708505,0.11044159637333785,0.11768032031340017,0.4113636363636364,0.0
moderate,6.0,0,split,0.5754931714719271,0.38333333333333336,0.44441786283891543,1.813102986932145,11.762811512832107,0.34401449608151585,0.3263068901947229,0.6007575757575758,0.0
moderate,6.0,0,normalized,0.6953717754172989,0.5277777777777778,0.38131313131313127,2.5512031638281107,9.343977801265156,0.2376873384861193,0.22518176057149444,0.47575757575757577,0.0
moderate,6.0,0,di_normalized,0.7814871016691958,0.5209790209790209,0.37621724070322204,3.6528508766468826,6.512549348655245,0.16670326054556203,0.1185462034796636,0.26882129277566547,0.0
moderate,6.0,0,di_normalized_auto,0.8619119878603946,0.6363636363636364,0.3342245989304813,4.771596451497623,6.181483911743448,0.11585583571596877,0.07761003571840076,0.11969696969696975,0.0
moderate,6.0,0,di_cqr_auto,0.8004552352048558,0.5699300699300699,0.3553035749297432,3.102405791357209,6.23754920210574,0.1528750637575949,0.10992885125014404,0.3015151515151515,0.0
moderate,6.0,0,region_mondrian,0.6031866464339909,0.34444444444444444,0.5786324786324787,2.0678689786494986,11.596396239906756,0.35942382309382115,0.29680838806314097,0.562878787878788,0.0
moderate,6.0,0,di_mondrian,0.6642640364188164,0.4777777777777778,0.3643274853801169,2.3430836514519315,9.888575942427599,0.26198121893195103,0.24232457656412026,0.47575757575757577,0.0
moderate,6.0,0,cqr,0.7264795144157815,0.479020979020979,0.3927738927738928,2.7128388229421665,6.827958262401292,0.20933151087463972,0.17370866459269502,0.3772727272727273,0.0
moderate,6.0,0,di_cqr,0.8387708649468892,0.6363636363636364,0.3169073916737468,3.367972169056724,5.935867966198697,0.12492409448270282,0.0754087452471483,0.2333333333333334,0.0
moderate,6.0,0,localized,0.6005311077389985,0.3916083916083916,0.4552815605447184,1.9675873035543596,11.4066267922609,0.3292751855047624,0.3004153704343818,0.6348484848484849,0.0
moderate,6.0,0,localized_cqr,0.6980273141122914,0.48055555555555557,0.4005420054200542,2.755024887881461,7.567102865284391,0.24750719500423116,0.2054395667703653,0.7257575757575758,0.0
moderate,6.0,0,geo_localized,0.5857359635811836,0.3902439024390244,0.46143073870930096,1.8161302227976417,11.937659605784011,0.34210938340832864,0.316831432192649,0.543939393939394,0.0
moderate,6.0,0,weighted_oracle,0.8968133535660091,0.6468531468531469,0.33180538973221896,21.75992422414854,22.73785757738009,0.10788444693430262,0.07842550985136534,0.1310606060606061,0.0
moderate,6.0,0,weighted_estimated,0.8281487101669196,0.5244755244755245,0.4054025243049634,16.47024090422078,18.659659210110163,0.14463239913623652,0.12643305680377925,0.29923954372623573,0.0
moderate,6.0,0,width_matched_global,0.7849013657056145,0.5975609756097561,0.3976543353950286,3.3679721690567246,8.518112051023255,0.17554854504297515,0.17079963129392786,0.33939393939393947,0.0
moderate,6.0,1,split,0.33687405159332323,0.12885154061624648,0.5025587157940099,1.3287549865033572,16.791001607480702,0.5592776724603759,0.5630948265929255,0.8053030303030303,0.0
moderate,6.0,1,normalized,0.7147192716236722,0.3805309734513274,0.6194690265486726,3.624511966467249,9.243294273776655,0.2573724546307589,0.19385355455697664,0.5287878787878788,0.0
moderate,6.0,1,di_normalized,0.6559180576631259,0.47058823529411764,0.4019879419912009,3.3573935686996106,8.570650729813835,0.29064930196364047,0.2440877405231018,0.4019011406844107,0.0
moderate,6.0,1,di_normalized_auto,0.7720030349013657,0.5658263305322129,0.4064728384428564,4.6405242477923,7.426352094614679,0.18506367160438608,0.14319650881437956,0.3090909090909091,0.0
moderate,6.0,1,di_cqr_auto,0.6908194233687405,0.2448377581120944,0.745546857272521,4.916941720547347,12.317832764703859,0.3067743604755338,0.21243576448899643,0.5060606060606061,0.0
moderate,6.0,1,region_mondrian,0.37670713201820943,0.12885154061624648,0.5634561516914458,1.5192086935865963,16.15860750403434,0.5400938067737873,0.5232428851250144,0.8015151515151515,0.0
moderate,6.0,1,di_mondrian,0.5830804248861912,0.38935574229691877,0.5241057961646196,2.6326405862945714,10.885260246380833,0.3360603368345554,0.31681357299228025,0.615909090909091,0.0
moderate,6.0,1,cqr,0.6339150227617603,0.15339233038348082,0.8369922850011347,4.300066480050507,13.845480790095426,0.36024827494536865,0.266030072589008,0.5477272727272727,0.0
moderate,6.0,1,di_cqr,0.7116843702579666,0.28023598820059,0.7165588835942818,5.180699815897601,11.722850140842251,0.28687882815142063,0.19179888235971887,0.47954545454545455,0.0
moderate,6.0,1,localized,0.5288315629742033,0.2549019607843137,0.520739064856712,2.315825501443435,12.512808027215652,0.385227753287394,0.3711170641779007,0.6007575757575758,0.0
moderate,6.0,1,localized_cqr,0.657814871016692,0.29411764705882354,0.5912990196078431,4.53517371472972,13.056389374224558,0.29788970294958983,0.24211026615969583,0.471969696969697,0.0
moderate,6.0,1,geo_localized,0.49013657056145676,0.31092436974789917,0.35574229691876746,2.179056606275381,13.409641666564081,0.4240121487836436,0.40980815762184586,0.6954545454545454,0.0
moderate,6.0,1,weighted_oracle,1.0,1.0,0.0,38.51836800953836,38.51836800953836,0.09999999999999998,0.09999999999999998,0.09999999999999998,0.0
moderate,6.0,1,weighted_estimated,0.9825493171471927,0.9159663865546218,0.08403361344537819,32.950408761428626,33.130106471092056,0.08862038557630231,0.08254695241387255,0.09999999999999998,0.0
moderate,6.0,1,width_matched_global,0.874051593323217,0.6582633053221288,0.34173669467787116,5.180699815897599,7.459151560329888,0.10743734870263832,0.08538656527249684,0.29772727272727273,0.0
moderate,6.0,2,split,0.44840667678300455,0.04709141274238227,0.8533825209069068,1.398172716715047,15.629956228373594,0.4778723978975701,0.4515295540960941,0.8886363636363637,0.0
moderate,6.0,2,normalized,0.6707132018209409,0.2409972299168975,0.6973913956755196,2.765859920953072,9.30122115570668,0.2792047416264294,0.23177555017859203,0.7522727272727273,0.0
moderate,6.0,2,di_normalized,0.7473444613050075,0.5393700787401575,0.37532186438780457,3.5043349837713293,6.296029787061249,0.1869149111530797,0.15269616315243695,0.2916349809885932,0.0
moderate,6.0,2,di_normalized_auto,0.8467374810318664,0.6299212598425197,0.3700787401574803,5.008046159963531,6.2258383216169575,0.11570910155963192,0.10905432653531513,0.1803030303030303,0.0
moderate,6.0,2,di_cqr_auto,0.6676783004552352,0.15789473684210525,0.7386569872958257,2.785642812006977,11.34009054043468,0.2980509334927236,0.23220417098744095,0.8053030303030303,0.0
moderate,6.0,2,region_mondrian,0.4658573596358118,0.04709141274238227,0.8059891559779969,1.5785285832790765,15.343521881467591,0.4672763560988381,0.4340750662518723,0.8886363636363637,0.0
moderate,6.0,2,di_mondrian,0.7132018209408194,0.21052631578947367,0.7463702359346642,3.055206048015207,9.313888484568094,0.26396445712207944,0.19405432653531512,0.7787878787878788,0.0
moderate,6.0,2,cqr,0.6388467374810318,0.13573407202216067,0.7435762728054255,2.588135523241421,11.901321428466195,0.31894990710784793,0.26103381726005304,0.828030303030303,0.0
moderate,6.0,2,di_cqr,0.7158573596358119,0.19113573407202217,0.7226573693762537,3.121020510456959,10.49021679761923,0.2668125475092982,0.1947044590390598,0.775,0.0
moderate,6.0,2,localized,0.5360394537177542,0.18559556786703602,0.6911816833177981,2.036136943167858,11.832262172653026,0.39697880259677115,0.36392297499711945,0.7901515151515152,0.0
moderate,6.0,2,localized_cqr,0.6388467374810318,0.13573407202216067,0.7435762728054255,2.589872353260405,11.888083739203037,0.31894990710784793,0.26103381726005304,0.828030303030303,0.0
moderate,6.0,2,geo_localized,0.48406676783004554,0.04709141274238227,0.8059891559779969,1.6819006172866484,14.43113298893834,0.4577186409954191,0.4158543611015094,0.8886363636363637,0.0
moderate,6.0,2,weighted_oracle,0.9658573596358119,0.875,0.125,22.387742162001814,22.63775708891065,0.07775973540484474,0.07290615278257863,0.09999999999999998,0.0
moderate,6.0,2,weighted_estimated,0.9131259484066768,0.7835365853658537,0.2164634146341463,15.379865328398722,16.954428506879697,0.07705410291168267,0.062149153128240577,0.10532319391634981,0.0
moderate,6.0,2,width_matched_global,0.7082701062215478,0.1772853185595568,0.8179753449475522,3.121020510456959,10.292013123545797,0.279024641982443,0.24121384952183433,0.7977272727272727,0.0
moderate,6.0,3,split,0.5318664643399089,0.26136363636363635,0.44820732073207326,1.8183138045139315,10.611476255902549,0.38516112019560733,0.37371010485078926,0.7636363636363637,0.0
moderate,6.0,3,normalized,0.8706373292867982,0.7256944444444444,0.264690170940171,4.5270424035688945,5.997717715662675,0.08448942818474398,0.08938155317432885,0.3090909090909091,0.0
moderate,6.0,3,di_normalized,0.875948406676783,0.7215909090909091,0.2714646464646465,4.3338995252473635,5.35216002186942,0.09980296367046508,0.06445356607904135,0.1547528517110266,0.0
moderate,6.0,3,di_normalized_auto,0.9294385432473444,0.8116591928251121,0.18834080717488788,5.863793656079614,6.365512225259847,0.06381696613450857,0.08148605830164765,0.10454545454545461,0.0
moderate,6.0,3,di_cqr_auto,0.8516691957511381,0.7138888888888889,0.2764957264957265,4.091539882651939,6.078724217671212,0.09781039252730478,0.08461516303721625,0.3242424242424242,0.0
moderate,6.0,3,region_mondrian,0.5440060698027314,0.26136363636363635,0.6792304230423042,2.0188445867757885,10.721707722308537,0.3927123843270936,0.36231334255098513,0.7825757575757576,0.0
moderate,6.0,3,di_mondrian,0.8053869499241275,0.5909090909090909,0.3994755244755245,3.5866761620514644,6.187744239143154,0.15058894099563813,0.1191966240350271,0.5022727272727273,0.0
moderate,6.0,3,cqr,0.797040971168437,0.6534090909090909,0.3113344988344988,3.6407476814860527,6.478978969709657,0.1398474346617445,0.1148055651572762,0.39242424242424245,0.0
moderate,6.0,3,di_cqr,0.8645675265553869,0.7277777777777777,0.26901709401709406,4.267120902474256,5.994431033359803,0.09175183993366803,0.08028344279294848,0.3015151515151515,0.0
moderate,6.0,3,localized,0.6255690440060698,0.3835227272727273,0.510708041958042,2.3769599375184027,8.678501366122394,0.3055677454688306,0.2837890309943542,0.7143939393939394,0.0
moderate,6.0,3,localized_cqr,0.6885432473444613,0.3888888888888889,0.5117521367521367,3.0662144555954955,9.229139884210673,0.25635024098068465,0.21924098398433003,0.7560606060606061,0.0
moderate,6.0,3,geo_localized,0.5026555386949925,0.3333333333333333,0.3644444444444445,1.7627400155325328,10.831798673861526,0.401051170350335,0.39731391865422283,0.7560606060606061,0.0
moderate,6.0,3,weighted_oracle,0.9305766312594841,0.8385650224215246,0.15449053313403094,32.48423210225141,33.188216432311194,0.052210916702830915,0.07026615969581748,0.10152091254752849,0.0
moderate,6.0,3,weighted_estimated,0.8945371775417299,0.7642045454545454,0.21335955710955712,27.58215571899239,28.92560914313885,0.0704460882837755,0.04424962553289548,0.120532319391635,0.0
moderate,6.0,3,width_matched_global,0.8569802731411229,0.6805555555555556,0.3194444444444444,4.267120902474254,6.111686624992721,0.1148708198260521,0.11213187003110958,0.4265151515151515,0.0
moderate,6.0,4,split,0.4283004552352049,0.20555555555555555,0.5777261781905745,1.4310997489591537,13.818955550518425,0.48378487893881994,0.47171189077082615,0.7598484848484849,0.0
moderate,6.0,4,normalized,0.8342185128983308,0.6696428571428571,0.2715336134453782,3.901239880669182,6.030301457652463,0.1104046222492526,0.08820659062103928,0.2574144486692015,0.0
moderate,6.0,4,di_normalized,0.6160849772382397,0.32515337423312884,0.4859921366027845,2.59007698741914,7.795689756597587,0.3051295881142459,0.2839972923147828,0.5083650190114068,0.0
moderate,6.0,4,di_normalized_auto,0.8118361153262519,0.5245398773006135,0.41728837754703196,3.933773538862567,5.648278704614842,0.15150810718658617,0.09762415024772443,0.15095057034220538,0.0
moderate,6.0,4,di_cqr_auto,0.8528072837632777,0.7085889570552147,0.250355324469712,3.308772745928945,5.130780440289809,0.10103942764216721,0.05401572761838922,0.10075757575757582,0.0
moderate,6.0,4,region_mondrian,0.462443095599393,0.20555555555555555,0.6953732370141039,1.5898722104091838,13.68079119555027,0.4790496663721671,0.43755761032377005,0.7598484848484849,0.0
moderate,6.0,4,di_mondrian,0.5766312594840668,0.38055555555555554,0.5327571379428965,2.1544905846965112,10.632012291876507,0.3530775048293319,0.3233710680954028,0.6462121212121212,0.0
moderate,6.0,4,cqr,0.8031107738998483,0.6134969325153374,0.32491948977205265,3.038878605521306,5.330670121596096,0.14061776894795358,0.09688760225832471,0.13484848484848488,0.0
moderate,6.0,4,di_cqr,0.8531866464339909,0.7085889570552147,0.250355324469712,3.310590512941655,5.128473507864435,0.10119530692807562,0.054394515497177096,0.10075757575757582,0.0
moderate,6.0,4,localized,0.5398330804248862,0.3611111111111111,0.4314585483316134,2.060052701194734,10.301411105351656,0.37097298946940915,0.36022007143680146,0.6566539923954373,0.0
moderate,6.0,4,localized_cqr,0.7841426403641881,0.5368098159509203,0.378146195779285,2.901157865394661,5.550501943604765,0.16431148932541945,0.11692072819449247,0.1737642585551331,0.0
moderate,6.0,4,geo_localized,0.4802731411229135,0.31301939058171746,0.4857422193254033,1.6806356321790425,12.408905692217234,0.43789536852779637,0.41973441640742026,0.6992424242424242,0.0
moderate,6.0,4,weighted_oracle,0.9578907435508346,0.8173913043478261,0.18260869565217386,42.82796552420141,43.13529984091944,0.0716981582617742,0.07024455582440373,0.09999999999999998,0.0
moderate,6.0,4,weighted_estimated,0.9161608497723824,0.8173913043478261,0.18260869565217386,37.266979515625884,38.167554081249,0.061001275242990795,0.0682111994469409,0.14334600760456273,0.0
moderate,6.0,4,width_matched_global,0.7329286798179059,0.5416666666666666,0.45833333333333337,3.3105905129416557,8.180462570655276,0.22095242245884414,0.21420987440949418,0.5349809885931559,0.0
moderate,6.0,5,split,0.5561456752655539,0.42718446601941745,0.3960199538700853,2.1038268190751155,9.56642249414826,0.34825940424772334,0.3509180205092753,0.6992424242424242,0.0
moderate,6.0,5,normalized,0.7803490136570561,0.5436893203883495,0.4176366464624792,3.3407232340829682,6.906951688906082,0.18963152469405037,0.13348945731075013,0.33939393939393947,0.0
moderate,6.0,5,di_normalized,0.8050075872534143,0.4886731391585761,0.48904273827874983,3.8906470315290314,5.784000947879343,0.1913956715670194,0.125374755156124,0.328030303030303,0.0
moderate,6.0,5,di_normalized_auto,0.8672230652503794,0.627831715210356,0.3582407081879727,5.459955611823357,6.540854120515451,0.14045622019460255,0.11045713791911509,0.21060606060606057,0.0
moderate,6.0,5,di_cqr_auto,0.8395295902883156,0.6,0.38809523809523816,4.906951833728304,8.165509429004095,0.14844259508695082,0.08748271690286899,0.39242424242424245,0.0
moderate,6.0,5,region_mondrian,0.6760242792109257,0.44150943396226416,0.4895250487963565,2.8678074422971687,8.145689907003407,0.26884888015649,0.24417098744094945,0.7068181818181818,0.0
moderate,6.0,5,di_mondrian,0.8975720789074355,0.720754716981132,0.27372042114041495,4.1669859872800705,5.952361097194611,0.08218534880002619,0.06470129047125243,0.2598484848484849,0.0
moderate,6.0,5,cqr,0.7602427921092565,0.5172413793103449,0.4510125889436234,4.293664281063971,8.927620826842922,0.21823928837871245,0.1467657564235511,0.543939393939394,0.0
moderate,6.0,5,di_cqr,0.8987101669195751,0.6490566037735849,0.3509433962264151,5.65158051096073,7.885881924842045,0.10653329408314907,0.05165888927295772,0.22575757575757582,0.0
moderate,6.0,5,localized,0.7697268588770865,0.48220064724919093,0.48158765358646366,3.104601711027623,6.640102813225972,0.2078782613793247,0.14135528286668975,0.3356060606060606,0.0
moderate,6.0,5,localized_cqr,0.8676024279210925,0.6150943396226415,0.3821201450570243,4.965490419788426,7.591699373836169,0.12764667286935522,0.0674913584514345,0.24090909090909096,0.0
moderate,6.0,5,geo_localized,0.5671471927162367,0.4336569579288026,0.3323597551631194,2.1241048085546814,9.398563924032072,0.35051657573711315,0.33687118331605026,0.6424242424242425,0.0
moderate,6.0,5,weighted_oracle,0.9590288315629742,0.8705501618122977,0.12944983818770228,27.604156925764045,27.897435180511053,0.07503021676394386,0.07056573337942158,0.09999999999999998,0.0
moderate,6.0,5,weighted_estimated,0.9290591805766313,0.7346278317152104,0.2653721682847896,23.087848679463246,23.764414912054498,0.09242339792983732,0.0752387947920267,0.11969696969696975,0.0
moderate,6.0,5,width_matched_global,0.9669954476479514,0.7547169811320755,0.24528301886792447,5.651580510960729,6.7764456405364975,0.09908718395283418,0.09021719092061296,0.11590909090909096,0.0
moderate,6.0,6,split,0.6073596358118362,0.362116991643454,0.4563187625464902,1.991860793114864,8.459934228032177,0.31347389478412785,0.29673263048738335,0.5666666666666667,0.0
moderate,6.0,6,normalized,0.8334597875569044,0.6832844574780058,0.2999557659856813,3.564802424007614,5.990885432964604,0.12659815161938592,0.07238564350731651,0.17272727272727273,0.0
moderate,6.0,6,di_normalized,0.8482549317147192,0.7478260869565218,0.22424095214962347,3.9025882803068037,5.412503014144583,0.08590490434832058,0.07132705380804241,0.13193916349809887,0.0
moderate,6.0,6,di_normalized_auto,0.9207132018209409,0.808695652173913,0.1661646830216177,5.612074230141234,6.205743444121101,0.05121045848299608,0.06594279294849636,0.09999999999999998,0.0
moderate,6.0,6,di_cqr_auto,0.8861911987860395,0.6941580756013745,0.30584192439862545,4.9313822185407945,7.047673134700156,0.11900463398654677,0.05464627261205207,0.10532319391634981,0.0
moderate,6.0,6,region_mondrian,0.6130500758725341,0.362116991643454,0.537883008356546,2.035221178969402,8.55623139794836,0.31621116556034695,0.2910522525636594,0.5666666666666667,0.0
moderate,6.0,6,di_mondrian,0.7996965098634294,0.6158357771260997,0.3422647815331181,3.1074285446755363,5.92362421368909,0.14076529298238577,0.10287965203364444,0.328030303030303,0.0
moderate,6.0,6,cqr,0.8512898330804249,0.6219931271477663,0.37800687285223367,4.461498950040075,7.209684678202749,0.14543412593001429,0.06063169720013829,0.1357414448669202,0.0
moderate,6.0,6,di_cqr,0.8975720789074355,0.7250859106529209,0.27491408934707906,5.2139113765946705,7.011686333461587,0.10817804476375474,0.0572263509620924,0.09771863117870727,0.0
moderate,6.0,6,localized,0.7003034901365706,0.5131964809384164,0.42535100509510315,2.498706879072291,7.150650094608602,0.22880926530845017,0.20301503629450396,0.41515151515151516,0.0
moderate,6.0,6,localized_cqr,0.8315629742033384,0.584192439862543,0.415807560137457,3.950767665306167,7.2430922582062935,0.15667864664670272,0.07405864730959791,0.14714828897338406,0.0
moderate,6.0,6,geo_localized,0.5830804248861912,0.3398328690807799,0.5400553990756447,1.8743038749885184,9.013350186896984,0.3424257740419844,0.31693455467219733,0.5325757575757576,0.0
moderate,6.0,6,weighted_oracle,0.9544764795144158,0.782608695652174,0.20903475838682328,55.63340003283486,55.930002582539565,0.07767190239903969,0.06987296923608709,0.09999999999999998,0.0
moderate,6.0,6,weighted_estimated,0.9062974203338392,0.7800687285223368,0.21713797538827773,42.009549302757236,42.9906323191256,0.07416967082169393,0.05096295656181589,0.09999999999999998,0.0
moderate,6.0,6,width_matched_global,0.9449924127465857,0.7771260997067448,0.22287390029325516,5.2139113765946705,5.941223760764994,0.08432532785081963,0.076016534162922,0.09999999999999998,0.0
moderate,6.0,7,split,0.4578907435508346,0.31301939058171746,0.33887934359549776,1.3106407343603599,9.875650450769797,0.43558629651071284,0.4420713791911511,0.7295454545454546,0.0
moderate,6.0,7,normalized,0.7757966616084977,0.536144578313253,0.343602257129785,2.8705595438041347,5.755888084204668,0.15794721268780387,0.12900881437953682,0.41515151515151516,0.0
moderate,6.0,7,di_normalized,0.7006828528072838,0.5512048192771084,0.23956441149212238,2.50212408776306,5.29754804779285,0.2175966987778868,0.19929715405000575,0.29393939393939394,0.0
moderate,6.0,7,di_normalized_auto,0.8050075872534143,0.632258064516129,0.34835135376641946,3.258788200344484,4.754566575393343,0.15113980974339422,0.11935447632215697,0.2560606060606061,0.0
moderate,6.0,7,di_cqr_auto,0.7697268588770865,0.43373493975903615,0.5080933150886093,3.6041668682529755,8.184596665270002,0.1970786258299049,0.1443971079617468,0.3810606060606061,0.0
moderate,6.0,7,region_mondrian,0.4802731411229135,0.31301939058171746,0.39774984018751336,1.4172723067535937,9.616229116401165,0.43409628336849015,0.4196883281484042,0.6992424242424242,0.0
moderate,6.0,7,di_mondrian,0.7458270106221547,0.6174698795180723,0.22560704355885075,2.633994154970347,5.737917481067912,0.16341340208165628,0.15822156930521952,0.5325757575757576,0.0
moderate,6.0,7,cqr,0.7336874051593323,0.3825301204819277,0.5371374695457731,3.2993208941954286,8.680419713257994,0.2303353849007406,0.17261118792487617,0.4037878787878788,0.0
moderate,6.0,7,di_cqr,0.8611532625189682,0.5933734939759037,0.40065635677036504,4.760329622129963,6.944560778292631,0.1304008460181176,0.09252362023274571,0.31666666666666665,0.0
moderate,6.0,7,localized,0.6475720789074355,0.5346260387811634,0.193242813677853,2.1477813916260398,6.745399943501468,0.252269871078772,0.25239514921073863,0.5780303030303031,0.0
moderate,6.0,7,localized_cqr,0.7962822458270106,0.5813253012048193,0.3530030570041359,3.6977080522034345,6.759025156334503,0.15320096234613442,0.11785747205899297,0.37348484848484853,0.0
moderate,6.0,7,geo_localized,0.6475720789074355,0.4967741935483871,0.34203177660086664,2.1011274223867815,7.363364712476241,0.2809009391097481,0.2523922686945501,0.6462121212121212,0.0
moderate,6.0,7,weighted_oracle,0.9423368740515933,0.8670886075949367,0.13291139240506333,24.7313279845531,25.132917462301656,0.056083773685648285,0.06533759649729229,0.09999999999999998,0.0
moderate,6.0,7,weighted_estimated,0.8209408194233687,0.6885245901639344,0.2810044957086417,17.081339553769936,19.01828439708043,0.11926105987295564,0.0993731996773822,0.2068181818181818,0.0
moderate,6.0,7,width_matched_global,0.9389226100151745,0.858433734939759,0.14156626506024095,4.760329622129963,5.337134384308884,0.07014366244752307,0.10201808964166377,0.2333333333333334,0.0
moderate,6.0,8,split,0.4787556904400607,0.13128491620111732,0.7742944829405136,1.623577901566634,14.075094858248894,0.45265613456203696,0.42231161424127206,0.7479087452471483,0.0
moderate,6.0,8,normalized,0.793247344461305,0.6005586592178771,0.3359492772900594,3.5038373144600388,6.92956978870234,0.14162962828382253,0.14174184813918655,0.2612167300380228,0.0
moderate,6.0,8,di_normalized,0.7166160849772383,0.41620111731843573,0.4979619728103197,3.3959343707663137,7.799829682088934,0.2245599717455757,0.19511378038944582,0.45303030303030306,0.0
moderate,6.0,8,di_normalized_auto,0.8338391502276176,0.7625698324022346,0.15709775762546618,5.098431531944316,7.199896743975725,0.09128536275188764,0.11248732572877063,0.3053030303030303,0.0
moderate,6.0,8,di_cqr_auto,0.8186646433990895,0.5893854748603352,0.38915529767185364,3.8055390010749974,7.304898989733366,0.14965207324791502,0.09652206475400393,0.3810606060606061,0.0
moderate,6.0,8,region_mondrian,0.6062215477996965,0.13128491620111732,0.7700026374469513,2.53199658774778,11.891385663491551,0.3768508590591833,0.3048721050812305,0.6803030303030303,0.0
moderate,6.0,8,di_mondrian,0.7469650986342944,0.49162011173184356,0.48071190407843317,3.4919895103955403,7.416412421828026,0.2048425751152313,0.16952961170641784,0.37348484848484853,0.0
moderate,6.0,8,cqr,0.7530349013657056,0.4720670391061452,0.46355527849042133,3.308619878539482,7.952169467864621,0.1956244778338563,0.14797845373891003,0.41893939393939394,0.0
moderate,6.0,8,di_cqr,0.8512898330804249,0.6312849162011173,0.35685737628900127,4.204665457681074,6.919733312563338,0.128217522675402,0.08674156008756768,0.34696969696969704,0.0
moderate,6.0,8,localized,0.6100151745068285,0.2548476454293629,0.6893583631543281,2.4029168367452542,9.80071335446325,0.32779883826237366,0.29249539117409845,0.6727272727272727,0.0
moderate,6.0,8,localized_cqr,0.7488619119878603,0.4692737430167598,0.46205672908624446,3.287304665887427,7.982715567011464,0.19761440429653848,0.15108739486115913,0.41893939393939394,0.0
moderate,6.0,8,geo_localized,0.5766312594840668,0.17318435754189945,0.7066439686383581,2.1967826230796175,10.543827698549022,0.34964169655498495,0.32340851480585325,0.6196969696969697,0.0
moderate,6.0,8,weighted_oracle,0.9446130500758725,0.8709677419354839,0.12903225806451613,25.829010586150535,26.609801959612057,0.06313270458704225,0.0835309367438645,0.12348484848484853,0.0
moderate,6.0,8,weighted_estimated,0.911608497723824,0.8488745980707395,0.1511254019292605,20.083556257222664,21.359954223846565,0.05850522693197215,0.0896860237354534,0.18787878787878787,0.0
moderate,6.0,8,width_matched_global,0.7943854324734446,0.5335195530726257,0.46648044692737434,4.204665457681074,7.688697791074012,0.18107164461180975,0.17800956331374582,0.3583333333333334,0.0
moderate,6.0,9,split,0.3990895295902883,0.061452513966480445,0.6985474860335196,1.66188473727236,21.32151718312405,0.5167715188822062,0.5026736951261667,0.8015151515151515,0.0
moderate,6.0,9,normalized,0.6232928679817906,0.07262569832402235,0.885707635009311,3.169708243026741,16.26887548565387,0.3792787758971395,0.2845955755271345,0.471969696969697,0.0
moderate,6.0,9,di_normalized,0.5428679817905918,0.09776536312849161,0.7155679702048418,2.636888264551039,15.150509751528793,0.4047672584042184,0.35712639705035143,0.5780303030303031,0.0
moderate,6.0,9,di_normalized_auto,0.6562974203338392,0.12011173184357542,0.761298524566681,3.4118291071877835,12.274233927860635,0.33978319340635443,0.24372623574144492,0.4075757575757576,0.0
moderate,6.0,9,di_cqr_auto,0.5690440060698028,0.15363128491620112,0.746783652843135,2.5613833233977448,13.705362135750669,0.3846685225229674,0.33274196335983414,0.6424242424242425,0.0
moderate,6.0,9,region_mondrian,0.4294385432473445,0.061452513966480445,0.7052141527001863,1.8320274881320535,20.76487646324193,0.49893669492565335,0.4770924069593271,0.7825757575757576,0.0
moderate,6.0,9,di_mondrian,0.5144157814871017,0.08659217877094973,0.800074487895717,2.40096010796515,17.255401894439743,0.428013023228892,0.3872730153243461,0.7371212121212122,0.0
moderate,6.0,9,cqr,0.48292867981790594,0.10893854748603352,0.7416838591529706,2.069202371110241,15.912135680174112,0.450134690110962,0.4196024887659869,0.6992424242424242,0.0
moderate,6.0,9,di_cqr,0.6217754172989378,0.1787709497206704,0.7548390087855537,2.861642214542278,12.527919465373973,0.3512645925337241,0.2856172946191958,0.6007575757575758,0.0
moderate,6.0,9,localized,0.4632018209408194,0.07541899441340782,0.7779143389199256,2.064633305560118,18.75962391500969,0.4609337022983711,0.4385735683834543,0.7636363636363637,0.0
moderate,6.0,9,localized_cqr,0.5364188163884673,0.14804469273743018,0.748220867428545,2.32117490328701,15.484008061252581,0.4225050553737679,0.36841859661251297,0.6386363636363637,0.0
moderate,6.0,9,geo_localized,0.4305766312594841,0.1424581005586592,0.6175418994413409,2.093117512638961,17.71867103774976,0.4780454375193332,0.4734623804585782,0.775,0.0
moderate,6.0,9,weighted_oracle,0.9430955993930197,0.8866666666666667,0.10291666666666666,36.26002257340104,37.02867644085926,0.0521341784294113,0.05849060951722548,0.09999999999999998,0.0
moderate,6.0,9,weighted_estimated,0.7314112291350531,0.61731843575419,0.24268156424581,16.717654251082465,21.69997050630978,0.1811002528764513,0.18736000691323887,0.3810606060606061,0.0
moderate,6.0,9,width_matched_global,0.5610773899848255,0.10614525139664804,0.8338547486033518,2.8616422145422784,16.35578900960554,0.39959426098110756,0.36898231363060263,0.7143939393939394,0.0
moderate,6.0,10,split,0.5436267071320182,0.2646239554317549,0.6153760445682451,1.89671045490687,11.59189796787065,0.39753766028697746,0.35738765986864846,0.5666666666666667,0.0
moderate,6.0,10,normalized,0.81752655538695,0.6265060240963856,0.3268273092369478,3.884863534840684,6.513118570405988,0.13203977891354138,0.10607961746745018,0.23460076045627376,0.0
moderate,6.0,10,di_normalized,0.7606221547799696,0.5343283582089552,0.43699780666559673,3.5153567921748516,6.859124542661695,0.19226184524454445,0.13969840995506397,0.26742424242424245,0.0
moderate,6.0,10,di_normalized_auto,0.8444613050075872,0.6268656716417911,0.35521318140480396,4.671940371254187,6.2298671701500385,0.11453081604642966,0.07656815301301995,0.16615969581749057,0.0
moderate,6.0,10,di_cqr_auto,0.8941578148710166,0.7164179104477612,0.2780110589115703,4.56869808935922,5.514493865036406,0.0877274180711646,0.042000806544532795,0.12348484848484853,0.0
moderate,6.0,10,region_mondrian,0.5982549317147192,0.2646239554317549,0.7087093779015785,2.3571417776630565,11.397164439071897,0.38662770270586877,0.30576304873833393,0.5515151515151515,0.0
moderate,6.0,10,di_mondrian,0.7852807283763278,0.5331325301204819,0.4346094053633891,3.4144555765226685,7.25449359319653,0.1777628366088121,0.12251613089065563,0.2787878787878788,0.0
moderate,6.0,10,cqr,0.8452200303490136,0.6298507462686567,0.3558123361686193,4.161736787106938,5.698178131652986,0.12112374260846298,0.0671727733609863,0.18409090909090908,0.0
moderate,6.0,10,di_cqr,0.9028831562974203,0.7194029850746269,0.28059701492537314,4.671896345826866,5.490047495798227,0.08693515017868228,0.0398833390943657,0.09318181818181825,0.0
moderate,6.0,10,localized,0.6752655538694993,0.4457831325301205,0.46755020080321286,2.664228475126312,8.541028461046048,0.2629372659549639,0.22956907477820027,0.4037878787878788,0.0
moderate,6.0,10,localized_cqr,0.8763277693474962,0.6955223880597015,0.2973091531589366,4.371847782708271,5.515334864200019,0.09396518674380484,0.043653646733494644,0.1575757575757576,0.0
moderate,6.0,10,geo_localized,0.6885432473444613,0.3493975903614458,0.5306024096385542,2.5836782811807106,9.07090040235205,0.2612129863310914,0.22236922456504207,0.41893939393939394,0.0
moderate,6.0,10,weighted_oracle,0.9795144157814871,0.9043478260869565,0.09565217391304348,46.30207357553784,46.486839467829626,0.08394665029968983,0.07951664938356953,0.09999999999999998,0.0
moderate,6.0,10,weighted_estimated,0.8581183611532626,0.6716417910447762,0.32835820895522383,20.859749369851485,22.86195262336095,0.11257986383415053,0.07718285516764606,0.21818181818181825,0.0
moderate,6.0,10,width_matched_global,0.8698786039453718,0.6024096385542169,0.3975903614457831,4.671896345826866,6.92246578504565,0.12519156424512978,0.10886622882820603,0.2068181818181818,0.0
moderate,6.0,11,split,0.6069802731411229,0.265993265993266,0.6740067340067339,2.1637603455619643,9.178665188131749,0.3316637262008994,0.29292977301532436,0.6007575757575758,0.0
moderate,6.0,11,normalized,0.9491654021244309,0.8806451612903226,0.11935483870967745,7.178993660312753,7.646259128647605,0.06435187153735791,0.05619339785689596,0.09999999999999998,0.0
moderate,6.0,11,di_normalized,0.8691198786039454,0.6835016835016835,0.2864983164983165,4.452226540365624,6.303638786041297,0.09996627005999825,0.08156901716787648,0.1889733840304183,0.0
moderate,6.0,11,di_normalized_auto,0.9032625189681336,0.7709677419354839,0.20964167634706454,6.041882586401989,7.40733736962438,0.07576303673552721,0.08565704574259708,0.120532319391635,0.0
moderate,6.0,11,di_cqr_auto,0.8493930197268589,0.5774193548387097,0.40906713164777686,4.169043972099995,7.187638048784041,0.14502259641659224,0.06356031800898723,0.16893939393939394,0.0
moderate,6.0,11,region_mondrian,0.6957511380880121,0.45483870967741935,0.5328913516722739,2.778732649851669,8.096033175639588,0.2588632272395464,0.20417962898951494,0.5969696969696969,0.0
moderate,6.0,11,di_mondrian,0.8603945371775418,0.6195286195286195,0.3604713804713805,3.902595779626832,6.227582730303752,0.11771906165498203,0.05881092291738681,0.23712121212121218,0.0
moderate,6.0,11,cqr,0.8129742033383915,0.44516129032258067,0.5263576970191914,3.801766390821066,7.491825149531853,0.18565051777377445,0.09036668971079617,0.203030303030303,0.0
moderate,6.0,11,di_cqr,0.8657056145675266,0.6161290322580645,0.3804925893635571,4.36176358818399,7.0830075883918795,0.13151455577242815,0.04875590505818643,0.16136363636363638,0.0
moderate,6.0,11,localized,0.7264795144157815,0.48753462603878117,0.5024653739612188,2.7671024286517723,8.468303026314238,0.22837738291190945,0.1752281368821293,0.6916666666666667,0.0
moderate,6.0,11,localized_cqr,0.8387708649468892,0.6193548387096774,0.35216414863209466,3.981773416154951,6.96701508587909,0.1335296280751751,0.06560778891577371,0.18409090909090908,0.0
moderate,6.0,11,geo_localized,0.6570561456752656,0.3333333333333333,0.5807770961145196,2.4876176792640265,8.748379248692604,0.2849288345761012,0.2428937665629681,0.4643939393939394,0.0
moderate,6.0,11,weighted_oracle,0.9973444613050075,0.9797979797979798,0.02020202020202022,38.987106422849976,38.99572580662592,0.09758384164093661,0.09734272381610783,0.09999999999999998,0.0
moderate,6.0,11,weighted_estimated,0.988619119878604,0.9387096774193548,0.06129032258064515,34.33942754319785,34.443770492441026,0.09131776577872908,0.08861331950685561,0.09999999999999998,0.0
moderate,6.0,11,width_matched_global,0.8861911987860395,0.6531986531986532,0.3468013468013468,4.36176358818399,6.3714571015998125,0.11870345653390452,0.0593622537158659,0.2333333333333334,0.0
moderate,6.0,12,split,0.4946889226100152,0.15789473684210525,0.610397946084724,1.975258802437368,13.137548256729412,0.4244299918590877,0.40631610784652616,0.7787878787878788,0.0
moderate,6.0,12,normalized,0.667298937784522,0.34971098265895956,0.5996133416653648,2.9155839243889194,9.384584471990093,0.2709805894966619,0.23899556400506974,0.6083333333333334,0.0
moderate,6.0,12,di_normalized,0.834597875569044,0.7567567567567568,0.1579973416038989,4.471648675756583,6.19361789938217,0.0854818343851708,0.09886536467334947,0.18517110266159698,0.0
moderate,6.0,12,di_normalized_auto,0.8960546282245827,0.7804054054054054,0.21959459459459463,6.468579457561712,7.405075804227608,0.07610885003915369,0.08648893881783615,0.13193916349809887,0.0
moderate,6.0,12,di_cqr_auto,0.8581183611532626,0.6232686980609419,0.3640194375322785,4.283099327858214,6.502421036781215,0.13071061362104547,0.08416580251181009,0.3090909090909091,0.0
moderate,6.0,12,region_mondrian,0.5307283763277694,0.15789473684210525,0.7711593172119489,2.236413531697842,12.71413613612767,0.4135376306934562,0.37258382302108534,0.6756653992395437,0.0
moderate,6.0,12,di_mondrian,0.6828528072837633,0.3739612188365651,0.5528680494561179,3.1136847733754625,8.585663010629885,0.26229831384923846,0.2170771402235281,0.5780303030303031,0.0
moderate,6.0,12,cqr,0.8065250379362671,0.5512465373961218,0.4318043100615053,3.8036091301945865,6.939682354493649,0.16248655859833935,0.11390021891923037,0.3583333333333334,0.0
moderate,6.0,12,di_cqr,0.8888467374810318,0.6869806094182825,0.2986927430172476,4.597922725912851,6.350877037046148,0.10928819062716849,0.07974680262703075,0.2825757575757576,0.0
moderate,6.0,12,localized,0.5455235204855842,0.2299168975069252,0.6603270049320992,2.1727276956719788,13.149679520412741,0.3861690854223292,0.35773044129508014,0.7712121212121212,0.0
moderate,6.0,12,localized_cqr,0.7814871016691958,0.48265895953757226,0.5003918879200548,3.6233450988483504,7.583624009690775,0.18899774449299606,0.14228108076967394,0.43409090909090914,0.0
moderate,6.0,12,geo_localized,0.48065250379362673,0.11080332409972299,0.7067642434678445,1.9977745136312348,13.04390388735768,0.439636538942953,0.41931530130199335,0.717490494296578,0.0
moderate,6.0,12,weighted_oracle,0.8964339908952959,0.7993920972644377,0.20060790273556228,27.298207530247065,28.383818797149573,0.07626295540513936,0.08769443484272382,0.16615969581749057,0.0
moderate,6.0,12,weighted_estimated,0.8812594840667678,0.7872340425531915,0.2072257912418224,23.925089756665557,25.2177359800075,0.07225870410530906,0.10061499020624495,0.16515151515151516,0.0
moderate,6.0,12,width_matched_global,0.8285280728376327,0.5635838150289018,0.43641618497109824,4.597922725912851,7.37320799526418,0.1737487141284199,0.15547298075815186,0.39621212121212124,0.0
moderate,6.0,13,split,0.59597875569044,0.36607142857142855,0.4521103896103897,1.8498394974142356,7.694534419501697,0.3212659200793153,0.3041076160848024,0.5653992395437263,0.0
moderate,6.0,13,normalized,0.8694992412746586,0.7976190476190477,0.14832689832689827,3.448718215959723,5.006109356986505,0.05619178680462005,0.06042257172485309,0.2079847908745247,0.0
moderate,6.0,13,di_normalized,0.7959028831562974,0.5511363636363636,0.42670297154369174,3.519082474802884,5.222608316306274,0.1748967293067144,0.12979721166032956,0.19657794676806084,0.0
moderate,6.0,13,di_normalized_auto,0.9123672230652504,0.6647727272727273,0.32691702341979345,5.175760743694859,5.791790267736459,0.09116499619771888,0.07126454660675192,0.11292775665399246,0.0
moderate,6.0,13,di_cqr_auto,0.9119878603945372,0.7916666666666666,0.1972222222222223,4.3806411189173415,5.367254435502672,0.059263914297882914,0.037338979145062776,0.09391634980988595,0.0
moderate,6.0,13,region_mondrian,0.6020485584218513,0.36607142857142855,0.5170454545454546,1.9429858423863733,7.650901047166229,0.32887765340560404,0.3028897338403042,0.5806083650190115,0.0
moderate,6.0,13,di_mondrian,0.8300455235204856,0.6994047619047619,0.23998917748917759,3.1946301471370586,4.996703650906959,0.10363288848082837,0.09991732918539004,0.3068441064638784,0.0
moderate,6.0,13,cqr,0.8649468892261002,0.7172619047619048,0.26329365079365075,3.8457023188145936,5.435271278565348,0.09369836146168048,0.04481622306717366,0.15855513307984792,0.0
moderate,6.0,13,di_cqr,0.9264036418816388,0.8184523809523809,0.17321428571428577,4.597293713159341,5.41192429216405,0.05546111677741962,0.04263192764143332,0.0696969696969697,0.0
moderate,6.0,13,localized,0.6726100151745068,0.4255952380952381,0.4358766233766234,2.218078729286256,7.165567867165578,0.24822348197025296,0.23006308330452815,0.496958174904943,0.0
moderate,6.0,13,localized_cqr,0.8205614567526556,0.4851190476190476,0.4843253968253968,3.8103323093266974,6.7342899414212765,0.15864794630466203,0.07981679917041135,0.2231939163498099,0.0
moderate,6.0,13,geo_localized,0.65402124430956,0.4339622641509434,0.4327044025157233,2.2151561283083248,6.787559423842977,0.2926182354894209,0.24712870146330226,0.5159695817490495,0.0
moderate,6.0,13,weighted_oracle,0.9358877086494689,0.6590909090909091,0.34090909090909094,27.97718102765003,28.502155045476105,0.10106949475631585,0.05098628874294273,0.09999999999999998,0.0
moderate,6.0,13,weighted_estimated,0.8903641881638846,0.7045454545454546,0.29268446235205237,18.572703630971393,19.53958643663099,0.08374284905038416,0.07025434957944464,0.15855513307984792,0.0
moderate,6.0,13,width_matched_global,0.9446130500758725,0.8988095238095238,0.10119047619047616,4.597293713159341,5.123710285276773,0.062091198782486076,0.06959298306256481,0.09999999999999998,0.0
moderate,6.0,14,split,0.5576631259484067,0.4,0.42564102564102557,1.7497107950173734,10.748110363567585,0.3504250600005498,0.34227877635672316,0.7522727272727273,0.0
moderate,6.0,14,normalized,0.8437025796661608,0.6452830188679245,0.30813313020039845,3.7617810961794884,6.267802218220723,0.10922146541830736,0.06489140453969354,0.29393939393939394,0.0
moderate,6.0,14,di_normalized,0.7833839150227617,0.6,0.2923076923076924,3.2640040012456466,5.880797994226774,0.1572282918913215,0.11661193685908518,0.18136882129277565,0.0
moderate,6.0,14,di_normalized_auto,0.8634294385432474,0.713855421686747,0.22225568942436413,4.323563982773,5.7032984390709816,0.09376190718255488,0.07358710680954028,0.19545454545454544,0.0
moderate,6.0,14,di_cqr_auto,0.8915022761760243,0.723943661971831,0.27295074796605723,4.329273957186307,5.765628187234243,0.08764760829612579,0.05988765986864845,0.24848484848484853,0.0
moderate,6.0,14,region_mondrian,0.5690440060698028,0.40502793296089384,0.507792579859619,1.8613757582073946,10.346869730605185,0.34008848104934225,0.33090505818642707,0.7333333333333334,0.0
moderate,6.0,14,di_mondrian,0.7594840667678301,0.5924528301886792,0.35626511852926945,2.89399285673012,7.868890537633511,0.1797630586739516,0.14527652955409612,0.5363636363636364,0.0
moderate,6.0,14,cqr,0.8535660091047041,0.6873239436619718,0.3064648762138046,3.9928507970654556,5.858974288685515,0.10014975659512719,0.05532866689710797,0.29015151515151516,0.0
moderate,6.0,14,di_cqr,0.8918816388467374,0.723943661971831,0.27295074796605723,4.3370764911837885,5.7673550304368435,0.08724410544404299,0.06026788800553058,0.24848484848484853,0.0
moderate,6.0,14,localized,0.7530349013657056,0.5887323943661972,0.3988452453853556,2.960973637552721,7.021472557625454,0.1769544555842382,0.14947056112455354,0.5590909090909091,0.0
moderate,6.0,14,localized_cqr,0.8065250379362671,0.5949720670391061,0.4050279329608939,3.5977642101457477,6.849393613472774,0.14836655506919902,0.09826938587394861,0.41515151515151516,0.0
moderate,6.0,14,geo_localized,0.5811836115326252,0.35094339622641507,0.5155162311027774,1.9332391913032887,9.991201443943362,0.35013729009521344,0.31875360064523567,0.7333333333333334,0.0
moderate,6.0,14,weighted_oracle,0.9954476479514416,0.9698795180722891,0.030120481927710885,29.029381754530416,29.10554581100609,0.09648250399349746,0.09544158313169718,0.09999999999999998,0.0
moderate,6.0,14,weighted_estimated,0.9810318664643399,0.9014084507042254,0.09859154929577463,20.122726584375926,20.380686162263938,0.0895268693379941,0.08104332296347504,0.09999999999999998,0.0
moderate,6.0,14,width_matched_global,0.872154779969651,0.6830188679245283,0.31698113207547174,4.337076491183788,7.063894988786313,0.11057594635854284,0.10454315013250375,0.4265151515151515,0.0
moderate,6.0,15,split,0.47154779969650984,0.17559523809523808,0.5847043873729267,1.6250629072678997,13.435641813368326,0.4458553778164338,0.4302359142758383,0.7863636363636364,0.0
moderate,6.0,15,normalized,0.6517450682852808,0.33035714285714285,0.5160848047084001,2.6818999638908627,9.254769769588997,0.2811533082813491,0.25860813457771636,0.5969696969696969,0.0
moderate,6.0,15,di_normalized,0.7647951441578149,0.6208053691275168,0.26839130677276013,3.472403415181356,5.876549246941047,0.1701665685928751,0.13524455582440376,0.18517110266159698,0.0
moderate,6.0,15,di_normalized_auto,0.866464339908953,0.6543624161073825,0.3397378788778682,4.540661393693241,5.641267521415127,0.11932593285486691,0.07716845258670355,0.20038022813688217,0.0
moderate,6.0,15,di_cqr_auto,0.7401365705614568,0.36904761904761907,0.5934991974317817,3.5394609618081585,8.149890598248687,0.21778983385031275,0.17783269961977188,0.4037878787878788,0.0
moderate,6.0,15,region_mondrian,0.5250379362670713,0.19642857142857142,0.6275414660246121,1.939171342636427,12.426479103991966,0.40532957287109234,0.3888500979375505,0.7825757575757576,0.0
moderate,6.0,15,di_mondrian,0.5838391502276176,0.2976190476190476,0.619983948635634,2.355032660041569,10.285000729776112,0.34667088712163785,0.31794187118331607,0.7219696969696969,0.0
moderate,6.0,15,cqr,0.7204097116843703,0.3273809523809524,0.6276752273943285,3.380640704631567,8.448210939386493,0.23652207030502453,0.191256769213043,0.41893939393939394,0.0
moderate,6.0,15,di_cqr,0.7849013657056145,0.44642857142857145,0.5385901551631889,3.8663958395755933,7.699877950724876,0.17942704190615236,0.15309108192188042,0.3621212121212122,0.0
moderate,6.0,15,localized,0.4977238239757208,0.23893805309734514,0.5887773027078983,1.9382658887472688,12.18692994951861,0.42915785148079993,0.4022540039175021,0.7636363636363637,0.0
moderate,6.0,15,localized_cqr,0.7443095599393019,0.5982142857142857,0.34935125735687533,3.291558367055373,8.586256407807218,0.17876108712818178,0.1658146099781081,0.4909090909090909,0.0
moderate,6.0,15,geo_localized,0.456752655538695,0.16964285714285715,0.571930176565008,1.538120003333923,13.797897865137866,0.45948763498466105,0.4432192648922687,0.793939393939394,0.0
moderate,6.0,15,weighted_oracle,0.9582701062215478,0.7986577181208053,0.20134228187919467,25.77136853621741,26.081672091440183,0.08369283681848505,0.06911827399469984,0.09999999999999998,0.0
moderate,6.0,15,weighted_estimated,0.8827769347496206,0.674496644295302,0.3107540931678249,19.601704055518915,20.82489862282356,0.08957316483193122,0.07850126742712296,0.16136363636363638,0.0
moderate,6.0,15,width_matched_global,0.7947647951441578,0.5634218289085545,0.43283285273938554,3.8663958395755937,7.572328777310125,0.15135434379444646,0.17256740407881094,0.5363636363636364,0.0
moderate,6.0,16,split,0.4157814871016692,0.25,0.5630434782608695,1.7056738232294528,16.53360484167676,0.4943514683084179,0.48418164535084685,0.7522727272727273,0.0
moderate,6.0,16,normalized,0.7902124430955993,0.5470588235294118,0.4249037932930181,4.611964357631303,7.69955525316113,0.1684448146627041,0.135378499827169,0.39621212121212124,0.0
moderate,6.0,16,di_normalized,0.7507587253414264,0.45454545454545453,0.4595819692772602,3.974313513473219,7.9084762432154,0.22084058159893039,0.14925826708146106,0.23840304182509509,0.0
moderate,6.0,16,di_normalized_auto,0.8577389984825493,0.5151515151515151,0.45160748761856795,5.666694865492918,7.278496778162103,0.14072543225965456,0.0863264777048047,0.1575757575757576,0.0
moderate,6.0,16,di_cqr_auto,0.8103186646433991,0.6279863481228669,0.3154919127466983,4.11901848076019,8.319664700947316,0.13905146103344793,0.10354793178937668,0.2333333333333334,0.0
moderate,6.0,16,region_mondrian,0.4601669195751138,0.25,0.6795302013422819,2.3136649839195877,15.65109412159545,0.4723309312087464,0.4398188155317433,0.7522727272727273,0.0
moderate,6.0,16,di_mondrian,0.7704855842185129,0.6313993174061433,0.32187171063123987,4.292200590889354,8.279779042939854,0.16693253434858932,0.15350818066597535,0.36969696969696975,0.0
moderate,6.0,16,cqr,0.7496206373292867,0.5767918088737202,0.34059949547410595,3.5036141267263012,9.183967697583428,0.18219683522028682,0.16068498674962556,0.38863636363636367,0.0
moderate,6.0,16,di_cqr,0.8607738998482549,0.6689419795221843,0.3016462557719334,4.629255608101277,7.881540730909843,0.11095029306482498,0.08276529554096097,0.1310606060606061,0.0
moderate,6.0,16,localized,0.6251896813353566,0.3412969283276451,0.4858058754106727,3.051472747735056,10.188868139414083,0.321280758843749,0.2747782002534854,0.5515151515151515,0.0
moderate,6.0,16,localized_cqr,0.7545523520485584,0.3641791044776119,0.5844190263635096,3.7094080550364796,10.101075130851548,0.23285859024279779,0.15050380228136886,0.2825757575757576,0.0
moderate,6.0,16,geo_localized,0.4362670713201821,0.28668941979522183,0.4350497106395608,1.9737324031888197,14.548575669689603,0.4700541491004987,0.4637472635096209,0.6490494296577947,0.0
moderate,6.0,16,weighted_oracle,0.9943095599393019,0.9731543624161074,0.02684563758389258,30.396093027176388,30.427643586373854,0.09469734701050798,0.09430377923723929,0.09999999999999998,0.0
moderate,6.0,16,weighted_estimated,0.9730652503793626,0.8744588744588745,0.1255411255411255,28.362838022290635,28.70263148113427,0.08407517968266229,0.07304989054038483,0.09999999999999998,0.0
moderate,6.0,16,width_matched_global,0.7867981790591806,0.6294117647058823,0.37058823529411766,4.629255608101276,8.759376578534594,0.16413028958338485,0.17264028113838004,0.39242424242424245,0.0
moderate,6.0,17,split,0.5618361153262519,0.2948328267477204,0.6226429014076195,2.022553923905163,13.615232677375753,0.3784999724183763,0.3452434036179284,0.668939393939394,0.0
moderate,6.0,17,normalized,0.8611532625189682,0.6481994459833795,0.34898365260816977,5.5277933962749115,7.669770282964467,0.14408230993309556,0.09101134923378269,0.2787878787878788,0.0
moderate,6.0,17,di_normalized,0.789453717754173,0.5440729483282675,0.41065956195979836,4.112437513641106,7.539187160638622,0.17320252830287802,0.11561643046433923,0.21818181818181825,0.0
moderate,6.0,17,di_normalized_auto,0.8956752655538694,0.756838905775076,0.20200883085043841,5.664248293333014,6.964803118226067,0.07328585245079325,0.04556486922456504,0.09999999999999998,0.0
moderate,6.0,17,di_cqr_auto,0.8622913505311077,0.4952076677316294,0.48706183581446993,4.380350378984039,6.736992446285372,0.14468949186842003,0.05469610554211315,0.11969696969696975,0.0
moderate,6.0,17,region_mondrian,0.5777693474962063,0.2948328267477204,0.6129685916919959,2.2057583061138906,13.38139854909228,0.3669257534482205,0.3264961401083074,0.6803030303030303,0.0
moderate,6.0,17,di_mondrian,0.7685887708649469,0.5152354570637119,0.46830363758649385,3.6781812980765,8.975121935471671,0.20598856423636389,0.15213676690863004,0.4454545454545455,0.0
moderate,6.0,17,cqr,0.8277693474962063,0.44089456869009586,0.530736636983663,4.077604333974857,6.940732688008857,0.16485616034428446,0.07935015554787418,0.1765151515151515,0.0
moderate,6.0,17,di_cqr,0.8789833080424886,0.5271565495207667,0.4586590533161127,4.571584500001649,6.666300660847171,0.13621818382340808,0.05090246572185736,0.10075757575757582,0.0
moderate,6.0,17,localized,0.5853566009104704,0.3767313019390582,0.5407444262162817,2.399445119727098,10.485539676072886,0.3432851574155169,0.32194492453047585,0.5515151515151515,0.0
moderate,6.0,17,localized_cqr,0.8270106221547799,0.43769968051118213,0.5339315251625767,4.07332187703494,6.94715915464924,0.16588153582010393,0.08010773130544993,0.1765151515151515,0.0
moderate,6.0,17,geo_localized,0.5477996965098634,0.329073482428115,0.5689847699990696,2.1322150130376096,12.267482020950949,0.3740628732688676,0.3532397165572071,0.6234848484848485,0.0
moderate,6.0,17,weighted_oracle,0.9787556904400607,0.8602620087336245,0.13973799126637554,48.34698028622851,48.69078068666664,0.0877170957721358,0.0787691554326535,0.09999999999999998,0.0
moderate,6.0,17,weighted_estimated,0.9377845220030349,0.777292576419214,0.222707423580786,44.962769230088846,46.225088753525085,0.08636655960358569,0.05082267542343588,0.09999999999999998,0.0
moderate,6.0,17,width_matched_global,0.8144916540212443,0.541033434650456,0.45896656534954405,4.5715845000016495,8.781263190375299,0.18653680120698235,0.14646647079156586,0.3621212121212122,0.0
moderate,6.0,18,split,0.6122913505311077,0.18282548476454294,0.8046745152354571,2.1289178804463553,10.106256983875623,0.3461829990219763,0.30337423666321006,0.8356060606060607,0.0
moderate,6.0,18,normalized,0.9059180576631259,0.7839335180055401,0.1899795254727208,3.983853850871395,5.350428410044321,0.054096055485152034,0.08242568268233667,0.26742424242424245,0.0
moderate,6.0,18,di_normalized,0.8088012139605463,0.703601108033241,0.2776488919667589,3.257568364324997,5.19501153308091,0.11735935398890998,0.09121730614126054,0.16615969581749057,0.0
moderate,6.0,18,di_normalized_auto,0.8975720789074355,0.7644927536231884,0.20425724637681164,4.223000315347005,4.944413413968405,0.060027023184343144,0.04095661942620119,0.10833333333333339,0.0
moderate,6.0,18,di_cqr_auto,0.9495447647951442,0.8659420289855072,0.1340579710144928,4.843353239191083,5.926989475347857,0.061855611659488656,0.06593876022583245,0.08863636363636362,0.0
moderate,6.0,18,region_mondrian,0.6714719271623673,0.18282548476454294,0.7997832108876309,2.6399164831751922,9.861087046451969,0.3287586644859151,0.2543383454315013,0.8318181818181818,0.0
moderate,6.0,18,di_mondrian,0.7173748103186647,0.32409972299168976,0.6696502770083103,2.7342180625462906,8.21948587576374,0.2681143580343299,0.21517484733264203,0.793939393939394,0.0
moderate,6.0,18,cqr,0.9127465857359636,0.8188405797101449,0.16618936040961563,4.291585071861476,5.739759791694366,0.05551766119861965,0.03769414679110498,0.09318181818181825,0.0
moderate,6.0,18,di_cqr,0.9495447647951442,0.8659420289855072,0.1340579710144928,4.833091956954484,5.919017924773061,0.061792519001357946,0.06593587970964394,0.08863636363636362,0.0
moderate,6.0,18,localized,0.704855842185129,0.47604790419161674,0.49895209580838323,2.61812399468837,7.255671252670002,0.23795780916881829,0.22096756538771745,0.6727272727272727,0.0
moderate,6.0,18,localized_cqr,0.915402124430956,0.8478260869565217,0.11467391304347829,4.283508436532276,5.882122312839882,0.045957498252121864,0.048149556400506964,0.13484848484848488,0.0
moderate,6.0,18,geo_localized,0.6418816388467374,0.3268698060941828,0.5861736721666867,2.2974408309163277,8.536964839089801,0.3079164016984043,0.2684580596842954,0.7674242424242425,0.0
moderate,6.0,18,weighted_oracle,0.9734446130500759,0.9341317365269461,0.06586826347305386,30.60525051254179,30.844799121317212,0.07949414777048011,0.07344020048392672,0.09999999999999998,0.0
moderate,6.0,18,weighted_estimated,0.9559939301972686,0.8918918918918919,0.10810810810810811,24.088430083878333,24.69127384908224,0.06821648879936175,0.056438817836156244,0.09999999999999998,0.0
moderate,6.0,18,width_matched_global,0.8903641881638846,0.6066481994459834,0.39335180055401664,4.833091956954483,6.627923793637201,0.11615453351596919,0.1222372969236087,0.3810606060606061,0.0
moderate,6.0,19,split,0.38353566009104706,0.04986149584487535,0.8697813612979818,1.3947048422468071,21.504381867963094,0.548419597518988,0.5198026846410877,0.8621212121212122,0.0
moderate,6.0,19,normalized,0.7204097116843703,0.4404432132963989,0.5283067867036011,4.008318910239103,12.55021201292544,0.2598160627694562,0.18601567000806546,0.3828897338403042,0.0
moderate,6.0,19,di_normalized,0.5443854324734446,0.15512465373961218,0.7868396319746735,2.6641075634814873,13.344223736581426,0.4123636696419166,0.3556544532780274,0.5539923954372623,0.0
moderate,6.0,19,di_normalized_auto,0.6627465857359636,0.2188365650969529,0.7519236688211757,3.5768056105779356,10.40510118118842,0.330400766248043,0.24673839151976037,0.45893536121673006,0.0
moderate,6.0,19,di_cqr_auto,0.6676783004552352,0.3961218836565097,0.577092402057776,3.234342518679982,10.598292707182912,0.286209414572401,0.2465099665860122,0.5515151515151515,0.0
moderate,6.0,19,region_mondrian,0.40895295902883155,0.04986149584487535,0.8697813612979818,1.5394712595446536,20.890475101042572,0.52832642755751,0.4921094020048392,0.8621212121212122,0.0
moderate,6.0,19,di_mondrian,0.5034142640364189,0.11634349030470914,0.8747279382667195,2.322639822064455,16.64231621743714,0.44920560481746336,0.40286812996889043,0.7560606060606061,0.0
moderate,6.0,19,cqr,0.6422610015174507,0.3684210526315789,0.5914003759398496,3.0538379567995575,11.09881164618662,0.3067786909403896,0.26660300725890085,0.562878787878788,0.0
moderate,6.0,19,di_cqr,0.6976479514415781,0.4155124653739612,0.5621661060546101,3.435740449085103,10.067984476884416,0.25897988232502206,0.2221600990897569,0.5363636363636364,0.0
moderate,6.0,19,localized,0.4635811836115326,0.10803324099722991,0.8428596161456272,1.9565530731103307,17.637477099953514,0.4644944178578892,0.4364198064293121,0.7522727272727273,0.0
moderate,6.0,19,localized_cqr,0.6141881638846738,0.3573407202216066,0.5980164226355362,2.7122105245661,12.168194684998479,0.3264111225529995,0.29467363751584286,0.6083333333333334,0.0
moderate,6.0,19,geo_localized,0.44423368740515934,0.13742690058479531,0.809001670843776,2.041332918639297,16.445935389896846,0.48663231666231627,0.4557480700541537,0.8621212121212122,0.0
moderate,6.0,19,weighted_oracle,0.9753414264036419,0.9273356401384083,0.0726643598615917,34.810062096059525,34.97223349767266,0.08295240193908093,0.07533990091024309,0.09999999999999998,0.0
moderate,6.0,19,weighted_estimated,0.9165402124430956,0.7259475218658892,0.2740524781341108,26.510217771744998,27.462627174588306,0.10752600419599528,0.05032895494872679,0.09242424242424241,0.0
moderate,6.0,19,width_matched_global,0.6081183611532626,0.1745152354570637,0.8254847645429363,3.435740449085103,13.517337222755803,0.37036000592698193,0.3242550985136537,0.6272727272727273,0.0
moderate,6.0,20,split,0.5091047040971168,0.07520891364902507,0.8192010242391737,1.8291433258345664,11.223657473324062,0.4171668106901473,0.3908759649729232,0.7560606060606061,0.0
moderate,6.0,20,normalized,0.8125948406676783,0.47075208913649025,0.5174135913368826,4.061660810668949,7.000948616593067,0.18812472066445812,0.11683517686369398,0.3810606060606061,0.0
moderate,6.0,20,di_normalized,0.8478755690440061,0.7433628318584071,0.1759196793523552,4.166081948946704,5.4729680401385545,0.06858731317236486,0.07139272957714024,0.14242424242424245,0.0
moderate,6.0,20,di_normalized_auto,0.915402124430956,0.8623595505617978,0.09864323495352256,5.548848603906265,6.203128013033052,0.035070784703999616,0.07981449475746054,0.1537878787878788,0.0
moderate,6.0,20,di_cqr_auto,0.7784522003034902,0.4808259587020649,0.5051389535786368,4.1190626029306765,8.158635295586661,0.18527462467312125,0.13342954257402928,0.4303030303030303,0.0
moderate,6.0,20,region_mondrian,0.5250379362670713,0.07520891364902507,0.8844323419563561,1.9566048929333153,11.120254043705428,0.41223672228266295,0.37494671045051275,0.7484848484848485,0.0
moderate,6.0,20,di_mondrian,0.7333080424886191,0.24233983286908078,0.7262700326017713,3.151717736404578,7.413419172610259,0.24944024915510749,0.18717334946422398,0.5704545454545455,0.0
moderate,6.0,20,cqr,0.7515174506828528,0.46607669616519176,0.48908025450745396,3.8855597169786633,8.479362700572224,0.197282094630553,0.15094826592925453,0.4378787878787879,0.0
moderate,6.0,20,di_cqr,0.7886949924127465,0.49262536873156343,0.49684831547896285,4.188570215692289,8.070950419679917,0.17729871088647925,0.12394688328148404,0.4265151515151515,0.0
moderate,6.0,20,localized,0.6953717754172989,0.38440111420612816,0.5845429851727539,2.7365054890207383,7.668690738940977,0.2484750307646976,0.20460162461113032,0.5060606060606061,0.0
moderate,6.0,20,localized_cqr,0.8209408194233687,0.5575221238938053,0.42005635144251763,4.315984327113596,7.494197045739555,0.13679583196977144,0.10003139762645467,0.34696969696969704,0.0
moderate,6.0,20,geo_localized,0.667298937784522,0.4735376044568245,0.4591978215521441,2.6748890352687678,7.055031502322552,0.26990832373904095,0.23267513538426088,0.4871212121212121,0.0
moderate,6.0,20,weighted_oracle,0.9836874051593323,0.9550561797752809,0.0449438202247191,24.637524090793914,24.718922265980122,0.08588269440025187,0.08368763682451894,0.09999999999999998,0.0
moderate,6.0,20,weighted_estimated,0.9283004552352049,0.6932153392330384,0.30678466076696165,20.417552143478037,21.599756481363947,0.0973235797388799,0.057335522525636576,0.11969696969696975,0.0
moderate,6.0,20,width_matched_global,0.8372534142640364,0.38440111420612816,0.6155988857938719,4.188570215692288,6.541233004225307,0.18965145701213776,0.147868994123747,0.39621212121212124,0.0
moderate,6.0,21,split,0.6483308042488619,0.26536312849162014,0.7043338412053496,2.2066066759785734,8.040944233305483,0.30137584661690403,0.2764961401083074,0.561596958174905,0.0
moderate,6.0,21,normalized,0.7287556904400607,0.4860335195530726,0.4750054414858884,2.572167071783382,5.766034277264671,0.22084826527476942,0.20017743979721167,0.35247148288973384,0.0
moderate,6.0,21,di_normalized,0.8615326251896813,0.6229050279329609,0.3684369634090304,3.669717443187019,5.149050012724479,0.12377415472908873,0.06088345431501326,0.13954372623574152,0.0
moderate,6.0,21,di_normalized_auto,0.9415781487101669,0.8080357142857143,0.18893398268398265,5.0720818133613665,5.644696747017609,0.0699782031591329,0.04354274686023731,0.09999999999999998,0.0
moderate,6.0,21,di_cqr_auto,0.8194233687405159,0.6319018404907976,0.31433471864898743,2.987132802035477,5.066664370960521,0.12814195969148426,0.10969092061297385,0.275,0.0
moderate,6.0,21,region_mondrian,0.6354324734446131,0.26536312849162014,0.6567147935863019,2.1610728359467295,8.045667235152239,0.3142246007548477,0.2810343933632907,0.5539923954372623,0.0
moderate,6.0,21,di_mondrian,0.8076631259484067,0.4664804469273743,0.524861544414617,3.204604162770996,5.718611042872316,0.16663370865097601,0.1321056573337942,0.28783269961977187,0.0
moderate,6.0,21,cqr,0.776176024279211,0.5828220858895705,0.3353597322922477,2.674398208417385,5.480450986715986,0.1628332202576202,0.1364540845719553,0.3090909090909091,0.0
moderate,6.0,21,di_cqr,0.8418057663125948,0.6533742331288344,0.2860197062651051,3.1456242745031013,4.913090745339231,0.11166897151160918,0.09489946998502133,0.24848484848484853,0.0
moderate,6.0,21,localized,0.6001517450682853,0.31843575418994413,0.629616193862004,2.021853445494911,8.367827308598834,0.3402245880895472,0.3208575296693168,0.6234848484848485,0.0
moderate,6.0,21,localized_cqr,0.7765553869499241,0.5797546012269938,0.3414575199851274,2.6869905163056402,5.45967670628301,0.1632593625830283,0.13607385643507316,0.3090909090909091,0.0
moderate,6.0,21,geo_localized,0.6490895295902883,0.4301675977653631,0.4873951262489738,2.2284654001926345,7.232372223696036,0.28628405402173285,0.27118590851480584,0.5121673003802282,0.0
moderate,6.0,21,weighted_oracle,0.9795144157814871,0.9330357142857143,0.0669642857142857,35.92472608440785,36.092878470628314,0.0817013249862481,0.07951664938356953,0.09999999999999998,0.0
moderate,6.0,21,weighted_estimated,0.9461305007587253,0.8690807799442897,0.13091922005571033,26.337172790591183,26.931254956168516,0.06490594547148049,0.051656584860006904,0.09999999999999998,0.0
moderate,6.0,21,width_matched_global,0.7776934749620638,0.40782122905027934,0.5921787709497206,3.1456242745031013,6.358886042519414,0.19469182117531206,0.17345258670353725,0.3790874524714829,0.0
moderate,6.0,22,split,0.5371775417298937,0.30128205128205127,0.468867202449292,1.9157869176741738,9.081760648439614,0.3751244902642796,0.3628960709759189,0.5768060836501901,0.0
moderate,6.0,22,normalized,0.7443095599393019,0.4935897435897436,0.4079027937236892,2.966930152904475,6.322519194754595,0.19524690013983154,0.1608261320428621,0.3106463878326996,0.0
moderate,6.0,22,di_normalized,0.8099393019726859,0.5961538461538461,0.3622949073087577,3.7469896834795033,5.401712323459866,0.1344431508912692,0.10814437147136768,0.18787878787878787,0.0
moderate,6.0,22,di_normalized_auto,0.9081942336874052,0.7960526315789473,0.20394736842105265,5.079872803382506,5.787292836531082,0.05980382109443171,0.06374582325152667,0.11673003802281368,0.0
moderate,6.0,22,di_cqr_auto,0.6722306525037937,0.34935897435897434,0.5858262108262109,3.0310734489071813,8.218601684015113,0.2597273576358481,0.2326929945846296,0.4361216730038023,0.0
moderate,6.0,22,region_mondrian,0.5872534142640364,0.30128205128205127,0.468867202449292,2.1429713432142496,8.438111071412731,0.3364266191301475,0.3128197372969236,0.5311787072243346,0.0
moderate,6.0,22,di_mondrian,0.7503793626707133,0.5032051282051282,0.4370933792575584,3.010896875145346,6.0307523959096345,0.18474034086322116,0.15224593847217424,0.35627376425855517,0.0
moderate,6.0,22,cqr,0.6282245827010622,0.2916666666666667,0.6435185185185186,2.7664416647384846,8.914054811977083,0.3001932138817692,0.2736611360755848,0.4893536121673004,0.0
moderate,6.0,22,di_cqr,0.6908194233687405,0.3717948717948718,0.5819088319088319,3.1766450734093583,7.8837535417494005,0.24509434959001697,0.21334168683028,0.42091254752851714,0.0
moderate,6.0,22,localized,0.6213960546282246,0.3269230769230769,0.5148679678530426,2.332351138915264,7.764960650074345,0.3028209555212674,0.2797548680723586,0.5045627376425856,0.0
moderate,6.0,22,localized_cqr,0.6452959028831563,0.3333333333333333,0.5648148148148149,2.8690817832964037,8.555222048696155,0.28018174286150044,0.25735885470676345,0.47034220532319393,0.0
moderate,6.0,22,geo_localized,0.5944613050075872,0.33653846153846156,0.5380884041331803,2.2609460315359797,8.303194245963697,0.33557876159953565,0.3056112455351999,0.5387832699619772,0.0
moderate,6.0,22,weighted_oracle,0.9245068285280729,0.8194945848375451,0.17773533205996184,31.303243786247666,32.04053000713514,0.06969584414011387,0.05302223758497522,0.09999999999999998,0.0
moderate,6.0,22,weighted_estimated,0.7693474962063733,0.4326923076923077,0.5285265288727893,16.319653637690184,19.40014618686455,0.19381377902794553,0.1426788800553059,0.31666666666666665,0.0
moderate,6.0,22,width_matched_global,0.7693474962063733,0.5064102564102564,0.4843304843304843,3.1766450734093583,6.048894356023236,0.1759968980903265,0.15504119138149555,0.3486692015209125,0.0
moderate,6.0,23,split,0.4954476479514416,0.30153846153846153,0.5371712158808933,2.0517319765804642,16.543895179239268,0.4226032651555914,0.4063477935245996,0.793939393939394,0.0
moderate,6.0,23,normalized,0.746206373292868,0.4430769230769231,0.521390081999219,3.9683588170078985,10.221352230260784,0.22439370429174704,0.1705628528632331,0.4378787878787879,0.0
moderate,6.0,23,di_normalized,0.6210166919575114,0.3723076923076923,0.490636470128856,3.0703048673773403,10.404607843577377,0.30898313085266566,0.27898519414679107,0.4817490494296578,0.0
moderate,6.0,23,di_normalized_auto,0.7234446130500759,0.47384615384615386,0.41447871925029284,3.788262463291133,8.217690956820485,0.21968518018685243,0.17660732803318355,0.3448669201520913,0.0
moderate,6.0,23,di_cqr_auto,0.8539453717754173,0.6307692307692307,0.3489262007028505,4.866708058559449,8.00801159507853,0.13607642293459538,0.08350990897568847,0.26363636363636367,0.0
moderate,6.0,23,region_mondrian,0.5318664643399089,0.30153846153846153,0.490339711050371,2.3983696043657226,14.927575590792026,0.3815164419271263,0.37068412259476896,0.7712121212121212,0.0
moderate,6.0,23,di_mondrian,0.7143399089529591,0.48417721518987344,0.4853659320182484,3.670210558668135,11.083312016623893,0.23516214962913531,0.21219207281944924,0.6121212121212121,0.0
moderate,6.0,23,cqr,0.7591047040971168,0.41846153846153844,0.5510816087465834,3.8993820768953626,9.00080564359574,0.21695484368481943,0.141935130775435,0.3848484848484849,0.0
moderate,6.0,23,di_cqr,0.8539453717754173,0.6307692307692307,0.3489262007028505,4.866708058559449,8.00801159507853,0.13607642293459538,0.08350990897568847,0.26363636363636367,0.0
moderate,6.0,23,localized,0.6490895295902883,0.4123076923076923,0.45063647012885594,3.115851407917838,11.217600521918191,0.280423230455366,0.25728396128586245,0.5212121212121212,0.0
moderate,6.0,23,localized_cqr,0.8144916540212443,0.48615384615384616,0.478313158922296,4.355440708545725,7.532784908361028,0.15628762256794843,0.08754724046549142,0.29772727272727273,0.0
moderate,6.0,23,geo_localized,0.552731411229135,0.2911392405063291,0.5210435006104222,2.4394743193491015,14.388477087523125,0.35918506176298903,0.3513155317432884,0.7371212121212122,0.0
moderate,6.0,23,weighted_oracle,0.9798937784522003,0.850828729281768,0.149171270718232,31.087114213638916,31.536706078615232,0.08736462853143252,0.07989399700426317,0.09999999999999998,0.0
moderate,6.0,23,weighted_estimated,0.8182852807283764,0.6461538461538462,0.3081608746583365,16.39558477389112,20.861201278351405,0.12933535518459827,0.12229317893766563,0.3220532319391636,0.0
moderate,6.0,23,width_matched_global,0.7936267071320182,0.5822784810126582,0.4177215189873418,4.866708058559449,10.209624607581462,0.1729274052385383,0.1820803087913354,0.5287878787878788,0.0
moderate,6.0,24,split,0.3975720789074355,0.11647727272727272,0.814215796579658,1.6061410106644125,15.524773330312742,0.5054686388585647,0.5024282751469065,0.7181818181818183,0.0
moderate,6.0,24,normalized,0.6893019726858877,0.5015015015015015,0.48859750839948857,3.103889317638053,7.767309462384525,0.2392851707683236,0.23252362023274573,0.4551330798479088,0.0
moderate,6.0,24,di_normalized,0.5720789074355084,0.17897727272727273,0.7715177767776777,2.6667993300046327,10.769465545496056,0.36406432491472934,0.3280029381265123,0.525,0.0
moderate,6.0,24,di_normalized_auto,0.5720789074355084,0.17897727272727273,0.7715177767776777,2.6667993300046327,10.769465545496056,0.36406432491472934,0.3280029381265123,0.525,0.0
moderate,6.0,24,di_cqr_auto,0.838391502276176,0.6558441558441559,0.32867596799485344,3.6772842232872205,5.302137922848717,0.12089459073324699,0.06186686254176751,0.18517110266159698,0.0
moderate,6.0,24,region_mondrian,0.4332321699544765,0.11647727272727272,0.7449088658865887,1.8537087107251071,14.142715212877564,0.47005876388075263,0.46676748473326424,0.6462121212121212,0.0
moderate,6.0,24,di_mondrian,0.5595599393019727,0.2897727272727273,0.6706233123312331,2.4718437039554493,11.49147868980546,0.36365398969800034,0.3404237239313285,0.5174242424242425,0.0
moderate,6.0,24,cqr,0.7977996965098634,0.5876623376623377,0.3813779100156809,3.3908047471014444,5.570828933598865,0.155688943846835,0.10404914160617582,0.22575757575757582,0.0
moderate,6.0,24,di_cqr,0.8539453717754173,0.685064935064935,0.2963592135418761,3.7921894296720122,5.229540354389733,0.10775580695698345,0.04844192879363983,0.1737642585551331,0.0
moderate,6.0,24,localized,0.48368740515933234,0.13636363636363635,0.824032403240324,2.0796493944650623,13.199685569045627,0.43889116477538875,0.41629075930406734,0.6878787878787879,0.0
moderate,6.0,24,localized_cqr,0.7974203338391502,0.6038961038961039,0.36204816854971655,3.401064471740717,5.562753082759904,0.1505001001273907,0.10261406844106465,0.2079847908745247,0.0
moderate,6.0,24,geo_localized,0.4783763277693475,0.24624624624624625,0.6448428626646449,1.9884503535249822,13.86784457735736,0.43910258314441997,0.4216024311556631,0.6992424242424242,0.0
moderate,6.0,24,weighted_oracle,0.9597875569044007,0.8972809667673716,0.09947227998587516,49.502324405408736,49.87666649932829,0.06954175354998181,0.06098283212351652,0.09999999999999998,0.0
moderate,6.0,24,weighted_estimated,0.9127465857359636,0.8173913043478261,0.164032844258985,39.00219084206088,39.808000394663026,0.060233447428848466,0.03321062334370317,0.07727272727272727,0.0
moderate,6.0,24,width_matched_global,0.7363429438543247,0.4772727272727273,0.5227272727272727,3.792189429672013,8.6299984974022,0.22667219396473354,0.2016868302799862,0.3600760456273765,0.0
moderate,6.0,25,split,0.5811836115326252,0.451505016722408,0.28208571686832556,2.0349941255223527,10.095240988590948,0.3332732831510992,0.31879968890425164,0.5212121212121212,0.0
moderate,6.0,25,normalized,0.7898330804248862,0.6349809885931559,0.2528077902847319,3.4726666375082655,6.656814966271843,0.13757028751907832,0.12280763912893193,0.31666666666666665,0.0
moderate,6.0,25,di_normalized,0.8163884673748103,0.5855513307984791,0.3967808246785527,4.053554589392758,7.065830203021814,0.15863564795057375,0.1054640511579675,0.19924242424242422,0.0
moderate,6.0,25,di_normalized_auto,0.8543247344461306,0.6768060836501901,0.3231939163498099,5.414128634344597,7.375272060481183,0.11767953209532167,0.09127088374236665,0.13484848484848488,0.0
moderate,6.0,25,di_cqr_auto,0.8732928679817906,0.7092198581560284,0.27649442755825737,4.022783728644517,5.374232675072064,0.10231909228492049,0.08228396128586242,0.21178707224334603,0.0
moderate,6.0,25,region_mondrian,0.5944613050075872,0.4220532319391635,0.369452559566628,2.170347339245115,9.754601873897244,0.32358170575279765,0.30551474824288516,0.471969696969697,0.0
moderate,6.0,25,di_mondrian,0.7317905918057663,0.5741444866920152,0.27744561931505185,2.866763734938488,7.792683107718729,0.19168418587644967,0.1737115451088835,0.33939393939393947,0.0
moderate,6.0,25,cqr,0.7886949924127465,0.6099290780141844,0.33578520770010134,3.3082684693941724,5.930842537291308,0.1801692971227381,0.1286637285401544,0.3258555133079848,0.0
moderate,6.0,25,di_cqr,0.8858118361153262,0.752851711026616,0.23571971754481258,4.1672324226222806,5.3207349272978135,0.08806682457636664,0.0826512270998963,0.18136882129277565,0.0
moderate,6.0,25,localized,0.6168437025796661,0.5019011406844106,0.24067311674133196,2.203898824411758,9.12274845351486,0.29577666900507044,0.283130256942044,0.4643939393939394,0.0
moderate,6.0,25,localized_cqr,0.779969650986343,0.596958174904943,0.34875611080934277,3.3031563757292193,6.084292995210708,0.19057073859966436,0.13435850904482086,0.33346007604562744,0.0
moderate,6.0,25,geo_localized,0.5493171471927162,0.30857142857142855,0.42888030888030887,1.9288297005422166,10.562316535894187,0.36971122702852793,0.3506279525290932,0.6651515151515152,0.0
moderate,6.0,25,weighted_oracle,0.9643399089529591,0.8996138996138996,0.10038610038610041,41.19838371461258,41.40386647526427,0.07179215405552594,0.0643320082958866,0.09999999999999998,0.0
moderate,6.0,25,weighted_estimated,0.9047799696509864,0.7799227799227799,0.22007722007722008,30.953184170359368,32.19310507775093,0.06946979514812512,0.061847563083304524,0.10152091254752849,0.0
moderate,6.0,25,width_matched_global,0.8482549317147192,0.6463878326996197,0.3239091970033505,4.1672324226222806,6.732516964370492,0.10629255011218006,0.09806458117294622,0.16893939393939394,0.0
moderate,6.0,26,split,0.5367981790591806,0.20277777777777778,0.6926197117619712,1.7849162177645168,13.35903367437068,0.39702475943593385,0.37507748588547074,0.7522727272727273,0.0
moderate,6.0,26,normalized,0.8057663125948407,0.6333333333333333,0.33475177304964543,3.7108327810391875,7.067726061732234,0.14162774142131515,0.12661740983984332,0.47954545454545455,0.0
moderate,6.0,26,di_normalized,0.8452200303490136,0.6753246753246753,0.30871787786681404,3.906727442845381,5.418092947659519,0.1045350094516828,0.06927094135269042,0.16893939393939394,0.0
moderate,6.0,26,di_normalized_auto,0.6100151745068285,0.33055555555555555,0.6162529550827422,2.4285989287518137,9.403443925732963,0.3253114722626825,0.295789837538887,0.6121212121212121,0.0
moderate,6.0,26,di_cqr_auto,0.7367223065250379,0.4431137724550898,0.5356096318002292,3.17950609184132,7.530114928192513,0.2315760343466339,0.17545252909321352,0.4681818181818182,0.0
moderate,6.0,26,region_mondrian,0.6225341426403642,0.20277777777777778,0.776264138389887,2.4875373949869717,12.093719822761459,0.35835160603449095,0.2969017167876484,0.7522727272727273,0.0
moderate,6.0,26,di_mondrian,0.661608497723824,0.33611111111111114,0.6638888888888889,2.586197158335658,10.455951198565328,0.29819429820710475,0.2697684064984445,0.6765151515151515,0.0
moderate,6.0,26,cqr,0.671092564491654,0.39221556886227543,0.5758695375207032,2.714567455961088,8.757479525866557,0.28346690004214764,0.23903445097361448,0.5212121212121212,0.0
moderate,6.0,26,di_cqr,0.7405159332321699,0.4491017964071856,0.5243024589119634,3.2153287785262887,7.522107511147124,0.22953347394609055,0.1764425625072013,0.4681818181818182,0.0
moderate,6.0,26,localized,0.618361153262519,0.33519553072625696,0.5850172352311899,2.3184447101879413,10.742762780915966,0.317766331537877,0.2957984790874525,0.543939393939394,0.0
moderate,6.0,26,localized_cqr,0.7564491654021245,0.46368715083798884,0.5150362534173303,3.297260652331692,7.477542276284336,0.2114862422451896,0.15316539923954373,0.36969696969696975,0.0
moderate,6.0,26,geo_localized,0.5402124430955993,0.23333333333333334,0.6549645390070922,1.8345871249299315,13.107804184669861,0.39159994934510955,0.3716554326535315,0.7636363636363637,0.0
moderate,6.0,26,weighted_oracle,0.9761001517450683,0.937125748502994,0.06287425149700598,19.618161855306962,19.762092228001347,0.08002577966044815,0.07609459615163036,0.09999999999999998,0.0
moderate,6.0,26,weighted_estimated,0.9112291350531108,0.7155688622754491,0.2791119887883806,15.53026892459737,16.790853003385585,0.08624998045608995,0.07411539347851134,0.16996197718631179,0.0
moderate,6.0,26,width_matched_global,0.7219271623672231,0.39444444444444443,0.6055555555555556,3.2153287785262887,9.615870682512439,0.25195582905288644,0.23979663555709183,0.6386363636363637,0.0
moderate,6.0,27,split,0.541350531107739,0.38323353293413176,0.43373075278015394,1.5609408666548885,10.006038296113537,0.38035588607358917,0.36428649614010833,0.7371212121212122,0.0
moderate,6.0,27,normalized,0.797040971168437,0.5527777777777778,0.4028435239973701,2.967296237370779,6.499314593347673,0.18394070265111753,0.11875331259361677,0.3318181818181818,0.0
moderate,6.0,27,di_normalized,0.7936267071320182,0.5565749235474006,0.43159075692597226,3.3095211093576933,6.375351732032059,0.18940112214878677,0.1290367553865653,0.22699619771863122,0.0
moderate,6.0,27,di_normalized_auto,0.8558421851289834,0.5957446808510638,0.4042553191489362,4.371726822759864,6.116527762462669,0.14190693305690436,0.07286092867841919,0.16893939393939394,0.0
moderate,6.0,27,di_cqr_auto,0.8528072837632777,0.5222222222222223,0.4747837658017299,4.279519767626447,7.244456500715823,0.1665711286720151,0.05971828551676459,0.18409090909090908,0.0
moderate,6.0,27,region_mondrian,0.5694233687405159,0.38323353293413176,0.5364093242087253,1.6786940608022165,9.86936671841013,0.3693423045811085,0.3399778200253486,0.7371212121212122,0.0
moderate,6.0,27,di_mondrian,0.7993171471927162,0.5722222222222222,0.3922748191978962,3.014249611437362,6.576891723946978,0.16700383918492176,0.11260341053116721,0.3810606060606061,0.0
moderate,6.0,27,cqr,0.8031107738998483,0.48333333333333334,0.507684630738523,3.804535142760072,7.62996123484337,0.19674049440225022,0.09980671736375157,0.2068181818181818,0.0
moderate,6.0,27,di_cqr,0.8687405159332322,0.5444444444444444,0.4555555555555556,4.459665426216313,7.165269167041573,0.15828103950399025,0.05310519645120404,0.18409090909090908,0.0
moderate,6.0,27,localized,0.7242033383915023,0.5416666666666666,0.386904761904762,2.5080206824883557,7.157890466358646,0.2241569507195809,0.1844558704919922,0.4378787878787879,0.0
moderate,6.0,27,localized_cqr,0.8292867981790591,0.5361111111111111,0.4549068529607452,4.134803575037803,7.044553380981849,0.16883540129452748,0.07665456849867495,0.18787878787878787,0.0
moderate,6.0,27,geo_localized,0.6813353566009105,0.3972222222222222,0.5090277777777779,2.286801671589115,7.658629318757164,0.2613595465170805,0.226560375619311,0.47575757575757577,0.0
moderate,6.0,27,weighted_oracle,0.9650986342943855,0.7446808510638298,0.25531914893617025,40.90018568435317,41.20190418285991,0.09225917186799455,0.06706216153934783,0.09999999999999998,0.0
moderate,6.0,27,weighted_estimated,0.9226100151745068,0.7431192660550459,0.25688073394495414,30.160088398919562,31.69044821783861,0.10931943673908415,0.04841254752851709,0.09999999999999998,0.0
moderate,6.0,27,width_matched_global,0.8987101669195751,0.6722222222222223,0.3277777777777777,4.459665426216312,6.165321548443548,0.10388155124278706,0.09477099896301416,0.2079847908745247,0.0
moderate,6.0,28,split,0.5766312594840668,0.13450292397660818,0.8018928357407062,2.1361469061237806,13.341328798764966,0.3926243987623967,0.34505530591081923,0.8545454545454546,0.0
moderate,6.0,28,normalized,0.6729893778452201,0.17543859649122806,0.7838374216083195,2.701748866442616,10.619814049170927,0.3328555542357194,0.2626299112801014,0.7977272727272727,0.0
moderate,6.0,28,di_normalized,0.8520485584218513,0.6578947368421053,0.30676957411195827,4.357617756596618,6.08483513945516,0.10604714953039343,0.08065042055536353,0.17756653992395444,0.0
moderate,6.0,28,di_normalized_auto,0.8520485584218513,0.6578947368421053,0.30676957411195827,4.357617756596618,6.08483513945516,0.10604714953039343,0.08065042055536353,0.17756653992395444,0.0
moderate,6.0,28,di_cqr_auto,0.874051593323217,0.7581699346405228,0.23624347318070615,3.50122914586384,5.022106365663664,0.08488770594575762,0.0721108422629335,0.21558935361216736,0.0
moderate,6.0,28,region_mondrian,0.6384673748103187,0.13450292397660818,0.8421637426900586,2.688084854330062,12.82293452730704,0.37736803646983025,0.29261464454430236,0.8431818181818183,0.0
moderate,6.0,28,di_mondrian,0.7226858877086495,0.1783625730994152,0.8145702890913975,3.0947828618163884,10.031717741814791,0.3093814409741347,0.23698726811844684,0.7977272727272727,0.0
moderate,6.0,28,cqr,0.8334597875569044,0.6993464052287581,0.2950670025924709,3.2518332629616156,5.200884109936758,0.12011284554157031,0.10534652609747668,0.2536121673003803,0.0
moderate,6.0,28,di_cqr,0.872154779969651,0.7516339869281046,0.24557271698250993,3.5459760925426416,4.994259487820865,0.08792800432748951,0.07141894227445558,0.2041825095057035,0.0
moderate,6.0,28,localized,0.631638846737481,0.14327485380116958,0.7931209059161449,2.520970131751152,11.718886134793129,0.35227790490557515,0.29185706878672657,0.8090909090909091,0.0
moderate,6.0,28,localized_cqr,0.834597875569044,0.6928104575163399,0.2848431737685764,3.2283075968937647,5.05112426348553,0.12042788114601682,0.09737613780389447,0.21939163498098857,0.0
moderate,6.0,28,geo_localized,0.5648710166919575,0.1286549707602339,0.7830058066249251,2.0725870366014782,13.573142101641277,0.3997094474653631,0.3545350846871759,0.8545454545454546,0.0
moderate,6.0,28,weighted_oracle,0.9920333839150227,0.954248366013072,0.04575163398692805,25.49372166695786,25.547046802846733,0.09331377045079797,0.09203537273879478,0.09999999999999998,0.0
moderate,6.0,28,weighted_estimated,0.9480273141122914,0.869281045751634,0.130718954248366,22.38522712973679,22.814773104601958,0.06088656757366958,0.06191698352344738,0.09999999999999998,0.0
moderate,6.0,28,width_matched_global,0.7439301972685888,0.18128654970760233,0.8187134502923976,3.5459760925426416,10.157561047997651,0.3076215499055973,0.24381121096900565,0.793939393939394,0.0
moderate,6.0,29,split,0.45106221547799696,0.08781869688385269,0.8288479697828139,1.7615232350323708,15.50235740159263,0.48323124579556037,0.45373948611591197,0.7674242424242425,0.0
moderate,6.0,29,normalized,0.7367223065250379,0.31444759206798867,0.6779766503562538,3.3041639630397985,8.894209963666267,0.25223333847261864,0.18470820371010482,0.65,0.0
moderate,6.0,29,di_normalized,0.7291350531107739,0.43870967741935485,0.5347751710654937,3.5145432363303013,7.241560655538714,0.22369475677329817,0.17087510081806662,0.31666666666666665,0.0
moderate,6.0,29,di_normalized_auto,0.8520485584218513,0.6806451612903226,0.28147605083088956,4.88290871986685,6.38728481386073,0.09339153849620198,0.07357673695126168,0.12348484848484853,0.0
moderate,6.0,29,di_cqr_auto,0.8239757207890743,0.45609065155807366,0.5249699545025324,4.305521466544751,8.465872944057784,0.186462367887454,0.1552148865076622,0.5780303030303031,0.0
moderate,6.0,29,region_mondrian,0.4654779969650986,0.08781869688385269,0.7297251627652701,1.8605655212068346,15.129966583977872,0.46593376915282525,0.43628787878787884,0.7674242424242425,0.0
moderate,6.0,29,di_mondrian,0.7329286798179059,0.2237960339943343,0.7383251781268778,3.3554250849807334,9.637797660752437,0.2705133476424786,0.19098801705265583,0.668939393939394,0.0
moderate,6.0,29,cqr,0.6942336874051593,0.2776203966005666,0.676925057944888,2.9435049835829092,10.793635459537317,0.2817383306291193,0.21353324115681532,0.6575757575757576,0.0
moderate,6.0,29,di_cqr,0.8239757207890743,0.45609065155807366,0.5249699545025324,4.305521466544751,8.465872944057784,0.186462367887454,0.1552148865076622,0.5780303030303031,0.0
moderate,6.0,29,localized,0.537556904400607,0.3286118980169972,0.5312365868314877,2.3463084812747903,11.446503753625693,0.3774357703603794,0.3649547758958406,0.7030303030303031,0.0
moderate,6.0,29,localized_cqr,0.706752655538695,0.45892351274787535,0.4614304695530096,3.161994730295047,9.988719497275316,0.2404556449741443,0.19875907362599382,0.6234848484848485,0.0
moderate,6.0,29,geo_localized,0.464339908952959,0.15864022662889518,0.7466628036741351,1.933576155093924,13.967533020774665,0.4666134524223081,0.43667962898951496,0.7446969696969697,0.0
moderate,6.0,29,weighted_oracle,0.9943095599393019,0.967741935483871,0.032258064516129004,28.234569344215938,28.268005122070754,0.09523914504079262,0.09430377923723929,0.09999999999999998,0.0
moderate,6.0,29,weighted_estimated,0.9935508345978755,0.9709677419354839,0.029032258064516148,22.967780220707365,22.998059658714812,0.0945482901390935,0.09354764373775779,0.09999999999999998,0.0
moderate,6.0,29,width_matched_global,0.8076631259484067,0.3031161473087819,0.6968838526912181,4.305521466544752,9.251306022732313,0.24118353054288896,0.1742444406037562,0.6310606060606061,0.0
severe,12.0,0,split,0.3353566009104704,0.20821114369501467,0.30489747053719507,1.2378308227579742,23.502746565650366,0.5672277980383983,0.5646704689480356,0.775,0.0
severe,12.0,0,normalized,0.7530349013657056,0.4724137931034483,0.5188398512114205,4.44028736401685,11.228176260147135,0.2352048603649341,0.1525671160271921,0.2787878787878788,0.0
severe,12.0,0,di_normalized,0.5861153262518968,0.3448275862068966,0.48899165577561077,3.4591158981856096,13.595500110468324,0.3584012851480677,0.31392441525521375,0.5515151515151515,0.0
severe,12.0,0,di_normalized_auto,0.7431714719271624,0.5047619047619047,0.43984450923226437,5.428573604856346,9.53538044324339,0.2306137864577797,0.15687003110957484,0.3772727272727273,0.0
severe,12.0,0,di_cqr_auto,0.8266312594840668,0.40344827586206894,0.596551724137931,4.513527755890809,7.404904647851316,0.1783805585804911,0.09089497637976728,0.22196969696969704,0.0
severe,12.0,0,region_mondrian,0.37291350531107736,0.20821114369501467,0.37980383757839353,1.4532738305632429,22.47303483730359,0.5357626836254742,0.5270970157852288,0.775,0.0
severe,12.0,0,di_mondrian,0.5842185128983308,0.4099722991689751,0.3451297416473514,2.83549246697851,16.0671898444297,0.32673683509831947,0.3167277336098629,0.5325757575757576,0.0
severe,12.0,0,cqr,0.7841426403641881,0.35172413793103446,0.642444958278878,4.215613103038171,7.696725212946674,0.21052993566904668,0.12474766678188728,0.24469696969696975,0.0
severe,12.0,0,di_cqr,0.8808801213960546,0.5137931034482759,0.4862068965517241,5.076366114471684,7.133453955259992,0.14098082691942693,0.06902724968314324,0.1765151515151515,0.0
severe,12.0,0,localized,0.41047040971168436,0.2482758620689655,0.36595634766886215,1.7763507026769165,20.064107098110615,0.5007330179817052,0.4895307639128932,0.6954545454545454,0.0
severe,12.0,0,localized_cqr,0.8194233687405159,0.38275862068965516,0.6172413793103448,4.460089842463612,7.6533260894262884,0.18540722039707333,0.0970371010485079,0.22196969696969704,0.0
severe,12.0,0,geo_localized,0.37367223065250377,0.187683284457478,0.362878513295331,1.373282340038729,22.973820230326996,0.5380919930384742,0.5263538426085954,0.6878787878787879,0.0
severe,12.0,0,weighted_oracle,0.7784522003034902,0.28095238095238095,0.719047619047619,37.960340366257775,41.538164473785116,0.2955205696022814,0.20110467795829018,0.4681818181818182,0.0
severe,12.0,0,weighted_estimated,0.7192716236722306,0.2904761904761905,0.6860633989666247,29.781077398009142,34.81016507129724,0.3502987313214334,0.25549976955870496,0.5730038022813688,0.0
severe,12.0,0,width_matched_global,0.7993171471927162,0.56,0.39626822157434394,5.076366114471683,12.054482008218171,0.16704942670636713,0.15232198409955067,0.2787878787878788,0.0
severe,12.0,1,split,0.13315629742033383,0.0,0.315,0.9702251657651945,40.061280995486534,0.7582687695147264,0.7668625417674847,0.8583333333333334,0.0
severe,12.0,1,normalized,0.5314871016691958,0.0,0.943217665615142,4.097601110596995,23.066255239420055,0.46064646118866814,0.3684583477359143,0.7295454545454546,0.0
severe,12.0,1,di_normalized,0.48634294385432475,0.04093567251461988,0.8261003385657126,4.65506880441611,19.765874880974316,0.507755911245376,0.41362628182970396,0.561596958174905,0.0
severe,12.0,1,di_normalized_auto,0.633535660091047,0.1871345029239766,0.7630040012311481,6.698544384010168,13.765651266019088,0.37081246955089653,0.26639877866113615,0.5136363636363637,0.0
severe,12.0,1,di_cqr_auto,0.4647192716236722,0.0,0.98,4.176010530549317,23.6535097464383,0.5165936023252584,0.43528488305104285,0.775,0.0
severe,12.0,1,region_mondrian,0.1650227617602428,0.0,0.38485804416403785,1.1468644233834786,38.747251776507944,0.7327093160208227,0.7350040327226639,0.846969696969697,0.0
severe,12.0,1,di_mondrian,0.41122913505311076,0.005847953216374269,0.723563811489508,2.995854208989445,27.282448185586006,0.5248934896325067,0.488776068671506,0.7674242424242425,0.0
severe,12.0,1,cqr,0.40364188163884673,0.0,0.96,3.564088577485551,26.513885020938165,0.5548181161813471,0.49636334831201745,0.7863636363636364,0.0
severe,12.0,1,di_cqr,0.47496206373292865,0.0,1.0,4.263774478599166,23.256224988379973,0.5124485035446228,0.42503744671045063,0.775,0.0
severe,12.0,1,localized,0.36722306525037934,0.0029239766081871343,0.6535857186826716,2.895086966627852,27.674147990693733,0.5704433755577233,0.5327629911280102,0.7787878787878788,0.0
severe,12.0,1,localized_cqr,0.48710166919575115,0.0,0.9294117647058824,4.335164900176921,23.117296161961157,0.4993105592686113,0.4128787878787879,0.7901515151515152,0.0
severe,12.0,1,geo_localized,0.2905918057663126,0.023391812865497075,0.5672514619883041,2.424150768358872,29.554643013100844,0.6382964257350955,0.609400564581173,0.793939393939394,0.0
severe,12.0,1,weighted_oracle,0.9996206373292867,0.995,0.0050000000000000044,39.14664024059377,39.14807041434058,0.09945685831890459,0.09961977186311785,0.09999999999999998,0.0
severe,12.0,1,weighted_estimated,0.9396813353566009,0.8583333333333333,0.14166666666666672,34.26904778981127,34.94647146103365,0.06433593067255303,0.08211890770826132,0.15855513307984792,0.0
severe,12.0,1,width_matched_global,0.5720789074355084,0.04678362573099415,0.941451668386653,4.263774478599166,22.254572933605154,0.427865019439042,0.32785027076852175,0.7371212121212122,0.0
severe,12.0,2,split,0.37177541729893776,0.0886426592797784,0.7216137509766318,1.2648808443087285,20.018235819438402,0.5435799312834074,0.5282377001958751,0.8431818181818183,0.0
severe,12.0,2,normalized,0.456752655538695,0.13573407202216067,0.7514454151573264,1.7706410302581157,17.750167984496752,0.48440441114554367,0.4450619310980527,0.828030303030303,0.0
severe,12.0,2,di_normalized,0.6657814871016692,0.23529411764705882,0.7314648851230243,3.739615644051001,10.196880060162416,0.3225272406061967,0.2497600530014979,0.36969696969696975,0.0
severe,12.0,2,di_normalized_auto,0.6657814871016692,0.23529411764705882,0.7314648851230243,3.739615644051001,10.196880060162416,0.3225272406061967,0.2497600530014979,0.36969696969696975,0.0
severe,12.0,2,di_cqr_auto,0.5895295902883156,0.2548476454293629,0.6836138930321756,2.7022350734536107,13.261424068254309,0.36249756726728305,0.3104101855052425,0.793939393939394,0.0
severe,12.0,2,region_mondrian,0.3968133535660091,0.0886426592797784,0.6703316996945805,1.42298267814319,19.332170113200736,0.5202502257874695,0.5095566885585898,0.8431818181818183,0.0
severe,12.0,2,di_mondrian,0.47382397572078905,0.1523545706371191,0.7809787626962142,1.9025639590936276,16.496592125080518,0.4682089981287371,0.42615796750777746,0.8242424242424242,0.0
severe,12.0,2,cqr,0.5056904400606981,0.1883656509695291,0.5992449684994975,2.10492405161868,15.636497808779653,0.42239140472058245,0.3953370203940546,0.828030303030303,0.0
severe,12.0,2,di_cqr,0.6236722306525038,0.28254847645429365,0.6815540876482704,2.967732624845825,12.37823247057417,0.3383637945963269,0.2826238621961056,0.7712121212121212,0.0
severe,12.0,2,localized,0.38505311077389986,0.11484593837535013,0.6954104718810601,1.3791747581834404,19.219662293803314,0.5292787060156167,0.5149686023735454,0.828030303030303,0.0
severe,12.0,2,localized_cqr,0.5178300455235205,0.2184873949579832,0.5661733720036687,2.2174695097507726,14.932531011106942,0.4086531040742898,0.3821508814379537,0.793939393939394,0.0
severe,12.0,2,geo_localized,0.36380880121396053,0.0886426592797784,0.6754599048227856,1.2731857638038422,19.755001358677365,0.5448519265404941,0.5361965664247033,0.8431818181818183,0.0
severe,12.0,2,weighted_oracle,0.9370257966616085,0.8314176245210728,0.16858237547892718,27.48341201779849,28.66241065350341,0.06271492144227234,0.08101567000806544,0.13863636363636367,0.0
severe,12.0,2,weighted_estimated,0.9313353566009105,0.847887323943662,0.15211267605633805,26.34849057435336,27.66644777371089,0.05992111934196233,0.0679790298421477,0.11969696969696975,0.0
severe,12.0,2,width_matched_global,0.5891502276176024,0.2742382271468144,0.7257617728531855,2.967732624845825,13.032031283325171,0.3785638918447112,0.32425941928793645,0.7219696969696969,0.0
severe,12.0,3,split,0.34104704097116845,0.17086834733893558,0.37772099435385437,1.373487302674927,16.581546700422088,0.5671801660209183,0.5590016130890655,0.7060836501901141,0.0
severe,12.0,3,normalized,0.674886191198786,0.42857142857142855,0.5306762203313928,3.3882824594337055,8.95804012416526,0.27554569402004847,0.22516274916465032,0.4171102661596958,0.0
severe,12.0,3,di_normalized,0.8444613050075872,0.6173913043478261,0.3798386125496809,5.488066144471296,7.488493410372877,0.1470537878468851,0.11609776471943774,0.2825757575757576,0.0
severe,12.0,3,di_normalized_auto,0.9203338391502276,0.7695652173913043,0.23043478260869565,8.31005085389333,9.118823048348318,0.08242937507209361,0.0983981449475746,0.1547528517110266,0.0
severe,12.0,3,di_cqr_auto,0.6350531107738998,0.29017857142857145,0.6095079489476041,3.15181074955782,9.565473752943886,0.3151430877935057,0.2650262126973154,0.45133079847908747,0.0
severe,12.0,3,region_mondrian,0.3880880121396055,0.17086834733893558,0.5783065701528136,1.7042963887787663,15.455048271362577,0.5365402545593955,0.5119440603756193,0.6765151515151515,0.0
severe,12.0,3,di_mondrian,0.5178300455235205,0.2969187675070028,0.5338022356277934,2.305789188966768,11.988677841594326,0.40715430008560194,0.3822041709874409,0.561596958174905,0.0
severe,12.0,3,cqr,0.6138088012139605,0.24553571428571427,0.6259376399462606,3.018276448670891,9.94543919571867,0.33660774095812723,0.2862656988132274,0.45893536121673006,0.0
severe,12.0,3,di_cqr,0.6509863429438544,0.33035714285714285,0.5818685624720108,3.244711652712908,9.319225834047993,0.29747516341578245,0.25091513999308673,0.4361216730038023,0.0
severe,12.0,3,localized,0.48558421851289835,0.2857142857142857,0.5387371249440215,2.1135331325314137,12.776383374180217,0.4415838953987046,0.41446883281484037,0.5501901140684411,0.0
severe,12.0,3,localized_cqr,0.6153262518968133,0.25,0.6214733542319749,3.0275846347780715,9.904050927161341,0.33516623364508674,0.2847491070399816,0.45893536121673006,0.0
severe,12.0,3,geo_localized,0.37291350531107736,0.20089285714285715,0.43860557545902373,1.57200903922478,15.440498791821843,0.5399312158536396,0.5271560663670929,0.6832699619771864,0.0
severe,12.0,3,weighted_oracle,0.9863429438543247,0.9553571428571429,0.044642857142857095,43.701211282884685,43.853801286435676,0.08670316371994244,0.08633483120175132,0.09999999999999998,0.0
severe,12.0,3,weighted_estimated,0.9556145675265554,0.9151785714285714,0.0848214285714286,39.378044589683974,40.08187044110815,0.06379242377201122,0.07327341859661249,0.09999999999999998,0.0
severe,12.0,3,width_matched_global,0.6619878603945372,0.39215686274509803,0.5984387485401683,3.2447116527129083,9.31492390160774,0.2784586457240839,0.2519996543380574,0.4475285171102662,0.0
severe,12.0,4,split,0.36836115326251895,0.15512465373961218,0.4327715998626933,1.288930147174846,16.866787513939904,0.5398254381238544,0.5316395898144948,0.7598484848484849,0.0
severe,12.0,4,normalized,0.5914264036418816,0.30791788856304986,0.5393548387096774,2.3777051508924356,12.021873615045081,0.3501950479401015,0.3085666551446019,0.5287878787878788,0.0
severe,12.0,4,di_normalized,0.657814871016692,0.31671554252199413,0.5614008009683107,3.465062781517873,10.315369201401474,0.30482054441186857,0.26938846641318126,0.5136363636363637,0.0
severe,12.0,4,di_normalized_auto,0.7996965098634294,0.501466275659824,0.462522644007766,5.5703447065702765,9.29999290573722,0.18126093726818165,0.15730239658946887,0.27121212121212124,0.0
severe,12.0,4,di_cqr_auto,0.6119119878603946,0.2522255192878338,0.6311078140454995,2.3548107616718004,10.243417316745372,0.3202033571436581,0.28797960594538546,0.7143939393939394,0.0
severe,12.0,4,region_mondrian,0.37139605462822456,0.15512465373961218,0.4327715998626933,1.3020697773512337,16.814706923984367,0.5364095774537936,0.5286064062680033,0.7598484848484849,0.0
severe,12.0,4,di_mondrian,0.5364188163884673,0.2727272727272727,0.5108984582668793,2.1466727528436955,12.779121321963334,0.39742921532633974,0.3635585896992741,0.6121212121212121,0.0
severe,12.0,4,cqr,0.590288315629742,0.2433234421364985,0.6233432245301682,2.2586840813417117,10.53501355240222,0.33757427915584626,0.30960076045627377,0.7219696969696969,0.0
severe,12.0,4,di_cqr,0.686267071320182,0.2789317507418398,0.6558508579538125,2.7157905074684154,9.280862924246454,0.26473854004746317,0.2136147597649499,0.6803030303030303,0.0
severe,12.0,4,localized,0.3099393019726859,0.11080332409972299,0.4223378862749168,1.042939028525162,18.217925401442333,0.5872317214230351,0.5900650996658602,0.793939393939394,0.0
severe,12.0,4,localized_cqr,0.5895295902883156,0.2433234421364985,0.6233432245301682,2.2539054104518335,10.551820103670904,0.3382241268608232,0.3103597764719438,0.7219696969696969,0.0
severe,12.0,4,geo_localized,0.36911987860394535,0.11080332409972299,0.5003077870113881,1.4761880101420919,17.22629323006311,0.550683236310394,0.530882014056919,0.7712121212121212,0.0
severe,12.0,4,weighted_oracle,0.996206373292868,0.9444444444444444,0.05555555555555558,53.01354374758302,53.06107142633218,0.095437768346112,0.09620059914736719,0.09999999999999998,0.0
severe,12.0,4,weighted_estimated,0.93247344461305,0.6666666666666666,0.33333333333333337,45.13331851128623,46.0647588122289,0.11828296060677962,0.07344135269040211,0.10833333333333339,0.0
severe,12.0,4,width_matched_global,0.6213960546282246,0.31671554252199413,0.6141935483870968,2.715790507468416,11.201028366919303,0.3304172032627071,0.28722836732342444,0.5022727272727273,0.0
severe,12.0,5,split,0.3550834597875569,0.16,0.3816666666666666,1.6445194405596022,16.445042648823218,0.5520048097434477,0.544888524023505,0.7522727272727273,0.0
severe,12.0,5,normalized,0.4977238239757208,0.2633333333333333,0.4711299435028249,2.4518526094879185,13.371516292305179,0.4277310543512792,0.40221655720705146,0.6727272727272727,0.0
severe,12.0,5,di_normalized,0.6661608497723824,0.2733333333333333,0.6738888888888889,3.6950735370330654,8.291094583026307,0.3217190563806617,0.2409571955294389,0.4681818181818182,0.0
severe,12.0,5,di_normalized_auto,0.7856600910470409,0.41823899371069184,0.5623165618448637,5.267631806866173,7.574859939893714,0.23515825551867106,0.18518348888120753,0.34318181818181825,0.0
severe,12.0,5,di_cqr_auto,0.9100910470409712,0.7218045112781954,0.27819548872180455,5.834169652270745,7.695863455117134,0.08927302986722842,0.0670699389330568,0.1575757575757576,0.0
severe,12.0,5,region_mondrian,0.3915022761760243,0.16,0.5108860759493671,1.8769550361412741,15.594412655067321,0.5327742048421037,0.5084687175941929,0.7522727272727273,0.0
severe,12.0,5,di_mondrian,0.7090288315629742,0.5375939849624061,0.3607110997833567,3.6521354341111487,8.822678910221642,0.22645157867920443,0.20247926028344282,0.5515151515151515,0.0
severe,12.0,5,cqr,0.7663125948406677,0.5366666666666666,0.4438888888888889,4.020711699425731,8.63544430243557,0.20219416666972473,0.13840217767023852,0.29393939393939394,0.0
severe,12.0,5,di_cqr,0.9100910470409712,0.7218045112781954,0.27819548872180455,5.834169652270745,7.695863455117134,0.08927302986722842,0.0670699389330568,0.1575757575757576,0.0
severe,12.0,5,localized,0.6179817905918058,0.34962406015037595,0.5531537176274018,3.6681913009915177,10.154634635036343,0.33511423204606394,0.2820428620808849,0.4871212121212121,0.0
severe,12.0,5,localized_cqr,0.7640364188163885,0.53,0.4505555555555555,4.000072003569375,8.658356434878296,0.20519085551848226,0.14067634520106004,0.29772727272727273,0.0
severe,12.0,5,geo_localized,0.3956752655538695,0.12,0.6661111111111111,1.8562560406631947,16.1795627459613,0.5535641021436,0.5042962898951492,0.6651515151515152,0.0
severe,12.0,5,weighted_oracle,0.9992412746585736,0.9939393939393939,0.0060606060606061,43.30018877753452,43.30246118551189,0.09934485936132925,0.09924242424242422,0.09999999999999998,0.0
severe,12.0,5,weighted_estimated,0.9984825493171472,0.990909090909091,0.009090909090909038,36.87813989436939,36.88261986213913,0.09866267292275442,0.09848484848484847,0.09999999999999998,0.0
severe,12.0,5,width_matched_global,0.9275417298937785,0.6654135338345865,0.33458646616541354,5.834169652270745,7.815969708541647,0.10402783890325466,0.07822300956331373,0.22196969696969704,0.0
severe,12.0,6,split,0.2287556904400607,0.008310249307479225,0.7280533870561571,2.3431843575036915,46.37664880470572,0.6587290347463348,0.6712610899873258,0.9,0.0
severe,12.0,6,normalized,0.285660091047041,0.01662049861495845,0.8288340468395871,3.5275975663535273,37.94996239423892,0.6131276243588849,0.6143320082958866,0.9,0.0
severe,12.0,6,di_normalized,0.48065250379362673,0.24561403508771928,0.590749601275917,6.111712257256465,22.994914528486348,0.4298580824432501,0.4289339209586358,0.7371212121212122,0.0
severe,12.0,6,di_normalized_auto,0.6881638846737481,0.5144694533762058,0.3764396375328851,9.615726365459167,17.010029420105788,0.2427571034886108,0.25193109805277103,0.4817490494296578,0.0
severe,12.0,6,di_cqr_auto,0.6957511380880121,0.40514469453376206,0.5505339758263488,4.099716142932283,10.865905108442067,0.2525323179057473,0.2049066712754926,0.45893536121673006,0.0
severe,12.0,6,region_mondrian,0.2302731411229135,0.008310249307479225,0.7462352052379753,2.419017604150801,46.10928142158797,0.6577216485610035,0.6697344164074203,0.9,0.0
severe,12.0,6,di_mondrian,0.30462822458270106,0.008310249307479225,0.8735079325107026,3.6294433087634803,37.69585363461506,0.5980333716626561,0.5953450858393825,0.9,0.0
severe,12.0,6,cqr,0.6028072837632777,0.3247588424437299,0.5561275841490679,3.2168954427990797,13.180097412372906,0.33004043940883465,0.2972836732342436,0.5730038022813688,0.0
severe,12.0,6,di_cqr,0.712443095599393,0.42765273311897106,0.5307960203436328,4.238420187025589,10.61589934325371,0.238755301445095,0.19427324576564123,0.4475285171102662,0.0
severe,12.0,6,localized,0.22420333839150228,0.008310249307479225,0.6916897506925207,2.5627904540391486,44.11182618394483,0.6631521329246688,0.6758137458232516,0.9,0.0
severe,12.0,6,localized_cqr,0.6035660091047041,0.3054662379421222,0.5698800224456895,3.157367874546953,13.110646147258347,0.3329215048046998,0.29651889618619665,0.5539923954372623,0.0
severe,12.0,6,geo_localized,0.22572078907435508,0.008310249307479225,0.7280533870561571,2.296795468799013,46.69986106422744,0.6612599105835044,0.6742942735338173,0.9,0.0
severe,12.0,6,weighted_oracle,0.988619119878604,0.9424778761061947,0.05752212389380529,73.84970674775461,73.9609309911887,0.08663590748960284,0.08861620002304411,0.09999999999999998,0.0
severe,12.0,6,weighted_estimated,0.8861911987860395,0.5659163987138264,0.4340836012861736,54.86921928442613,57.396444568958366,0.1474872463610252,0.09718285516764605,0.21060606060606057,0.0
severe,12.0,6,width_matched_global,0.34559939301972686,0.0110803324099723,0.9707378494082095,4.238420187025589,34.73976457151549,0.5710153622846724,0.5630176287590736,0.9,0.0
severe,12.0,7,split,0.29931714719271624,0.12280701754385964,0.48748710010319923,1.111141307440021,17.383748564715834,0.5835199524293829,0.6006999654338059,0.8053030303030303,0.0
severe,12.0,7,normalized,0.6244309559939302,0.2777777777777778,0.6633986928104575,2.8357758634340007,10.094833596392286,0.2978982705234458,0.2841548565502938,0.5780303030303031,0.0
severe,12.0,7,di_normalized,0.5443854324734446,0.3567251461988304,0.36386308909528725,2.6841978425789486,9.051654203278515,0.3601277024690897,0.35559828321235165,0.46273764258555133,0.0
severe,12.0,7,di_normalized_auto,0.7325493171471927,0.6169590643274854,0.26359649122807016,3.7798222420044003,6.5925065919287045,0.19098180218252694,0.17405346238045857,0.33726235741444865,0.0
severe,12.0,7,di_cqr_auto,0.7518968133535661,0.3538011695906433,0.6186126235128049,4.180982167603556,9.91850023365662,0.2284291175356538,0.15083794215923493,0.4871212121212121,0.0
severe,12.0,7,region_mondrian,0.3588770864946889,0.12280701754385964,0.7556976553533366,1.445398640910854,16.657446802562887,0.5589747243531102,0.5411366516879825,0.8053030303030303,0.0
severe,12.0,7,di_mondrian,0.6430197268588771,0.4327485380116959,0.45695734434124524,3.0779876518482223,8.863594923314677,0.2683812998998982,0.25789030994354184,0.615909090909091,0.0
severe,12.0,7,cqr,0.7052352048558422,0.2543859649122807,0.7249243799153055,3.6990913606555336,10.797188775079615,0.27430499719930446,0.19470993201981796,0.5098484848484849,0.0
severe,12.0,7,di_cqr,0.7553110773899848,0.3538011695906433,0.6186126235128049,4.204735057461421,9.880143694091547,0.22761961952637164,0.15273332181126859,0.4871212121212121,0.0
severe,12.0,7,localized,0.462443095599393,0.30994152046783624,0.40329377364981084,2.1679608614959984,11.184796728189724,0.4310117008412346,0.43757921419518375,0.7068181818181818,0.0
severe,12.0,7,localized_cqr,0.7264795144157815,0.3216374269005848,0.6645694696511393,3.9392016462749266,10.11844812230131,0.24977048028288326,0.17755703422053232,0.5022727272727273,0.0
severe,12.0,7,geo_localized,0.47078907435508344,0.2134502923976608,0.48830409356725146,2.0447043223001278,12.635056320847843,0.44178198072930097,0.4291738679571379,0.7636363636363637,0.0
severe,12.0,7,weighted_oracle,0.8190440060698028,0.6344827586206897,0.3655172413793103,27.365150625229703,29.8832571348118,0.13599203969736715,0.1681429312132734,0.4247148288973384,0.0
severe,12.0,7,weighted_estimated,0.7158573596358119,0.5467836257309941,0.43654970760233913,20.13687643489703,25.401787395088057,0.2257233517576996,0.19435044359949302,0.4893536121673004,0.0
severe,12.0,7,width_matched_global,0.7807283763277694,0.5497076023391813,0.4429394564843482,4.20473505746142,7.197813936595053,0.1595108502300143,0.15160848023965895,0.5212121212121212,0.0
severe,12.0,8,split,0.3975720789074355,0.12188365650969529,0.5324373311446258,1.6006133422966717,16.598601996190624,0.5067336751572393,0.5057774513192764,0.8053030303030303,0.0
severe,12.0,8,normalized,0.6441578148710166,0.32409972299168976,0.519521676185265,3.042701226738119,10.21704430102377,0.27400640329042253,0.27077687521603877,0.5780303030303031,0.0
severe,12.0,8,di_normalized,0.7541729893778453,0.5623268698060941,0.4127423822714682,4.729612030508283,8.346784365488237,0.1832031899169034,0.18546520336444292,0.3828897338403042,0.0
severe,12.0,8,di_normalized_auto,0.7541729893778453,0.5623268698060941,0.4127423822714682,4.729612030508283,8.346784365488237,0.1832031899169034,0.18546520336444292,0.3828897338403042,0.0
severe,12.0,8,di_cqr_auto,0.6172230652503794,0.22714681440443213,0.6054891688591661,2.8746091547031347,11.191717643397963,0.310684748968255,0.28272554441755965,0.5742424242424242,0.0
severe,12.0,8,region_mondrian,0.415402124430956,0.12188365650969529,0.6297503304184093,1.8274481071830264,16.331861244533165,0.5062246287362597,0.49097447862656984,0.7787878787878788,0.0
severe,12.0,8,di_mondrian,0.5208649468892261,0.18559556786703602,0.5962974362481903,2.3034302140885177,13.260982358708219,0.3932862877111904,0.3857325152667358,0.7143939393939394,0.0
severe,12.0,8,cqr,0.6031866464339909,0.21606648199445982,0.6000254720285287,2.7919330339295447,11.441488541240787,0.32099493861464556,0.2967723816107847,0.5742424242424242,0.0
severe,12.0,8,di_cqr,0.650227617602428,0.24653739612188366,0.6697805955099155,3.053136631613784,10.657973155970721,0.28989877458581986,0.25002506049083995,0.562878787878788,0.0
severe,12.0,8,localized,0.5163125948406677,0.1745152354570637,0.5553698220142007,2.3389525986140773,13.706460381249473,0.40856564423929936,0.39239313284940663,0.668939393939394,0.0
severe,12.0,8,localized_cqr,0.6593323216995448,0.2520775623268698,0.60424427675359,3.3319205670749508,9.998423748516517,0.2731274140592781,0.24066136651687983,0.4265151515151515,0.0
severe,12.0,8,geo_localized,0.3888467374810319,0.17174515235457063,0.5179100200592225,1.6407002181232113,16.178527000183358,0.5154030616454423,0.5111605599723471,0.7977272727272727,0.0
severe,12.0,8,weighted_oracle,0.9852048558421851,0.9642857142857143,0.0357142857142857,34.86666350869597,34.960986427036076,0.08424018037615202,0.08519846756538771,0.09999999999999998,0.0
severe,12.0,8,weighted_estimated,0.947268588770865,0.8765432098765432,0.12345679012345678,29.874103001703272,30.481693971122002,0.06215512174714383,0.05960392902408111,0.09999999999999998,0.0
severe,12.0,8,width_matched_global,0.6263277693474962,0.29916897506925205,0.5650285557949455,3.053136631613784,11.042651360986214,0.2944585430408309,0.3060675192994585,0.6272727272727273,0.0
severe,12.0,9,split,0.26858877086494687,0.0332409972299169,0.6538338327020559,1.4230285973361132,28.811229955513635,0.6357625239199481,0.6362734762069364,0.8923954372623575,0.0
severe,12.0,9,normalized,0.34066767830045525,0.05263157894736842,0.5891594658287509,2.0445301490845846,24.10878253927793,0.5656453521773992,0.5604122018665746,0.8049429657794677,0.0
severe,12.0,9,di_normalized,0.5011380880121397,0.13850415512465375,0.6846250965760265,3.3266264678479125,15.78905807331213,0.43128541325489306,0.4037754925682682,0.6718631178707224,0.0
severe,12.0,9,di_normalized_auto,0.5011380880121397,0.13850415512465375,0.6846250965760265,3.3266264678479125,15.78905807331213,0.43128541325489306,0.4037754925682682,0.6718631178707224,0.0
severe,12.0,9,di_cqr_auto,0.30728376327769347,0.0,0.7074829931972789,1.910735222013543,24.00820493967534,0.6084797075494557,0.5998219840995508,0.865909090909091,0.0
severe,12.0,9,region_mondrian,0.2924886191198786,0.0332409972299169,0.5926093429061375,1.5445539078584116,28.151066939129517,0.6136570064295236,0.6146595229865192,0.8885931558935362,0.0
severe,12.0,9,di_mondrian,0.3903641881638847,0.09695290858725762,0.722774982569205,2.3589189300571674,23.01536897835311,0.5315552178589567,0.5276080193570688,0.8619771863117871,0.0
severe,12.0,9,cqr,0.26934749620637327,0.0,0.6666666666666666,1.6447929680306714,25.68803344042928,0.6410946472186044,0.630645811729462,0.8772727272727273,0.0
severe,12.0,9,di_cqr,0.38429438543247346,0.002770083102493075,0.789746923700228,2.4415334926965175,20.66198782422236,0.5451405900187857,0.5245575527134463,0.8356060606060607,0.0
severe,12.0,9,localized,0.3156297420333839,0.0443213296398892,0.6257466975709951,1.9548235125474,24.480213336299176,0.5904665156778636,0.5915145754119138,0.8391634980988594,0.0
severe,12.0,9,localized_cqr,0.2701062215477997,0.0,0.6502242152466368,1.6826760538152665,25.292696019311624,0.6394775656650348,0.6298925567461688,0.8772727272727273,0.0
severe,12.0,9,geo_localized,0.26934749620637327,0.036011080332409975,0.6510637495995628,1.456145890255743,28.513530966155326,0.6352294872071094,0.6347612052079733,0.8923954372623575,0.0
severe,12.0,9,weighted_oracle,0.9901365705614568,0.9253731343283582,0.07462686567164178,46.413822167935336,46.507870665099276,0.08833629339236618,0.09013135153819563,0.09999999999999998,0.0
severe,12.0,9,weighted_estimated,0.7579666160849773,0.4384858044164038,0.5172965085087662,28.040976454899727,33.76766932648455,0.21764328089755566,0.15525751814725203,0.28783269961977187,0.0
severe,12.0,9,width_matched_global,0.3945371775417299,0.09695290858725762,0.7261763431134227,2.441533492696518,23.019631618010965,0.5284230607087523,0.5295048392671967,0.8619771863117871,0.0
severe,12.0,10,split,0.3349772382397572,0.1378299120234604,0.6507879741554013,1.5228469595061718,16.950737515344812,0.567273370335796,0.5650622191496716,0.7745247148288974,0.0
severe,12.0,10,normalized,0.48748103186646435,0.23460410557184752,0.6109243497127054,2.5391889982401374,11.731189516971584,0.42999302949714924,0.4189183661712179,0.6566539923954373,0.0
severe,12.0,10,di_normalized,0.5580424886191199,0.3225806451612903,0.5066876475216364,3.0267277374370454,8.961268210254543,0.36635497912551807,0.34201664938356957,0.5653992395437263,0.0
severe,12.0,10,di_normalized_auto,0.7886949924127465,0.6480938416422287,0.29883353265944723,4.388921734084482,6.467210812706073,0.14255560818873522,0.13646762299804124,0.26882129277566547,0.0
severe,12.0,10,di_cqr_auto,0.7329286798179059,0.3196480938416422,0.6626840616353895,4.22203649548465,8.876535508582657,0.239912934664613,0.1718593731996774,0.30304182509505706,0.0
severe,12.0,10,region_mondrian,0.33801213960546284,0.1378299120234604,0.7402188684643445,1.5364525124779023,16.948646832586274,0.5670974371538456,0.5620247148288973,0.7745247148288974,0.0
severe,12.0,10,di_mondrian,0.40819423368740515,0.17888563049853373,0.6829029873876451,1.9113339301305918,14.647007280429595,0.5063662434002721,0.491817893766563,0.7326996197718632,0.0
severe,12.0,10,cqr,0.6452959028831563,0.21994134897360704,0.7556684071239539,3.550526415806507,10.495948305430312,0.3275934081299757,0.25579185390021897,0.4361216730038023,0.0
severe,12.0,10,di_cqr,0.7735204855842185,0.35777126099706746,0.628094463384558,4.585166473840846,8.302320280597229,0.20969093890997018,0.13962207627606865,0.24980988593155895,0.0
severe,12.0,10,localized,0.33763277693474963,0.1378299120234604,0.6670481367570275,1.5340410946731786,16.88438228833745,0.5654973500360284,0.5624063832238737,0.7745247148288974,0.0
severe,12.0,10,localized_cqr,0.6339150227617603,0.19941348973607037,0.7723179590271805,3.4715951032115298,10.981548498046498,0.34113959827485546,0.26944982140799634,0.47034220532319393,0.0
severe,12.0,10,geo_localized,0.3349772382397572,0.1378299120234604,0.6507879741554013,1.5222888657727813,16.954084621854026,0.5674617308463987,0.5650607788915774,0.7745247148288974,0.0
severe,12.0,10,weighted_oracle,0.9252655538694993,0.8215384615384616,0.17846153846153845,62.010942206101284,62.78010681325289,0.06960460003997643,0.08059079387026155,0.16615969581749057,0.0
severe,12.0,10,weighted_estimated,0.6650227617602428,0.20527859237536658,0.7137158210324546,29.503998535937438,36.22376362603467,0.3092398196833181,0.23534594999423897,0.41515151515151516,0.0
severe,12.0,10,width_matched_global,0.787556904400607,0.5747800586510264,0.42521994134897356,4.585166473840846,7.019568726610111,0.1796972609974621,0.15877434036179286,0.39242424242424245,0.0
severe,12.0,11,split,0.38163884673748105,0.2111801242236025,0.4472049689440994,1.5727469456903587,17.463295031428412,0.5221722613372047,0.5183791335407305,0.7212927756653993,0.0
severe,12.0,11,normalized,0.6714719271623673,0.46258503401360546,0.4314547010857323,3.1893054875348725,10.816297846540927,0.26062007802620524,0.22853583362138497,0.43409090909090914,0.0
severe,12.0,11,di_normalized,0.7651745068285281,0.45652173913043476,0.5351217149085625,4.67135838449155,8.561935620686715,0.22547141182876884,0.15161049660099093,0.26363636363636367,0.0
severe,12.0,11,di_normalized_auto,0.8713960546282246,0.5807453416149069,0.4192546583850931,7.051365900202951,8.671602111595826,0.13351011074922747,0.08276817605714945,0.16235741444866925,0.0
severe,12.0,11,di_cqr_auto,0.7033383915022762,0.35093167701863354,0.6072676798945498,3.11643792135681,10.221497194967913,0.28266551399080125,0.1966600414794331,0.3053030303030303,0.0
severe,12.0,11,region_mondrian,0.507587253414264,0.2111801242236025,0.7663118371911886,2.1371248675369823,15.707934947338225,0.4386108679339892,0.39245016706993896,0.6110266159695819,0.0
severe,12.0,11,di_mondrian,0.625948406676783,0.36645962732919257,0.5590062111801242,2.9293876671839767,11.852757773105326,0.3091614818300799,0.2740422283673235,0.496958174904943,0.0
severe,12.0,11,cqr,0.6688163884673748,0.3198757763975155,0.6366459627329193,2.828203479426353,10.857091037423647,0.3078901315323039,0.23119887083765409,0.37148288973384036,0.0
severe,12.0,11,di_cqr,0.7147192716236722,0.35714285714285715,0.6042719338539275,3.183641302245623,10.095414503362953,0.27623796235931314,0.18634116833736608,0.29772727272727273,0.0
severe,12.0,11,localized,0.5,0.2795031055900621,0.5962732919254659,2.1655622367461294,14.66639106742919,0.4175011716638963,0.4000100818066598,0.6338403041825096,0.0
severe,12.0,11,localized_cqr,0.6396054628224582,0.32608695652173914,0.6304347826086957,2.6387890061983525,11.416141897018214,0.318531213134435,0.26036265698813227,0.47954545454545455,0.0
severe,12.0,11,geo_localized,0.44461305007587254,0.2585034013605442,0.3812481514344868,1.9222042736752074,15.617561457468142,0.4671631913999429,0.45544417559626693,0.6718631178707224,0.0
severe,12.0,11,weighted_oracle,0.9954476479514416,0.9813664596273292,0.018633540372670843,36.5271218991254,36.571658346221554,0.09604590609800241,0.09544446364788568,0.09999999999999998,0.0
severe,12.0,11,weighted_estimated,0.9518209408194234,0.8726708074534162,0.1273291925465838,33.25092319113142,34.04914939175741,0.06778444185538923,0.07027624150247722,0.09999999999999998,0.0
severe,12.0,11,width_matched_global,0.6562974203338392,0.4161490683229814,0.546583850931677,3.183641302245623,11.482660777246256,0.2846339197915893,0.25916205784076507,0.47414448669201525,0.0
severe,12.0,12,split,0.41274658573596357,0.16620498614958448,0.6053999521220205,1.7807274751773752,15.230403651482087,0.4890411591395417,0.4873430118677267,0.7136882129277566,0.0
severe,12.0,12,normalized,0.795144157814871,0.6925207756232687,0.23957798980883005,4.080981010681532,6.216154304155567,0.12443168661719232,0.10520422859776471,0.21060606060606057,0.0
severe,12.0,12,di_normalized,0.7750379362670713,0.5833333333333334,0.40792031098153547,4.787724766627597,7.550516140278406,0.18912547104919997,0.16125676921304297,0.33726235741444865,0.0
severe,12.0,12,di_normalized_auto,0.6684370257966616,0.4791666666666667,0.46543974732750243,3.5895573570037813,8.351355221291405,0.269125670153824,0.23955294388754464,0.4475285171102662,0.0
severe,12.0,12,di_cqr_auto,0.8042488619119879,0.5235457063711911,0.4683242123279958,4.771865561237212,7.754749141600554,0.17937074786260598,0.11329531051964514,0.28783269961977187,0.0
severe,12.0,12,region_mondrian,0.4540971168437026,0.16620498614958448,0.5498443965664649,1.9859190875948638,14.552133769310016,0.45721688283222844,0.4459816799170412,0.6908745247148289,0.0
severe,12.0,12,di_mondrian,0.4965857359635812,0.20221606648199447,0.6681543038883759,2.2686606522509907,12.926281221024327,0.4142759517435469,0.4035041479433114,0.6718631178707224,0.0
severe,12.0,12,cqr,0.7465857359635811,0.5069252077562327,0.4442943044388892,4.287108773480413,8.385010142431515,0.21015492396364532,0.1598072934669893,0.34106463878327,0.0
severe,12.0,12,di_cqr,0.8042488619119879,0.5235457063711911,0.4683242123279958,4.7720504549686895,7.754136714514082,0.17947196429680676,0.11329531051964514,0.28783269961977187,0.0
severe,12.0,12,localized,0.4582701062215478,0.1994459833795014,0.6091959919291406,2.1323894406449186,13.105703865611032,0.4461510314009137,0.44182365479894,0.679467680608365,0.0
severe,12.0,12,localized_cqr,0.7150986342943855,0.4518950437317784,0.4668041432600915,4.039593455924561,9.160140495751255,0.23848159154724077,0.18977330337596499,0.3828897338403042,0.0
severe,12.0,12,geo_localized,0.41047040971168436,0.16066481994459833,0.5985944393146609,1.7604325652216082,15.317864831803039,0.4909992587467996,0.48962005991473667,0.7212927756653993,0.0
severe,12.0,12,weighted_oracle,0.9559939301972686,0.8786885245901639,0.12131147540983611,35.56908943189088,36.000218446278424,0.06537380724476134,0.06736058301647654,0.09999999999999998,0.0
severe,12.0,12,weighted_estimated,0.8793626707132018,0.6814159292035398,0.31858407079646023,29.910991389088203,31.49411333278255,0.11956840888233908,0.12067778545915431,0.28783269961977187,0.0
severe,12.0,12,width_matched_global,0.8205614567526556,0.5401662049861495,0.45983379501385047,4.7720504549686895,7.236573874286845,0.16071379752546872,0.12083851826247263,0.24600760456273763,0.0
severe,12.0,13,split,0.2727617602427921,0.08033240997229917,0.36209183245194326,1.0634964530809305,16.44101960679092,0.61490952500039,0.6272295195298997,0.865909090909091,0.0
severe,12.0,13,normalized,0.6798179059180577,0.3296398891966759,0.44365203626916255,2.930615825193292,8.575886613428166,0.249003994441263,0.22013768867381037,0.6348484848484849,0.0
severe,12.0,13,di_normalized,0.7845220030349014,0.6121212121212121,0.3380172920339126,4.141033856310596,6.76608919933261,0.18300791674259684,0.15100645235626226,0.40570342205323195,0.0
severe,12.0,13,di_normalized_auto,0.8603945371775418,0.6634146341463415,0.3365853658536585,5.918659953394227,7.354888161250462,0.13177038718248027,0.1232204170987441,0.3106463878326996,0.0
severe,12.0,13,di_cqr_auto,0.8880880121396054,0.7543859649122807,0.23176361957525393,5.10261511082601,6.635993508092308,0.07921875458686643,0.04064408341974881,0.15000000000000002,0.0
severe,12.0,13,region_mondrian,0.3573596358118361,0.08033240997229917,0.7364377763631046,1.4264733025793443,15.258571981541158,0.5605882593539971,0.5426143564926835,0.865909090909091,0.0
severe,12.0,13,di_mondrian,0.7245827010622155,0.3961218836565097,0.4738332732941629,3.3395881048088767,7.664623822139863,0.21513528497314055,0.17635009793755044,0.5856060606060607,0.0
severe,12.0,13,cqr,0.8372534142640364,0.6929824561403509,0.2765466297322252,4.5548428105386485,6.8408269714296726,0.11603535020520528,0.06865969581749051,0.22575757575757582,0.0
severe,12.0,13,di_cqr,0.8971927162367223,0.7719298245614035,0.21698984302862423,5.222648670335642,6.623335598048024,0.07161949558100282,0.03935562852863232,0.12727272727272732,0.0
severe,12.0,13,localized,0.5034142640364189,0.18005540166204986,0.5378129368959439,2.033279093599342,13.228513839160014,0.42431214595775507,0.39652897799285636,0.8696969696969697,0.0
severe,12.0,13,localized_cqr,0.830804248861912,0.6432748538011696,0.3428747306863651,4.698708391372835,7.232448931159083,0.12851771719202953,0.07662288282060145,0.22575757575757582,0.0
severe,12.0,13,geo_localized,0.4597875569044006,0.07756232686980609,0.7091412742382271,1.8670723873509212,13.278803836188692,0.4899961851094642,0.44021344624956793,0.7143939393939394,0.0
severe,12.0,13,weighted_oracle,0.9908952959028832,0.9454545454545454,0.054545454545454564,42.83514271078263,42.9213914312267,0.0890680841838562,0.09088604677958288,0.09999999999999998,0.0
severe,12.0,13,weighted_estimated,0.9715477996965098,0.8848484848484849,0.11515151515151512,37.82751207967824,38.14039250074546,0.07529833298144914,0.07198352344740175,0.09999999999999998,0.0
severe,12.0,13,width_matched_global,0.9188163884673748,0.7008310249307479,0.293628808864266,5.222648670335642,6.517639097918376,0.09235630532639556,0.08015871644198641,0.26363636363636367,0.0
severe,12.0,14,split,0.3091805766312595,0.036011080332409975,0.7096029547553093,1.507357662722219,22.006558601535495,0.5836880006291278,0.5907938702615508,0.8242424242424242,0.0
severe,12.0,14,normalized,0.5773899848254932,0.19667590027700832,0.724376731301939,3.3318820694538083,14.943742126323773,0.3768863229580064,0.3281835464915313,0.6272727272727273,0.0
severe,12.0,14,di_normalized,0.7450682852807283,0.5146198830409356,0.45213911972914744,4.799712314839203,7.3041378033195405,0.20881840228419749,0.1549314437147137,0.2333333333333334,0.0
severe,12.0,14,di_normalized_auto,0.921092564491654,0.7631578947368421,0.23684210526315785,6.981287179952733,7.587656465420726,0.07993031341499116,0.09989889388178361,0.21439393939393947,0.0
severe,12.0,14,di_cqr_auto,0.6069802731411229,0.2853185595567867,0.627501953263726,3.736520488208786,13.505804731815742,0.3266553445751797,0.2929628989514921,0.5666666666666667,0.0
severe,12.0,14,region_mondrian,0.3281487101669196,0.036011080332409975,0.7096029547553093,1.6257650328232596,21.510587455731603,0.5702253088208846,0.571819910127895,0.8242424242424242,0.0
severe,12.0,14,di_mondrian,0.44233687405159333,0.11634349030470914,0.7092975353363165,2.4494781246339037,16.824602268833786,0.4750781988984856,0.4576031224795484,0.7484848484848485,0.0
severe,12.0,14,cqr,0.5610773899848255,0.21329639889196675,0.7077562326869806,3.3215527032038588,14.905091282197791,0.3710038474862644,0.33888264777048055,0.6007575757575758,0.0
severe,12.0,14,di_cqr,0.7359635811836115,0.5041551246537396,0.47830101569713757,4.885458858264384,10.779572288792117,0.21661542900659617,0.17286092867841918,0.46060606060606063,0.0
severe,12.0,14,localized,0.3983308042488619,0.11911357340720222,0.7493074792243768,2.1934309624011825,18.152955145209912,0.5171224003293953,0.5016188500979376,0.775,0.0
severe,12.0,14,localized_cqr,0.6160849772382397,0.2719298245614035,0.6842105263157894,3.6851588576215386,14.068524814843272,0.32744131636257723,0.28386334831201754,0.6083333333333334,0.0
severe,12.0,14,geo_localized,0.36305007587253413,0.09695290858725762,0.7114303249456766,1.9349697997976196,19.846402376000313,0.550228175451327,0.5369037331489803,0.8015151515151515,0.0
severe,12.0,14,weighted_oracle,0.9927921092564491,0.9532163742690059,0.04678362573099415,34.45998800768898,34.539252332444285,0.09488673065413028,0.09278430694780503,0.09999999999999998,0.0
severe,12.0,14,weighted_estimated,0.936267071320182,0.8216374269005848,0.17836257309941517,31.021305768578863,32.08731633173388,0.07502231945314829,0.059239543726235744,0.09999999999999998,0.0
severe,12.0,14,width_matched_global,0.7564491654021245,0.5235457063711911,0.47645429362880887,4.885458858264386,9.755180022631478,0.2055230534031621,0.19464310404424473,0.5401515151515152,0.0
severe,12.0,15,split,0.4544764795144158,0.1887905604719764,0.5334316617502458,1.6420166416269204,14.573029472636374,0.46393343945877236,0.445468948035488,0.793939393939394,0.0
severe,12.0,15,normalized,0.624051593323217,0.3303834808259587,0.5696165191740413,2.7685528002776816,10.40304714357181,0.3174163996676369,0.2777284249337481,0.6386363636363637,0.0
severe,12.0,15,di_normalized,0.7936267071320182,0.6263157894736842,0.3557630635729109,3.996803914228663,6.499084071108486,0.16005247491023705,0.10743374812766451,0.21060606060606057,0.0
severe,12.0,15,di_normalized_auto,0.7936267071320182,0.6263157894736842,0.3557630635729109,3.996803914228663,6.499084071108486,0.16005247491023705,0.10743374812766451,0.21060606060606057,0.0
severe,12.0,15,di_cqr_auto,0.7014415781487102,0.2890855457227139,0.6701737135365453,3.37228281577194,9.587507252437582,0.26940827662756456,0.20111389561009335,0.4113636363636364,0.0
severe,12.0,15,region_mondrian,0.47420333839150225,0.1887905604719764,0.5889872173058014,1.7332876820891345,14.380729972956436,0.44893497846907315,0.4305844567346468,0.7901515151515152,0.0
severe,12.0,15,di_mondrian,0.6119119878603946,0.3391812865497076,0.5163742690058479,2.58902168760833,11.029953461390212,0.3189661278040093,0.2953836847563084,0.7030303030303031,0.0
severe,12.0,15,cqr,0.6737481031866465,0.25073746312684364,0.6974106850213045,3.2012564477170375,9.979345479699264,0.2942054636046657,0.22652868994123748,0.4303030303030303,0.0
severe,12.0,15,di_cqr,0.7169954476479514,0.29793510324483774,0.6650278597181252,3.505236394423983,9.328053917813286,0.257995122977251,0.18958232515266737,0.39242424242424245,0.0
severe,12.0,15,localized,0.4590288315629742,0.20648967551622419,0.5898066207800721,1.6894227325708528,14.476637946444948,0.4610441941090984,0.44092637400622187,0.7863636363636364,0.0
severe,12.0,15,localized_cqr,0.659711684370258,0.25663716814159293,0.6878072763028515,3.03026195166893,10.425974735776354,0.29586433062640133,0.24435188385758727,0.5212121212121212,0.0
severe,12.0,15,geo_localized,0.4389226100151745,0.23684210526315788,0.45945419103313845,1.5977796564527753,14.584301059250885,0.46823910931413926,0.4610309367438645,0.8166666666666667,0.0
severe,12.0,15,weighted_oracle,0.9188163884673748,0.7789473684210526,0.2210526315789474,33.79502857283745,34.64790578985881,0.08636867678819185,0.0938541306602143,0.16893939393939394,0.0
severe,12.0,15,weighted_estimated,0.8630500758725341,0.6894736842105263,0.28421052631578947,25.04684881960054,26.847041374328334,0.10448602274538096,0.09414189422744557,0.24469696969696975,0.0
severe,12.0,15,width_matched_global,0.723823975720789,0.4444444444444444,0.5037037037037038,3.5052363944239824,9.080356029543529,0.2140855047690892,0.21185217190920613,0.6196969696969697,0.0
severe,12.0,16,split,0.3273899848254932,0.1994459833795014,0.5027762388427208,1.5294981478200236,20.44528990180578,0.5727659138895118,0.5726278949187694,0.7712121212121212,0.0
severe,12.0,16,normalized,0.6471927162367223,0.36551724137931035,0.5544827586206897,3.341495547422117,12.342190512399435,0.291723064545278,0.25989802972692705,0.41515151515151516,0.0
severe,12.0,16,di_normalized,0.7860394537177542,0.4068965517241379,0.5485930625191855,5.554265931563843,8.069544530082611,0.21590470699355782,0.11396186196566427,0.2916349809885932,0.0
severe,12.0,16,di_normalized_auto,0.9165402124430956,0.735973597359736,0.264026402640264,8.56330260716359,9.398353125832887,0.08570906887684447,0.10904021200599145,0.22699619771863122,0.0
severe,12.0,16,di_cqr_auto,0.6323975720789075,0.4482758620689655,0.4761685823754789,3.3593764672414097,12.095622719799866,0.28950068447416505,0.2685842262933518,0.5287878787878788,0.0
severe,12.0,16,region_mondrian,0.40364188163884673,0.1994459833795014,0.6005540166204987,1.9019308945521627,18.65176003689644,0.5157175069637174,0.49636046779582904,0.7257575757575758,0.0
severe,12.0,16,di_mondrian,0.6210166919575114,0.35517241379310344,0.5470498084291189,3.193203694137512,13.03501723198537,0.30452419647169787,0.2789203825325498,0.46060606060606063,0.0
severe,12.0,16,cqr,0.5087253414264037,0.3176470588235294,0.5312418300653595,2.6451959347639358,14.564547725387365,0.40322745506176516,0.39123891001267425,0.6310606060606061,0.0
severe,12.0,16,di_cqr,0.6771623672230652,0.47586206896551725,0.4619157088122606,3.5941889800138513,11.486188930420104,0.2485995622590642,0.23011550869915892,0.47954545454545455,0.0
severe,12.0,16,localized,0.526176024279211,0.2827586206896552,0.4772413793103448,2.7539410360527996,15.324480322219781,0.3980098628682027,0.3738031455236779,0.47954545454545455,0.0
severe,12.0,16,localized_cqr,0.6111532625189682,0.4206896551724138,0.43708812260536395,3.2256652206823713,12.452808551243349,0.31264709655029116,0.28882503744671045,0.46060606060606063,0.0
severe,12.0,16,geo_localized,0.3224582701062215,0.1632047477744807,0.5656841411144082,1.4870649534201827,20.861108157720725,0.5844787521800262,0.5775550178592004,0.7598484848484849,0.0
severe,12.0,16,weighted_oracle,0.9859635811836115,0.9557522123893806,0.04424778761061943,36.05736704179166,36.145217518400386,0.08566677287447533,0.08595460306486921,0.09999999999999998,0.0
severe,12.0,16,weighted_estimated,0.9616843702579666,0.8893805309734514,0.11061946902654862,33.50507308886182,33.814942929400964,0.06947548962575505,0.07782463417444405,0.09999999999999998,0.0
severe,12.0,16,width_matched_global,0.6684370257966616,0.38275862068965516,0.5950191570881226,3.594188980013851,12.402455250801195,0.2681927863111009,0.2515157276183892,0.41893939393939394,0.0
severe,12.0,17,split,0.45220030349013657,0.24376731301939059,0.5254634562113787,1.6837486417371061,13.943801141248615,0.45348786593917667,0.447745996082498,0.65,0.0
severe,12.0,17,normalized,0.7867981790591806,0.4666666666666667,0.5156654888103651,4.036459217641572,7.763925915870724,0.1934226905151227,0.1258307408687637,0.26363636363636367,0.0
severe,12.0,17,di_normalized,0.8357359635811836,0.5873015873015873,0.3571428571428571,4.752193716708983,6.445241699141243,0.12531541086024384,0.09898432999193457,0.19166666666666665,0.0
severe,12.0,17,di_normalized_auto,0.9415781487101669,0.822429906542056,0.17757009345794394,7.323709213750787,7.849639419305448,0.0660288922866344,0.0801788800553059,0.09999999999999998,0.0
severe,12.0,17,di_cqr_auto,0.7924886191198786,0.35555555555555557,0.6267765999214763,5.05160235156222,9.20310303610215,0.2076487555757105,0.11463503859891695,0.23712121212121218,0.0
severe,12.0,17,region_mondrian,0.44423368740515934,0.12380952380952381,0.7223443223443223,1.6124822929655531,14.636217148939139,0.4714220916704763,0.455720705150363,0.6386363636363637,0.0
severe,12.0,17,di_mondrian,0.6798179059180577,0.44126984126984126,0.5125763125763126,3.054055431456908,9.089694079455374,0.2553704524512549,0.2302157506625188,0.4681818181818182,0.0
severe,12.0,17,cqr,0.7716236722306525,0.33650793650793653,0.6352235122553144,4.790481719169084,9.530982923567263,0.22470048570681886,0.133989226869455,0.26742424242424245,0.0
severe,12.0,17,di_cqr,0.8069044006069803,0.3873015873015873,0.5985641370800381,5.231870426398562,9.00249616016502,0.1915994500963626,0.10324691784767832,0.22575757575757582,0.0
severe,12.0,17,localized,0.5147951441578149,0.29523809523809524,0.5098901098901099,2.0804534067880365,12.005050167416389,0.3954957851924267,0.3851624611130315,0.562878787878788,0.0
severe,12.0,17,localized_cqr,0.7682094081942337,0.32063492063492066,0.644029390319143,4.688302976989537,9.771857968863024,0.22771770449512388,0.1358846065214887,0.26742424242424245,0.0
severe,12.0,17,geo_localized,0.41160849772382396,0.15873015873015872,0.6053724053724053,1.450666190125655,15.360744920429704,0.4977625489394689,0.4883655951146446,0.6537878787878788,0.0
severe,12.0,17,weighted_oracle,0.9848254931714719,0.8878504672897196,0.11214953271028039,51.43791683974986,51.62212334489191,0.08794220179144145,0.08482111994469407,0.09999999999999998,0.0
severe,12.0,17,weighted_estimated,0.9427162367223065,0.7555555555555555,0.24444444444444446,44.65666898240493,45.96249118384497,0.09067377333258747,0.056573625993778076,0.09999999999999998,0.0
severe,12.0,17,width_matched_global,0.8755690440060698,0.6571428571428571,0.34285714285714286,5.231870426398561,6.8927617855763295,0.12592242791444158,0.09655979951607328,0.21439393939393947,0.0
severe,12.0,18,split,0.5185887708649469,0.2520775623268698,0.47649386624455875,1.8105825994331646,12.696057238971047,0.3992256795107895,0.38144659522986524,0.5273764258555134,0.0
severe,12.0,18,normalized,0.7314112291350531,0.6343490304709142,0.22279382667194292,3.2028521813670188,8.063003935834917,0.1774803543051475,0.17798911164880749,0.3621212121212122,0.0
severe,12.0,18,di_normalized,0.8273899848254932,0.6795774647887324,0.2816413717763646,4.522013154100952,6.684754156699274,0.11976810199154662,0.09568297038829358,0.21558935361216736,0.0
severe,12.0,18,di_normalized_auto,0.8273899848254932,0.6795774647887324,0.2816413717763646,4.522013154100952,6.684754156699274,0.11976810199154662,0.09568297038829358,0.21558935361216736,0.0
severe,12.0,18,di_cqr_auto,0.7985584218512898,0.602112676056338,0.33764636008824034,3.756107051151177,8.566651487507698,0.13883748064566204,0.1093363290701694,0.27121212121212124,0.0
severe,12.0,18,region_mondrian,0.5371775417298937,0.2520775623268698,0.4852496266132224,1.9177274655012557,12.22850294543755,0.3853371182459591,0.36285430349118564,0.5159695817490495,0.0
severe,12.0,18,di_mondrian,0.6107738998482549,0.3296398891966759,0.4760743965176098,2.3206002487870925,10.882628319809243,0.31623750642109266,0.29257748588547067,0.4475285171102662,0.0
severe,12.0,18,cqr,0.7716236722306525,0.5774647887323944,0.34419419744272084,3.5142096959808264,8.863605757777563,0.15589322842700382,0.13477416753082153,0.27121212121212124,0.0
severe,12.0,18,di_cqr,0.81752655538695,0.6197183098591549,0.3467246431609794,3.886705493669259,8.437747497673238,0.12962121476429178,0.09619368590851482,0.27121212121212124,0.0
severe,12.0,18,localized,0.5443854324734446,0.3462603878116344,0.40949998085196004,2.0366725141137416,11.443757457519022,0.3588792581622645,0.3556558935361217,0.4817490494296578,0.0
severe,12.0,18,localized_cqr,0.7628983308042488,0.5809859154929577,0.35449795547478413,3.5525478222124036,8.801633296009664,0.16346759254803966,0.141233725083535,0.27121212121212124,0.0
severe,12.0,18,geo_localized,0.5227617602427921,0.31024930747922436,0.4086447017373655,1.9142281812831559,12.070940021708354,0.3850348219494031,0.37727416753082155,0.5349809885931559,0.0
severe,12.0,18,weighted_oracle,0.954855842185129,0.8133802816901409,0.18661971830985913,44.132829048724716,44.513204779493094,0.08173810513691156,0.07478712985366977,0.09999999999999998,0.0
severe,12.0,18,weighted_estimated,0.9055386949924128,0.793233082706767,0.20676691729323304,35.33125413306095,36.41140370230098,0.07630039308643798,0.06697747436340593,0.16515151515151516,0.0
severe,12.0,18,width_matched_global,0.7905918057663126,0.5789473684210527,0.3473199126849381,3.8867054936692598,7.986690223422734,0.1445857320487364,0.14436599838691094,0.3848484848484849,0.0
severe,12.0,19,split,0.27996965098634297,0.08033240997229917,0.7273598977200085,1.0919036897420424,26.02008065180474,0.6120264584271844,0.6200123862196106,0.8886363636363637,0.0
severe,12.0,19,normalized,0.5034142640364189,0.1883656509695291,0.7731728105689325,2.5599824230098287,18.26964345747926,0.43716047109714123,0.40443081000115216,0.7522727272727273,0.0
severe,12.0,19,di_normalized,0.6589529590288316,0.2853185595567867,0.6854416743613418,3.934333463979278,11.457215597604474,0.3204106581029607,0.24114385297845375,0.41330798479087455,0.0
severe,12.0,19,di_normalized_auto,0.8277693474962063,0.4930747922437673,0.5069252077562327,6.349939364588895,9.127604672576936,0.16198726743869893,0.1100555939624381,0.1889733840304183,0.0
severe,12.0,19,di_cqr_auto,0.5588012139605463,0.2915451895043732,0.6315317335725499,2.82023868464094,13.964844247253346,0.37638778874210277,0.34142960018435303,0.846969696969697,0.0
severe,12.0,19,region_mondrian,0.2883156297420334,0.08033240997229917,0.765821436181547,1.1282360487168395,25.84307017805975,0.6049011521167984,0.6116704113377118,0.8886363636363637,0.0
severe,12.0,19,di_mondrian,0.36760242792109254,0.12188365650969529,0.7755522409262021,1.6054054217900955,22.96186464465709,0.5424326959463821,0.5323683604101855,0.865909090909091,0.0
severe,12.0,19,cqr,0.5174506828528073,0.2653061224489796,0.683411826268969,2.5953771664822702,14.838808012477882,0.40789248354577984,0.38248502131581985,0.865909090909091,0.0
severe,12.0,19,di_cqr,0.5720789074355084,0.3032069970845481,0.6326904388128878,2.895640945076405,13.702615418099425,0.36699809464082767,0.3296641318124208,0.8431818181818183,0.0
severe,12.0,19,localized,0.26251896813353565,0.07479224376731301,0.6687974998224306,0.9890931180476294,26.704332441525267,0.6287559756748031,0.637459672773361,0.8924242424242425,0.0
severe,12.0,19,localized_cqr,0.5083459787556904,0.26239067055393583,0.6735067653435001,2.563727500187383,14.94904989690259,0.41344341663899375,0.3915989745362369,0.865909090909091,0.0
severe,12.0,19,geo_localized,0.27883156297420336,0.07479224376731301,0.7072590382839691,1.1138730385721733,25.81242730160807,0.6142608678783164,0.6211429888235973,0.9,0.0
severe,12.0,19,weighted_oracle,0.9916540212443096,0.9615384615384616,0.038461538461538436,43.27571103382218,43.31536657913015,0.08965203433756623,0.09165370434381839,0.09999999999999998,0.0
severe,12.0,19,weighted_estimated,0.9522003034901366,0.845360824742268,0.15463917525773196,37.95277728184104,38.52489278612744,0.06728028993693419,0.06486864846180433,0.09999999999999998,0.0
severe,12.0,19,width_matched_global,0.5390743550834598,0.19113573407202217,0.8088642659279779,2.895640945076405,17.393534948027046,0.41421569341030484,0.3894656642470331,0.7636363636363637,0.0
severe,12.0,20,split,0.19688922610015175,0.05278592375366569,0.635955798100639,1.1043125047497933,27.25448724437035,0.6887234106348099,0.703128240580712,0.8810606060606061,0.0
severe,12.0,20,normalized,0.48786039453717756,0.12023460410557185,0.8797653958944281,2.98556222789817,17.454575354424545,0.44548991848464015,0.41772007143680145,0.744106463878327,0.0
severe,12.0,20,di_normalized,0.5136570561456753,0.3888888888888889,0.5779985283296543,3.724489903105503,11.427600710984409,0.4010631842606822,0.3864010830740869,0.5653992395437263,0.0
severe,12.0,20,di_normalized_auto,0.7955235204855842,0.5608695652173913,0.42153512686472017,5.899093204205976,8.0291658746519,0.17157039040694058,0.13921217882244497,0.276425855513308,0.0
severe,12.0,20,di_cqr_auto,0.5459028831562974,0.12903225806451613,0.8709677419354839,3.7090686025814996,17.559977706632065,0.41818262331148,0.36494037331489804,0.7560606060606061,0.0
severe,12.0,20,region_mondrian,0.20144157814871017,0.05278592375366569,0.7154259967761357,1.1158777459671418,27.27795041231278,0.6860949527123591,0.698574144486692,0.8810606060606061,0.0
severe,12.0,20,di_mondrian,0.38201820940819425,0.093841642228739,0.8995358412149695,2.357500484205157,19.43838885859418,0.5323519243061282,0.5179168106924761,0.8015151515151515,0.0
severe,12.0,20,cqr,0.49051593323216997,0.0967741935483871,0.837000640888699,3.094983669016514,19.961956228859485,0.45188176100998606,0.4094394515497178,0.7825757575757576,0.0
severe,12.0,20,di_cqr,0.5459028831562974,0.12903225806451613,0.8709677419354839,3.7105697225433016,17.5337727644846,0.4182129277694152,0.3634237815416523,0.7522727272727273,0.0
severe,12.0,20,localized,0.48292867981790594,0.2287390029325513,0.7381484142859918,3.208892119964381,15.369489242268187,0.43092588886009503,0.4170468948035488,0.5022727272727273,0.0
severe,12.0,20,localized_cqr,0.6430197268588771,0.32222222222222224,0.6777777777777778,4.666291815234488,12.507763989824182,0.3123012505972595,0.26176892499135845,0.5515151515151515,0.0
severe,12.0,20,geo_localized,0.37974203338391505,0.093841642228739,0.5483870967741935,2.777965011870162,16.981882408098354,0.5419277345060212,0.5202226639013712,0.7901515151515152,0.0
severe,12.0,20,weighted_oracle,0.9996206373292867,0.995475113122172,0.004524886877828038,34.32144196574952,34.32266585074362,0.09950739627769245,0.09961977186311785,0.09999999999999998,0.0
severe,12.0,20,weighted_estimated,0.9552352048558422,0.8768328445747801,0.12316715542521994,30.521383662051193,31.028558430999034,0.07627293783004906,0.0805164765525982,0.09999999999999998,0.0
severe,12.0,20,width_matched_global,0.5534901365705615,0.2434017595307918,0.7565982404692082,3.7105697225433025,13.77139090472506,0.386150953098503,0.36341369973499255,0.7098859315589354,0.0
severe,12.0,21,split,0.46965098634294383,0.23822714681440443,0.5818420573378447,1.7539375833880617,11.092989787613279,0.4591583232337326,0.43031023159350157,0.6272727272727273,0.0
severe,12.0,21,normalized,0.6805766312594841,0.533724340175953,0.391714256315275,2.741265335884285,7.145250148398233,0.25050369099587344,0.2235055882014057,0.328030303030303,0.0
severe,12.0,21,di_normalized,0.8069044006069803,0.5321100917431193,0.4228448632118357,3.7828929065587436,6.081622763535191,0.17105562903005375,0.11592954257402929,0.22196969696969704,0.0
severe,12.0,21,di_normalized_auto,0.9062974203338392,0.7431192660550459,0.2328567099209301,5.843032541703174,6.792928146104453,0.07545039097913293,0.07242769904366864,0.09999999999999998,0.0
severe,12.0,21,di_cqr_auto,0.7886949924127465,0.6517412935323383,0.27905455421852676,3.0022482540915165,5.409251193782728,0.14969988830403383,0.11477243922110844,0.29015151515151516,0.0
severe,12.0,21,region_mondrian,0.5231411229135053,0.23822714681440443,0.6960289085489173,2.0479186835793866,10.448910021758982,0.4225219070496733,0.37679312132734194,0.615909090909091,0.0
severe,12.0,21,di_mondrian,0.6350531107738998,0.40443213296398894,0.5090626767245924,2.528979412342091,8.145667336543186,0.30431198779254215,0.2648548219840996,0.4681818181818182,0.0
severe,12.0,21,cqr,0.6900606980273141,0.49560117302052786,0.3936721833808562,2.462926268834436,6.301676595824377,0.2501421761245666,0.20992625878557442,0.34318181818181825,0.0
severe,12.0,21,di_cqr,0.8133535660091047,0.6950146627565983,0.2496220154440938,3.1784830235295987,5.209059125789218,0.12448319307882849,0.10104879594423319,0.26742424242424245,0.0
severe,12.0,21,localized,0.48937784522003036,0.27977839335180055,0.5195295651257081,1.8782093780606142,10.456641444005262,0.44033151774671936,0.41059021776702387,0.5893939393939394,0.0
severe,12.0,21,localized_cqr,0.6851289833080425,0.4897360703812317,0.3960770784076957,2.4437809941384163,6.340065735366196,0.2562747311865292,0.21486058301647656,0.34696969696969704,0.0
severe,12.0,21,geo_localized,0.45295902883156297,0.2668621700879765,0.4286395600158297,1.7138404495240103,10.998305129881778,0.4637422304878566,0.447033068325844,0.5856060606060607,0.0
severe,12.0,21,weighted_oracle,0.9761001517450683,0.9237536656891495,0.07624633431085048,48.622476910503046,48.80726560277025,0.07858543832483576,0.07807005415370434,0.09999999999999998,0.0
severe,12.0,21,weighted_estimated,0.9256449165402124,0.8258706467661692,0.17135927013133778,39.18350196596684,39.750193106625794,0.057579113251285334,0.0711470215462611,0.14621212121212124,0.0
severe,12.0,21,width_matched_global,0.7371016691957512,0.5235457063711911,0.43493180227932793,3.1784830235295987,7.004532975114143,0.20763027918919133,0.18915312824058073,0.36590909090909096,0.0
severe,12.0,22,split,0.34711684370257967,0.13015873015873017,0.49264828738512956,1.43801948048031,17.80474535188355,0.5613332853114529,0.5529294849637055,0.7333333333333334,0.0
severe,12.0,22,normalized,0.6828528072837633,0.3333333333333333,0.5815602836879432,3.5076480109402475,10.152485375122161,0.26817750582288225,0.21712898951492116,0.49469696969696975,0.0
severe,12.0,22,di_normalized,0.6346737481031867,0.44983818770226536,0.39226707545562933,3.7375436043738435,8.352335321957096,0.29530514390146795,0.2653718746399355,0.39049429657794676,0.0
severe,12.0,22,di_normalized_auto,0.6346737481031867,0.44983818770226536,0.39226707545562933,3.7375436043738435,8.352335321957096,0.29530514390146795,0.2653718746399355,0.39049429657794676,0.0
severe,12.0,22,di_cqr_auto,0.6783004552352049,0.36507936507936506,0.6030057413036136,3.0098523261472425,8.25620555179788,0.2548333487930118,0.22352287129853673,0.47575757575757577,0.0
severe,12.0,22,region_mondrian,0.36836115326251895,0.13015873015873017,0.49264828738512956,1.5865713951554918,16.973505576986245,0.5382632208722512,0.5316770365249452,0.7333333333333334,0.0
severe,12.0,22,di_mondrian,0.460546282245827,0.17777777777777778,0.5649122807017544,2.013644026658023,14.865147565595517,0.45837711829295824,0.43948323539578305,0.6840909090909091,0.0
severe,12.0,22,cqr,0.629742033383915,0.33015873015873015,0.6379263762242486,2.7396835028130293,8.952195983068293,0.2930966989493072,0.2702845949994239,0.49848484848484853,0.0
severe,12.0,22,di_cqr,0.6904400606980273,0.38412698412698415,0.5839581222559946,3.0803222642764796,8.10477558159976,0.24380541412106738,0.21062103929024084,0.46060606060606063,0.0
severe,12.0,22,localized,0.4632018209408194,0.2222222222222222,0.4846743295019157,2.2054086531524995,13.583810583914149,0.45437324590469813,0.43684324230902183,0.6072243346007604,0.0
severe,12.0,22,localized_cqr,0.6460546282245827,0.3238095238095238,0.644275582573455,2.8056939743297113,8.998397855175423,0.28199359897575005,0.25396359027537735,0.5212121212121212,0.0
severe,12.0,22,geo_localized,0.40895295902883155,0.16825396825396827,0.5949039264828739,1.8013170624259625,15.78229388616166,0.511096312225125,0.49108192188040095,0.6840909090909091,0.0
severe,12.0,22,weighted_oracle,0.9719271623672231,0.8943661971830986,0.10563380281690138,53.58599601109065,53.724323462648016,0.07552817686809214,0.07996111303145521,0.09999999999999998,0.0
severe,12.0,22,weighted_estimated,0.8858118361153262,0.6584507042253521,0.3415492957746479,45.66683775056866,47.93759092190989,0.0996090432884757,0.03550409033298767,0.07424242424242422,0.0
severe,12.0,22,width_matched_global,0.6244309559939302,0.2857142857142857,0.6930091185410334,3.0803222642764796,11.216168068631122,0.3208671811520628,0.2879787417905289,0.5893939393939394,0.0
severe,12.0,23,split,0.38163884673748105,0.18005540166204986,0.6412211940826309,1.512585024215186,17.281753235773493,0.5348351807549574,0.5183647309597881,0.7901515151515152,0.0
severe,12.0,23,normalized,0.8038694992412747,0.5480225988700564,0.4307008053852627,4.611713705034053,8.571720459685977,0.15310417351746206,0.09706100933287246,0.4037878787878788,0.0
severe,12.0,23,di_normalized,0.7340667678300455,0.37790697674418605,0.5194537270681306,3.9662132040454705,8.188232895616004,0.23831789181370877,0.16595229865191846,0.28783269961977187,0.0
severe,12.0,23,di_normalized_auto,0.8676024279210925,0.5174418604651163,0.4473675236991066,5.913733696501126,7.423392025724194,0.14389571418827118,0.06950109459615163,0.2079847908745247,0.0
severe,12.0,23,di_cqr_auto,0.8209408194233687,0.556497175141243,0.4307368674119485,4.789451453836462,8.813677435944406,0.17001481645463515,0.08486259937780852,0.29015151515151516,0.0
severe,12.0,23,region_mondrian,0.36836115326251895,0.18005540166204986,0.5982951138018677,1.470791632479312,17.43534670237899,0.5409150934210946,0.5316309482659294,0.7901515151515152,0.0
severe,12.0,23,di_mondrian,0.49165402124430957,0.24293785310734464,0.671955763913932,2.0585229451462173,14.609634232899467,0.43837883240027836,0.4083160502362023,0.7219696969696969,0.0
severe,12.0,23,cqr,0.7636570561456753,0.4717514124293785,0.5069719918259405,4.319238809564327,9.347256436357894,0.21448393644329902,0.13629450397511234,0.3848484848484849,0.0
severe,12.0,23,di_cqr,0.825113808801214,0.556497175141243,0.43924750570982085,4.815519470510418,8.802424917779968,0.16875471597634473,0.08751123401313518,0.29015151515151516,0.0
severe,12.0,23,localized,0.34408194233687406,0.12465373961218837,0.6455590263452584,1.3577455749223821,18.043082804439294,0.566343797079463,0.555922341283558,0.7863636363636364,0.0
severe,12.0,23,localized_cqr,0.7659332321699545,0.48787878787878786,0.4974584555229717,4.334553701868418,8.529873300838299,0.21208806476138264,0.1340160156700081,0.3318181818181818,0.0
severe,12.0,23,geo_localized,0.2936267071320182,0.10803324099722991,0.6033069651883372,1.11182045193013,19.427079400553268,0.6065053722395298,0.6063817836156239,0.8507575757575758,0.0
severe,12.0,23,weighted_oracle,0.9563732928679818,0.7441860465116279,0.2558139534883721,42.91782730367817,43.30251976351469,0.08531986658192339,0.08773793063717016,0.13193916349809887,0.0
severe,12.0,23,weighted_estimated,0.8820182094081942,0.436046511627907,0.563953488372093,32.47490066856309,34.322485847914834,0.16559202893889083,0.09752275607788916,0.24980988593155895,0.0
severe,12.0,23,width_matched_global,0.8194233687405159,0.5875706214689266,0.4124293785310734,4.815519470510417,8.68829205026302,0.1588991632345153,0.13197228943426662,0.3621212121212122,0.0
severe,12.0,24,split,0.20257966616084977,0.019390581717451522,0.7411727985642386,1.2311416020345352,20.809554380975893,0.6697337755680857,0.6974406613665168,0.8393939393939394,0.0
severe,12.0,24,normalized,0.48141122913505313,0.2188365650969529,0.6403183644805118,2.602225892555136,12.840177657091223,0.4275339107129714,0.4186427007719784,0.5768060836501901,0.0
severe,12.0,24,di_normalized,0.5045523520485584,0.19113573407202217,0.649628597138169,2.86433848521706,12.082882151189203,0.40905114142938775,0.3955568037792373,0.523574144486692,0.0
severe,12.0,24,di_normalized_auto,0.6855083459787557,0.3684210526315789,0.5965471002346632,4.315560670132449,8.992290928286886,0.25454206581041927,0.2345854937204747,0.34318181818181825,0.0
severe,12.0,24,di_cqr_auto,0.802731411229135,0.5222929936305732,0.45630027854068056,3.938028191605813,5.731669063320703,0.1881003373561895,0.09727071091139532,0.19924242424242422,0.0
severe,12.0,24,region_mondrian,0.22496206373292868,0.019390581717451522,0.7130037844797316,1.3679726556990892,20.002341638605863,0.6496398234265744,0.6750518492913931,0.8242424242424242,0.0
severe,12.0,24,di_mondrian,0.36798179059180575,0.12465373961218837,0.7063321758807694,1.9937878222503278,15.950808455794268,0.5192277885912292,0.5320226984675653,0.6832699619771864,0.0
severe,12.0,24,cqr,0.7393778452200304,0.43312101910828027,0.5362979411363681,3.5547212318241788,6.235656253189526,0.2556175417875784,0.16062622421938014,0.27121212121212124,0.0
severe,12.0,24,di_cqr,0.8088012139605463,0.5318471337579618,0.4498042423888272,3.967510629633728,5.702366484766209,0.18236259745905373,0.09120578407650651,0.19924242424242422,0.0
severe,12.0,24,localized,0.28072837632776937,0.0110803324099723,0.6931450197027037,1.6438968621044998,17.878329254687742,0.6036726486428724,0.6192879363982027,0.7712121212121212,0.0
severe,12.0,24,localized_cqr,0.746206373292868,0.4394904458598726,0.5268704104092405,3.633529773730089,6.228025575273366,0.24506168702682601,0.15379219956216156,0.26742424242424245,0.0
severe,12.0,24,geo_localized,0.24317147192716237,0.0,0.7323943661971831,1.2984482305756713,20.547642378657038,0.6358273241740154,0.656852748012444,0.8015151515151515,0.0
severe,12.0,24,weighted_oracle,0.9601669195751138,0.8169014084507042,0.1692481760368304,58.788564792735805,59.11467258123363,0.07138966774059897,0.09151140684410644,0.10152091254752849,0.0
severe,12.0,24,weighted_estimated,0.8869499241274659,0.6194690265486725,0.356862334398073,48.30980524824578,49.330148837793,0.11083769868373138,0.06525953450858393,0.15855513307984792,0.0
severe,12.0,24,width_matched_global,0.7116843702579666,0.3628808864265928,0.6371191135734072,3.967510629633728,9.402379894614793,0.25483696961151914,0.21545944233206593,0.3752851711026616,0.0
severe,12.0,25,split,0.5087253414264037,0.34035087719298246,0.32104152787030865,1.8416282019565884,11.970815623018144,0.40751775523530154,0.3912144256250721,0.7106060606060607,0.0
severe,12.0,25,normalized,0.7052352048558422,0.5350553505535055,0.3731724975477603,2.9628469466168417,8.348824111320532,0.23105757400838584,0.20511406844106467,0.5401515151515152,0.0
severe,12.0,25,di_normalized,0.8566009104704098,0.6736842105263158,0.3118649224216611,4.800610981159512,6.25481986095149,0.11274651802775293,0.07838345431501327,0.12727272727272732,0.0
severe,12.0,25,di_normalized_auto,0.936267071320182,0.8491228070175438,0.15087719298245617,7.468121713220014,7.882480395739138,0.06986496377835678,0.06606348657679455,0.11590909090909096,0.0
severe,12.0,25,di_cqr_auto,0.7993171471927162,0.5940959409594095,0.36145961459614606,3.5419855136822713,5.990095042628834,0.160754701393036,0.1214736720820371,0.32045454545454544,0.0
severe,12.0,25,region_mondrian,0.5644916540212443,0.19528619528619529,0.7635745642074756,2.2606753140548035,11.827292212152003,0.4150308127720206,0.33547211660329534,0.7143939393939394,0.0
severe,12.0,25,di_mondrian,0.7632776934749621,0.6482213438735178,0.2501913545391806,3.53386427062687,7.487128191387147,0.1656092094618729,0.1569244728655375,0.4303030303030303,0.0
severe,12.0,25,cqr,0.7458270106221547,0.5387453874538746,0.35966731095882387,3.094993728416404,6.60909927738512,0.20825188651734197,0.15773533817260055,0.4075757575757576,0.0
severe,12.0,25,di_cqr,0.9074355083459787,0.7638376383763837,0.22981315527440993,4.634384268285851,5.474647269840129,0.08043033935816778,0.06934756308330453,0.13193916349809887,0.0
severe,12.0,25,localized,0.5990136570561456,0.32280701754385965,0.5316233622029758,2.3793616468734835,11.198474930896674,0.3658265620744203,0.3009808157621846,0.5893939393939394,0.0
severe,12.0,25,localized_cqr,0.7492412746585736,0.5498154981549815,0.34542259708311374,3.1525086473977693,6.530007742528675,0.2047448057026968,0.15432480700541537,0.39621212121212124,0.0
severe,12.0,25,geo_localized,0.5170713201820941,0.3092485549132948,0.46290334382088244,1.9000282860232662,11.889727667634395,0.41090829458381367,0.3828594884203249,0.7863636363636364,0.0
severe,12.0,25,weighted_oracle,0.9927921092564491,0.9584905660377359,0.04150943396226414,51.6939248255593,51.72012001575905,0.0936374756449158,0.09279006798018204,0.09999999999999998,0.0
severe,12.0,25,weighted_estimated,0.9772382397572079,0.8301886792452831,0.16981132075471694,44.77485697580155,45.00310300617664,0.0917612778878819,0.077225198755617,0.09999999999999998,0.0
severe,12.0,25,width_matched_global,0.8573596358118362,0.7075098814229249,0.2735027768049232,4.634384268285849,6.813695852960922,0.09343348347598372,0.1043547643737758,0.27121212121212124,0.0
severe,12.0,26,split,0.4332321699544765,0.27146814404432135,0.5448583865679235,1.403735485897051,13.480765076075617,0.46920378191641704,0.4667041133771172,0.8621212121212122,0.0
severe,12.0,26,normalized,0.7147192716236722,0.5362318840579711,0.36658943255644905,2.832641309699602,8.785673139028376,0.2131937322678485,0.18521863117870724,0.45303030303030306,0.0
severe,12.0,26,di_normalized,0.8095599393019727,0.64,0.32398891966759,4.0243562901565655,6.496262507349187,0.13939736741898254,0.10285372738794793,0.22196969696969704,0.0
severe,12.0,26,di_normalized_auto,0.7003034901365706,0.5333333333333333,0.34013605442176875,2.8960246449949207,7.477665944643218,0.23349737496443285,0.19969034450973616,0.2863636363636364,0.0
severe,12.0,26,di_cqr_auto,0.6593323216995448,0.463768115942029,0.4849498327759197,2.7523297352558074,9.004316531310792,0.26869293513299247,0.24057639128931907,0.5931818181818183,0.0
severe,12.0,26,region_mondrian,0.49089529590288317,0.27146814404432135,0.575221751426062,1.6635907378896326,12.912412432289626,0.4326599666283882,0.4090462610899873,0.828030303030303,0.0
severe,12.0,26,di_mondrian,0.6160849772382397,0.463768115942029,0.4872522922212363,2.2221211760633617,10.244110111399186,0.30365832409799576,0.28382014056919,0.7560606060606061,0.0
severe,12.0,26,cqr,0.5974962063732928,0.4028985507246377,0.49453734671125976,2.39458095985929,10.033779472729956,0.3198416617953577,0.30244123746975465,0.615909090909091,0.0
severe,12.0,26,di_cqr,0.6767830045523521,0.47246376811594204,0.4890746934225195,2.831462737033744,8.839038742545277,0.2580300691641586,0.2234364558128817,0.5704545454545455,0.0
severe,12.0,26,localized,0.4540971168437026,0.3074792243767313,0.4966024082763299,1.4842000074482973,13.120418594968264,0.44755197315992773,0.44584629565618156,0.846969696969697,0.0
severe,12.0,26,localized_cqr,0.5971168437025797,0.4028985507246377,0.49453734671125976,2.395188123894465,10.025607057818519,0.3199053178559528,0.30282146560663675,0.615909090909091,0.0
severe,12.0,26,geo_localized,0.3998482549317147,0.26038781163434904,0.48246933122279384,1.2706126509032147,14.000526917458963,0.4976385833864176,0.5001108998732573,0.865909090909091,0.0
severe,12.0,26,weighted_oracle,0.8998482549317147,0.676,0.32399999999999995,26.960165874061406,27.9510009052353,0.11314274467561714,0.11563457771632675,0.19924242424242422,0.0
severe,12.0,26,weighted_estimated,0.8630500758725341,0.668,0.3236897506925207,22.714307013430073,24.367296006740293,0.12104627104384068,0.11268867381034683,0.2333333333333334,0.0
severe,12.0,26,width_matched_global,0.7037177541729894,0.527536231884058,0.46838213546288077,2.831462737033744,8.919844259383323,0.22982878334046383,0.20962207627606871,0.6765151515151515,0.0
severe,12.0,27,split,0.26745068285280726,0.11080332409972299,0.4477552344588355,1.0182528705891196,18.803546657645036,0.629721835909827,0.6325714368014749,0.7593155893536122,0.0
severe,12.0,27,normalized,0.7458270106221547,0.3958333333333333,0.567692502532928,3.761471566134303,10.590526011452406,0.24537893868551272,0.1541623458923839,0.47954545454545455,0.0
severe,12.0,27,di_normalized,0.6229135053110774,0.34226190476190477,0.5612468671679198,3.1892048743488615,9.625430212771727,0.3439929674259332,0.2811735222951953,0.47575757575757577,0.0
severe,12.0,27,di_normalized_auto,0.7981790591805766,0.5375,0.4625,4.961416607828042,7.5124306546233806,0.198522805753616,0.12843098283212354,0.30304182509505706,0.0
severe,12.0,27,di_cqr_auto,0.7780728376327769,0.41964285714285715,0.5803571428571428,4.777552625605567,11.130830451430775,0.23547474986289013,0.1219020048392672,0.42272727272727273,0.0
severe,12.0,27,region_mondrian,0.27731411229135056,0.11080332409972299,0.4612687479723491,1.060269285356689,18.529065042068645,0.6202286099168635,0.622711429888236,0.7593155893536122,0.0
severe,12.0,27,di_mondrian,0.8455993930197269,0.5678670360110804,0.389579772499558,4.7102259293500275,7.680895571695736,0.1398666453566428,0.08836127434036178,0.46060606060606063,0.0
severe,12.0,27,cqr,0.7553110773899848,0.3958333333333333,0.6041666666666667,4.465735802566129,11.555462655467222,0.251630212221882,0.14465664247033072,0.4303030303030303,0.0
severe,12.0,27,di_cqr,0.783763277693475,0.44345238095238093,0.5565476190476191,4.83113650361941,11.07051643481705,0.22928976744334786,0.11621442562507203,0.42272727272727273,0.0
severe,12.0,27,localized,0.42526555386949927,0.20221606648199447,0.4487534626038781,1.8413243977308946,14.244740377235576,0.5000688111037929,0.47469034450973624,0.6462121212121212,0.0
severe,12.0,27,localized_cqr,0.7439301972685888,0.3958333333333333,0.6041666666666667,4.375150273539901,11.560326728512278,0.2563420677874255,0.15603324115681533,0.4454545454545455,0.0
severe,12.0,27,geo_localized,0.3918816388467375,0.14127423822714683,0.5821300170920022,1.8412139483341112,16.347972723807878,0.5364592906472199,0.508170584168683,0.6386363636363637,0.0
severe,12.0,27,weighted_oracle,0.9829286798179059,0.8625,0.13749999999999996,43.451813087202886,43.69044528625954,0.08419099897163498,0.08292718055075467,0.09999999999999998,0.0
severe,12.0,27,weighted_estimated,0.9229893778452201,0.7083333333333334,0.29166666666666663,35.22726876293926,36.84638487495777,0.08978422827558774,0.033068613895610076,0.09999999999999998,0.0
severe,12.0,27,width_matched_global,0.8486342943854325,0.5595567867036011,0.4153648433904428,4.831136503619412,7.826419508984279,0.1431382671307968,0.09518377693282634,0.46060606060606063,0.0
severe,12.0,28,split,0.4950682852807284,0.04093567251461988,0.818080720928003,1.957651628730769,20.686858789228687,0.48323253135186833,0.4152405231017398,0.7712121212121212,0.0
severe,12.0,28,normalized,0.543247344461305,0.03216374269005848,0.9500847780200007,2.690646130414191,17.921083270569525,0.4720856080484149,0.36604793178937667,0.740909090909091,0.0
severe,12.0,28,di_normalized,0.877845220030349,0.597972972972973,0.402027027027027,5.738736699637753,7.105142948328146,0.1228857709566536,0.06154366862541768,0.15095057034220538,0.0
severe,12.0,28,di_normalized_auto,0.877845220030349,0.597972972972973,0.402027027027027,5.738736699637753,7.105142948328146,0.1228857709566536,0.06154366862541768,0.15095057034220538,0.0
severe,12.0,28,di_cqr_auto,0.7204097116843703,0.4093567251461988,0.5251887293992558,3.3033871683997673,7.30154456295955,0.24868172402047195,0.1983203710104851,0.3583333333333334,0.0
severe,12.0,28,region_mondrian,0.48482549317147194,0.04093567251461988,0.8388926536656376,1.9777091357932208,20.383013494893465,0.48270603585719135,0.4237475515612398,0.7787878787878788,0.0
severe,12.0,28,di_mondrian,0.6107738998482549,0.08187134502923976,0.9017352123478094,2.9525489386291626,16.572600106602295,0.4211080612727171,0.3187956561815878,0.740909090909091,0.0
severe,12.0,28,cqr,0.7059939301972686,0.39473684210526316,0.5325358851674641,3.2234515536400905,7.46728265289253,0.2610236528795534,0.20741704113377119,0.36969696969696975,0.0
severe,12.0,28,di_cqr,0.7488619119878603,0.4619883040935672,0.49801169590643274,3.441174941769126,7.023086617810246,0.2255784606195138,0.17169201520912547,0.32045454545454544,0.0
severe,12.0,28,localized,0.5132776934749621,0.029239766081871343,0.9051864634263254,2.1732237437548476,20.149081316617647,0.4913474720707554,0.3952693282636249,0.740909090909091,0.0
severe,12.0,28,localized_cqr,0.7371016691957512,0.37719298245614036,0.5670693126258268,3.357590494365275,7.647185729846782,0.2637610375561958,0.17457425970733956,0.36969696969696975,0.0
severe,12.0,28,geo_localized,0.4666160849772382,0.04093567251461988,0.7788068167557665,1.8178497292077997,21.228718521210038,0.49744374105683087,0.43893075239082846,0.7825757575757576,0.0
severe,12.0,28,weighted_oracle,0.9632018209408194,0.8578199052132701,0.14218009478672988,32.52371678016374,32.74673853344843,0.0720028342800587,0.07783039520682106,0.09999999999999998,0.0
severe,12.0,28,weighted_estimated,0.951062215477997,0.8151658767772512,0.18483412322274884,29.461897583587785,29.78438581498229,0.07069589724304184,0.071746745016707,0.09999999999999998,0.0
severe,12.0,28,width_matched_global,0.6468133535660091,0.0935672514619883,0.9064327485380117,3.441174941769126,15.897771000383619,0.4029006808233225,0.3064978684180205,0.740909090909091,0.0
severe,12.0,29,split,0.3262518968133536,0.05817174515235457,0.44413240231308326,1.3223358070310915,19.6907163376535,0.574707653471903,0.5737829819103584,0.7181818181818183,0.0
severe,12.0,29,normalized,0.6346737481031867,0.2548476454293629,0.6345532762296233,3.337879860288978,11.07014325258904,0.31052511076862405,0.2653387487037677,0.46653992395437266,0.0
severe,12.0,29,di_normalized,0.6593323216995448,0.36245954692556637,0.507910823444804,4.095283402251024,9.536681718145106,0.28781351753807755,0.2554332296347506,0.3772727272727273,0.0
severe,12.0,29,di_normalized_auto,0.830804248861912,0.6148867313915858,0.32029845379359945,6.152663241125926,8.009782283096433,0.12103088772369597,0.10697056112455353,0.203030303030303,0.0
severe,12.0,29,di_cqr_auto,0.7534142640364189,0.43490304709141275,0.5650969529085872,3.996827964276487,8.907220104158618,0.20638856485910004,0.15214656066367094,0.3810606060606061,0.0
severe,12.0,29,region_mondrian,0.42564491654021247,0.05817174515235457,0.7800635489652925,1.9672504568451243,18.02318712555949,0.5245190569465332,0.47435332411568165,0.615909090909091,0.0
severe,12.0,29,di_mondrian,0.4017450682852807,0.09418282548476455,0.5371535800451894,1.6622564332147518,17.817846524022745,0.5066104369580797,0.49828177209355917,0.668939393939394,0.0
severe,12.0,29,cqr,0.7367223065250379,0.407202216066482,0.592797783933518,3.872736922214477,9.105352219138378,0.21980052926449434,0.16656066367092986,0.4037878787878788,0.0
severe,12.0,29,di_cqr,0.7727617602427921,0.47368421052631576,0.5263157894736843,4.167015813017947,8.670590951984295,0.19277723978484487,0.1384085148058532,0.3583333333333334,0.0
severe,12.0,29,localized,0.5235204855842185,0.11357340720221606,0.7297445651480143,2.600033238407839,17.24750011696789,0.4231342913802695,0.3764978684180205,0.525,0.0
severe,12.0,29,localized_cqr,0.7302731411229135,0.3601108033240997,0.6306726068141492,3.9006120351376383,9.032053780684675,0.23005122575977835,0.17149786841802053,0.42272727272727273,0.0
severe,12.0,29,geo_localized,0.3577389984825493,0.05263157894736842,0.4931311329170383,1.4006827789370713,19.329691048826998,0.5517171768282376,0.5422874179052887,0.7030303030303031,0.0
severe,12.0,29,weighted_oracle,0.9996206373292867,0.9963235294117647,0.003676470588235281,41.01193076921809,41.01311264909497,0.09959820520378593,0.09961977186311785,0.09999999999999998,0.0
severe,12.0,29,weighted_estimated,0.9821699544764795,0.8382352941176471,0.16176470588235292,35.11782463432843,35.22336916890545,0.09500937344034217,0.08216240350270766,0.09999999999999998,0.0
severe,12.0,29,width_matched_global,0.7348254931714719,0.29085872576177285,0.67395065840245,4.167015813017947,10.284385589635988,0.26925477784121177,0.21225976494987905,0.46060606060606063,0.0
