regime,seed,K,monotone,min_bin_count,mean_bin_count,true_marginal,worst_region_coverage,coverage_gap,mean_width,mean_interval_score
none,0,3,1,66,66.66666666666667,0.9370257966616085,0.8775510204081632,0.10621521335807049,3.027202501298117,3.382559346477703
none,0,3,0,66,66.66666666666667,0.9370257966616085,0.8775510204081632,0.10621521335807049,3.027202501298117,3.382559346477703
none,0,4,1,50,50.0,0.9317147192716236,0.8639455782312925,0.11332714904143482,2.941768252497371,3.3262741474212993
none,0,4,0,50,50.0,0.9317147192716236,0.8639455782312925,0.11332714904143482,2.941768252497371,3.3262741474212993
none,0,5,1,40,40.0,0.9419575113808801,0.8775510204081632,0.10946196660482377,3.0423877685778233,3.3709366649807
none,0,5,0,40,40.0,0.9389226100151745,0.8775510204081632,0.10621521335807049,3.027726294948342,3.3672972585770458
none,0,6,1,33,33.333333333333336,0.9544764795144158,0.9183673469387755,0.07513914656771803,3.1948603784124368,3.4534561023786274
none,0,6,0,33,33.333333333333336,0.9366464339908953,0.8923611111111112,0.07517135642135642,3.10280505698278,3.443342230710294
none,0,8,1,25,25.0,0.9848254931714719,0.9652777777777778,0.031475468975468934,3.9043552415879788,3.99442643218659
none,0,8,0,25,25.0,0.9704097116843703,0.9375,0.059253246753246724,3.5799917525300455,3.739834212471765
none,0,10,1,20,20.0,0.9791350531107739,0.9513888888888888,0.04529985283296545,3.8060193926688792,3.912145967815595
none,0,10,0,20,20.0,0.9544764795144158,0.8993055555555556,0.08413815305371597,3.465938906250456,3.686393657392947
none,1,3,1,66,66.66666666666667,0.9336115326251897,0.8806451612903226,0.09487931423415297,2.5992134232628463,2.956189820053414
none,1,3,0,66,66.66666666666667,0.9336115326251897,0.8806451612903226,0.09487931423415297,2.5992134232628463,2.956189820053414
none,1,4,1,50,50.0,0.936267071320182,0.8935483870967742,0.08547259192420487,2.595862146731948,2.934535928980715
none,1,4,0,50,50.0,0.936267071320182,0.8935483870967742,0.08547259192420487,2.595862146731948,2.934535928980715
none,1,5,1,40,40.0,0.9385432473444613,0.8741935483870967,0.10762463343108508,2.721719976004927,3.0130253244318093
none,1,5,0,40,40.0,0.9381638846737481,0.8709677419354839,0.11085043988269794,2.7177831996481774,3.0128551448044165
none,1,6,1,33,33.333333333333336,0.9393019726858877,0.8838709677419355,0.09431085043988263,2.6972439143865508,2.99094875863156
none,1,6,0,33,33.333333333333336,0.9389226100151745,0.8838709677419355,0.09431085043988263,2.6952722290755493,2.9901705768531457
none,1,8,1,25,25.0,0.9711684370257967,0.9483870967741935,0.044619896232799494,3.1084092615937946,3.2325384999826956
none,1,8,0,25,25.0,0.9491654021244309,0.9,0.08545454545454545,2.848371439465975,3.075044094465139
none,1,10,1,20,20.0,0.9707890743550834,0.9470198675496688,0.049343768813967515,3.1208830640232734,3.2572294054905435
none,1,10,0,20,20.0,0.9499241274658573,0.9,0.08909090909090911,2.8826210249758497,3.1211010710306475
none,2,3,1,66,66.66666666666667,0.954855842185129,0.8571428571428571,0.13636363636363646,3.157790696196956,3.4585731657342365
none,2,3,0,66,66.66666666666667,0.954855842185129,0.8571428571428571,0.13636363636363646,3.157790696196956,3.4585731657342365
none,2,4,1,50,50.0,0.9552352048558422,0.8504983388704319,0.1495016611295681,3.188537058020733,3.4315437667093924
none,2,4,0,50,50.0,0.9400606980273141,0.8205980066445183,0.17940199335548168,3.067776117226775,3.3946760042544915
none,2,5,1,40,40.0,0.9768588770864947,0.9269102990033222,0.07308970099667778,3.5948362108869882,3.730485952643739
none,2,5,0,40,40.0,0.9366464339908953,0.8471760797342193,0.14578166674465398,3.2546876297890237,3.66718685907837
none,2,6,1,33,33.333333333333336,0.9840667678300455,0.9601328903654485,0.039867109634551534,3.862575553628273,3.956312011875622
none,2,6,0,33,33.333333333333336,0.9666160849772383,0.9102990033222591,0.0897009966777409,3.522920380395703,3.7200504861404826
none,2,8,1,25,25.0,0.9912746585735963,0.9793103448275862,0.020689655172413834,4.1182827604425425,4.156004394048202
none,2,8,0,25,25.0,0.9620637329286799,0.9368770764119602,0.05960179682747646,3.7249090479174574,3.9208887676212254
none,2,10,1,20,20.0,0.9901365705614568,0.9793103448275862,0.020689655172413834,4.072363311245166,4.115582162093629
none,2,10,0,20,20.0,0.951062215477997,0.893687707641196,0.09927003883767727,3.582681502161381,3.8745263214191
none,3,3,1,66,66.66666666666667,0.9533383915022762,0.8823529411764706,0.11432479968731679,2.849992100112165,3.1425832326927075
none,3,3,0,66,66.66666666666667,0.9400606980273141,0.8614864864864865,0.1318689952410882,2.7471430407007746,3.1320060212385865
none,3,4,1,50,50.0,0.9487860394537178,0.8823529411764706,0.11419878296146047,2.810445627351562,3.121969488882446
none,3,4,0,50,50.0,0.9305766312594841,0.8378378378378378,0.15219538475352434,2.6606279755270448,3.0966349241982476
none,3,5,1,40,40.0,0.9491654021244309,0.8823529411764706,0.11432479968731679,2.807629708373108,3.1223787815211748
none,3,5,0,40,40.0,0.9385432473444613,0.8648648648648649,0.1284906168627098,2.722432377729365,3.101199636203709
none,3,6,1,33,33.333333333333336,0.9814112291350531,0.9215686274509803,0.07843137254901966,3.4168203943390614,3.5398496008458844
none,3,6,0,33,33.333333333333336,0.9514415781487102,0.875,0.12167774086378735,3.05596147456076,3.355490164024422
none,3,8,1,25,25.0,0.9946889226100152,0.9673202614379085,0.0326797385620915,4.145521799587885,4.179455144776682
none,3,8,0,25,25.0,0.9658573596358119,0.9150326797385621,0.08496732026143794,3.3478576574246874,3.5763888579185794
none,3,10,1,20,20.0,0.9939301972685888,0.9640522875816994,0.03594771241830064,4.110298772123628,4.156250436669841
none,3,10,0,20,20.0,0.9590288315629742,0.9052287581699346,0.09144898269385271,3.1842868013685988,3.454400480473805
none,4,3,1,66,66.66666666666667,0.9461305007587253,0.8710801393728222,0.12242635413367131,2.998943417826401,3.462463865112073
none,4,3,0,66,66.66666666666667,0.9415781487101669,0.867595818815331,0.1226639214444093,2.96882635355023,3.456093445092016
none,4,4,1,50,50.0,0.952959028831563,0.8850174216027874,0.11173582515045932,3.027664608919448,3.4843435455036667
none,4,4,0,50,50.0,0.952959028831563,0.8850174216027874,0.11173582515045932,3.026479093770195,3.484007205531548
none,4,5,1,40,40.0,0.9628224582701063,0.9059233449477352,0.09082990180551154,3.336961169176116,3.664136563231581
none,4,5,0,40,40.0,0.9499241274658573,0.8745644599303136,0.11569528032942666,3.1118163855506955,3.5854109539041294
none,4,6,1,33,33.333333333333336,0.973823975720789,0.9128919860627178,0.08710801393728218,3.443394921042239,3.7300637589496213
none,4,6,0,33,33.333333333333336,0.9419575113808801,0.8606271777003485,0.12567419216266518,3.0885848112903598,3.5727952790060367
none,4,8,1,25,25.0,0.9757207890743551,0.9198606271777003,0.08013937282229966,3.4870146266009376,3.7598900419354733
none,4,8,0,25,25.0,0.9597875569044007,0.8885017421602788,0.10500475134621479,3.264631947620607,3.642323521261409
none,4,10,1,20,20.0,0.9761001517450683,0.9198606271777003,0.08013937282229966,3.5224450247460384,3.7934997594497326
none,4,10,0,20,20.0,0.9468892261001517,0.8780487804878049,0.11545771301868868,3.103420452728394,3.5655190759109927
none,5,3,1,66,66.66666666666667,0.93247344461305,0.8496732026143791,0.13968849951328055,3.036687568722719,3.480498321362413
none,5,3,0,66,66.66666666666667,0.9279210925644916,0.8464052287581699,0.1394103740787095,3.0131728455027695,3.4828803666983505
none,5,4,1,50,50.0,0.9465098634294385,0.8660130718954249,0.11980253094145454,3.1052731305223724,3.4876282548278312
none,5,4,0,50,50.0,0.9465098634294385,0.8660130718954249,0.11980253094145454,3.1052731305223724,3.4876282548278312
none,5,5,1,40,40.0,0.9457511380880121,0.8627450980392157,0.12307050479766368,3.1317748026616665,3.503061655187529
none,5,5,0,40,40.0,0.9351289833080425,0.8562091503267973,0.12251425392852178,3.0822912204745863,3.4995444690156234
none,5,6,1,33,33.333333333333336,0.9616843702579666,0.9134948096885813,0.07586689243907829,3.937630888912756,4.165447528838231
none,5,6,0,33,33.333333333333336,0.9442336874051593,0.8685121107266436,0.11021129352867554,3.8269809323884023,4.146482410507162
none,5,8,1,25,25.0,0.9833080424886191,0.954248366013072,0.042483660130718914,4.518724899962451,4.616064798702469
none,5,8,0,25,25.0,0.960546282245827,0.9065743944636678,0.07924120837321158,4.275367971291538,4.489942378534938
none,5,10,1,20,20.0,0.9825493171471927,0.9640522875816994,0.032534743135024136,4.631518825818112,4.722802436620773
none,5,10,0,20,20.0,0.9639605462822458,0.9313725490196079,0.05838854313056274,4.140839327456056,4.3510426062196546
none,6,3,1,66,66.66666666666667,0.9036418816388467,0.7979094076655052,0.17594680148482156,2.975348149984922,3.549046462759706
none,6,3,0,66,66.66666666666667,0.9036418816388467,0.7979094076655052,0.17594680148482156,2.975348149984922,3.549046462759706
none,6,4,1,50,50.0,0.9062974203338392,0.8048780487804879,0.1657101865136298,2.967786153007081,3.5482698064020615
none,6,4,0,50,50.0,0.9062974203338392,0.8048780487804879,0.1657101865136298,2.967786153007081,3.5482698064020615
none,6,5,1,40,40.0,0.9028831562974203,0.8048780487804879,0.16244221265742065,3.044275003950849,3.6168946142914975
none,6,5,0,40,40.0,0.8956752655538694,0.794425087108014,0.1696272004736854,2.9904162549157522,3.608877503534222
none,6,6,1,33,33.333333333333336,0.9267830045523521,0.8362369337979094,0.14415522306483564,3.2328772571092426,3.6428880174827873
none,6,6,0,33,33.333333333333336,0.9222306525037937,0.8292682926829268,0.15112386417981827,3.164131429114644,3.6336322922554025
none,6,8,1,25,25.0,0.9620637329286799,0.8989547038327527,0.09124137459861992,3.5943021320532726,3.8225158717420866
none,6,8,0,25,25.0,0.9537177541729894,0.8850174216027874,0.0986427091161668,3.4789654051740113,3.765232859630146
none,6,10,1,20,20.0,0.9620637329286799,0.9024390243902439,0.08775705404112866,3.5501075409718297,3.7740555114461514
none,6,10,0,20,20.0,0.9442336874051593,0.8710801393728222,0.11257999134613195,3.3276639935740326,3.66479591763766
none,7,3,1,66,66.66666666666667,0.8877086494688923,0.7898305084745763,0.15805222768177551,2.3412027801094513,3.0625258770881807
none,7,3,0,66,66.66666666666667,0.8877086494688923,0.7898305084745763,0.15805222768177551,2.3412027801094513,3.0625258770881807
none,7,4,1,50,50.0,0.8899848254931715,0.7830508474576271,0.16808921768895269,2.3206550704242224,3.049958825840654
none,7,4,0,50,50.0,0.8899848254931715,0.7830508474576271,0.16808921768895269,2.3206550704242224,3.049958825840654
none,7,5,1,40,40.0,0.8952959028831563,0.7932203389830509,0.1579197261635289,2.3803656274592786,3.056642253975923
none,7,5,0,40,40.0,0.8952959028831563,0.7932203389830509,0.1579197261635289,2.3803656274592786,3.056642253975923
none,7,6,1,33,33.333333333333336,0.9165402124430956,0.8576271186440678,0.11305692044388005,2.57773818647108,3.048854227510467
none,7,6,0,33,33.333333333333336,0.9165402124430956,0.8576271186440678,0.11305692044388005,2.57773818647108,3.048854227510467
none,7,8,1,25,25.0,0.9430955993930197,0.888135593220339,0.09232043283829294,2.806395217156796,3.11810429696799
none,7,8,0,25,25.0,0.936267071320182,0.8677966101694915,0.11265941588914041,2.73361650001589,3.1065828632762535
none,7,10,1,20,20.0,0.9430955993930197,0.8847457627118644,0.0988068688670829,2.7955075876702344,3.1040462279091257
none,7,10,0,20,20.0,0.9237481031866465,0.8542372881355932,0.12621873792303873,2.6354686989987557,3.0749415389045787
none,8,3,1,66,66.66666666666667,0.9423368740515933,0.8996655518394648,0.0838870797394825,3.3228085001382395,3.652633868209028
none,8,3,0,66,66.66666666666667,0.9267830045523521,0.8707482993197279,0.10622538489079847,3.0676001677235476,3.514998295471627
none,8,4,1,50,50.0,0.9252655538694993,0.862876254180602,0.10751848266150332,3.2227832114992365,3.665470503983264
none,8,4,0,50,50.0,0.9146433990895296,0.8571428571428571,0.10667293233082709,3.071545625290929,3.5880900959246325
none,8,5,1,40,40.0,0.9355083459787557,0.8662207357859532,0.11733189579299419,3.28144954894022,3.6610004025336784
none,8,5,0,40,40.0,0.921092564491654,0.8662207357859532,0.11404242210878368,3.0711884142237924,3.558630588568185
none,8,6,1,33,33.333333333333336,0.9613050075872535,0.9387755102040817,0.04806659505907618,3.656493254935732,3.8648905982514403
none,8,6,0,33,33.333333333333336,0.9438543247344461,0.9081632653061225,0.07538936627282489,3.273313151920424,3.6242749430331185
none,8,8,1,25,25.0,0.9833080424886191,0.9698996655518395,0.030100334448160515,4.317305976830331,4.426050694984155
none,8,8,0,25,25.0,0.9715477996965098,0.944078947368421,0.05592105263157898,3.8348662930657893,4.065398065255977
none,8,10,1,20,20.0,0.9867223065250379,0.9794520547945206,0.020547945205479423,4.372350663015823,4.465420694343263
none,8,10,0,20,20.0,0.9666160849772383,0.9210526315789473,0.07565789473684215,3.781135459276841,4.00482196727386
none,9,3,1,66,66.66666666666667,0.8846737481031867,0.6813559322033899,0.26088233494462454,2.0500632050762806,2.6298620309275895
none,9,3,0,66,66.66666666666667,0.8846737481031867,0.6813559322033899,0.26088233494462454,2.0500632050762806,2.6298620309275895
none,9,4,1,50,50.0,0.8994688922610015,0.7050847457627119,0.24437373799180073,2.149767990240474,2.5975099946817695
none,9,4,0,50,50.0,0.8994688922610015,0.7050847457627119,0.24437373799180073,2.149767990240474,2.5975099946817695
none,9,5,1,40,40.0,0.9226100151745068,0.7559322033898305,0.21149450670788938,2.2556749338676494,2.6264516598465018
none,9,5,0,40,40.0,0.9017450682852808,0.7322033898305085,0.21003487731750592,2.164129339343742,2.6397202900348566
none,9,6,1,33,33.333333333333336,0.9487860394537178,0.8033898305084746,0.1868381825208414,2.452751791223016,2.694837320789254
none,9,6,0,33,33.333333333333336,0.9298179059180577,0.7593220338983051,0.2178766631700988,2.33508277162194,2.682445852501686
none,9,8,1,25,25.0,0.9658573596358119,0.847457627118644,0.14926368435676585,2.639416958746922,2.7989504015288045
none,9,8,0,25,25.0,0.9328528072837633,0.7830508474576271,0.1916783944196292,2.4263432682205837,2.7533685844769487
none,9,10,1,20,20.0,0.9609256449165402,0.8406779661016949,0.156043345373715,2.5873701587047098,2.772566881176712
none,9,10,0,20,20.0,0.9214719271623673,0.7661016949152543,0.19418711374900566,2.3247881302013482,2.71800545085304
none,10,3,1,66,66.66666666666667,0.9396813353566009,0.8992805755395683,0.0903388016230614,2.8008188520786463,3.0880303943564784
none,10,3,0,66,66.66666666666667,0.9203338391502276,0.8741007194244604,0.1051380349007991,2.6626398345019267,3.1022209497485163
none,10,4,1,50,50.0,0.9161608497723824,0.852112676056338,0.13404649349383502,2.5810064752759985,3.0195126522558327
none,10,4,0,50,50.0,0.9074355083459787,0.8345070422535211,0.1516521272966519,2.5268151879836225,3.0198155362668695
none,10,5,1,40,40.0,0.9252655538694993,0.8661971830985915,0.10958136361421122,2.7643767937917194,3.0860834453129407
none,10,5,0,40,40.0,0.8968133535660091,0.8309859154929577,0.130951800770018,2.5928721603304417,3.1303796992851263
none,10,6,1,33,33.333333333333336,0.9730652503793626,0.9568345323741008,0.039705260013442434,3.206846669655209,3.3064137807597107
none,10,6,0,33,33.333333333333336,0.9434749620637329,0.9028776978417267,0.08674167932090304,2.9450483368827385,3.241407661878408
none,10,8,1,25,25.0,0.9943095599393019,0.9892086330935251,0.010791366906474864,4.2108526035729055,4.23237104701819
none,10,8,0,25,25.0,0.9544764795144158,0.9136690647482014,0.07941052002688509,3.343175642425446,3.5420432745841404
none,10,10,1,20,20.0,0.9901365705614568,0.9788732394366197,0.021126760563380254,4.124817067468879,4.160157528497618
none,10,10,0,20,20.0,0.9484066767830045,0.9028776978417267,0.08674167932090304,3.239127491915787,3.5037247515437064
none,11,3,1,66,66.66666666666667,0.9100910470409712,0.8611111111111112,0.09980094100615267,2.7514548522602165,3.2056610082062282
none,11,3,0,66,66.66666666666667,0.9100910470409712,0.8611111111111112,0.09980094100615267,2.7514548522602165,3.2056610082062282
none,11,4,1,50,50.0,0.9006069802731411,0.8376383763837638,0.11675901775304398,2.708502728745402,3.222806729698952
none,11,4,0,50,50.0,0.894916540212443,0.8302583025830258,0.12088176256355398,2.686953707474967,3.233960624943757
none,11,5,1,40,40.0,0.9066767830045523,0.8413284132841329,0.11306898085267492,2.7229957647391876,3.2131846819644734
none,11,5,0,40,40.0,0.8979514415781487,0.8339483394833949,0.12044905465341293,2.694287210278638,3.228022542583646
none,11,6,1,33,33.333333333333336,0.9298179059180577,0.8854166666666666,0.0754953854505972,2.8945670253861904,3.237824581356812
none,11,6,0,33,33.333333333333336,0.9195751138088012,0.875,0.08591205211726383,2.8436571772441583,3.23388887931975
none,11,8,1,25,25.0,0.9848254931714719,0.9722222222222222,0.0243764172335601,3.7733915568932037,3.8299504994284033
none,11,8,0,25,25.0,0.958649468892261,0.9201388888888888,0.059452947845805015,3.3405522851880103,3.5138301996832815
none,11,10,1,20,20.0,0.9867223065250379,0.9756944444444444,0.02090419501133789,3.852465538578746,3.901322895769611
none,11,10,0,20,20.0,0.9518209408194234,0.933993399339934,0.0366906397480139,3.320250505415679,3.5249390945709522
none,12,3,1,66,66.66666666666667,0.9343702579666161,0.8823529411764706,0.07991120976692567,2.649306575883584,3.002095132150682
none,12,3,0,66,66.66666666666667,0.9343702579666161,0.8823529411764706,0.07991120976692567,2.649306575883584,3.002095132150682
none,12,4,1,50,50.0,0.9267830045523521,0.8858131487889274,0.06890383234314812,2.5925482636488275,2.987687544826737
none,12,4,0,50,50.0,0.9066767830045523,0.8685121107266436,0.07865770059411115,2.517197258872403,3.048799218845629
none,12,5,1,40,40.0,0.9374051593323217,0.8858131487889274,0.07922181624603764,2.6966166266811764,3.037646677659656
none,12,5,0,40,40.0,0.9123672230652504,0.8615916955017301,0.0929537590437245,2.6170282887143648,3.09673375554124
none,12,6,1,33,33.333333333333336,0.951062215477997,0.916955017301038,0.06556246521644449,3.1299929120284404,3.382380090108264
none,12,6,0,33,33.333333333333336,0.9393019726858877,0.8986013986013986,0.08041958041958042,3.0833366761712138,3.3886408133611106
none,12,8,1,25,25.0,0.9757207890743551,0.9515570934256056,0.037953396084883906,3.696243836236499,3.797046303044833
none,12,8,0,25,25.0,0.9613050075872535,0.9273356401384083,0.062174849372081176,3.5019206050200657,3.6984693572779612
none,12,10,1,20,20.0,0.9715477996965098,0.9411764705882353,0.04483751542575076,3.5724489529803565,3.6962679031453387
none,12,10,0,20,20.0,0.9351289833080425,0.9020979020979021,0.0699300699300699,3.2515401472207364,3.6218444914464323
none,13,3,1,66,66.66666666666667,0.9427162367223065,0.8972602739726028,0.08607305936073051,2.864830721339889,3.1788573730267
none,13,3,0,66,66.66666666666667,0.9427162367223065,0.8972602739726028,0.08607305936073051,2.864830721339889,3.1788573730267
none,13,4,1,50,50.0,0.9385432473444613,0.9006849315068494,0.07811365506558876,2.8143736562738026,3.184823693329536
none,13,4,0,50,50.0,0.9374051593323217,0.9006849315068494,0.07811365506558876,2.7840592612837423,3.16592802199675
none,13,5,1,40,40.0,0.958649468892261,0.9143835616438356,0.08201931605400614,3.012343180586619,3.2553898954607776
none,13,5,0,40,40.0,0.951062215477997,0.9075342465753424,0.07913242009132426,2.8870258576433825,3.1705211456949507
none,13,6,1,33,33.333333333333336,0.9647192716236722,0.9306930693069307,0.065709808390911,3.22783790621708,3.4072020420556
none,13,6,0,33,33.333333333333336,0.9609256449165402,0.9240924092409241,0.06530688404529505,3.1584364630046355,3.3569342093865764
none,13,8,1,25,25.0,0.9696509863429439,0.9372937293729373,0.051914903720587824,3.5878887025337187,3.723575982036335
none,13,8,0,25,25.0,0.9658573596358119,0.9372937293729373,0.051914903720587824,3.416910867751095,3.580817413447893
none,13,10,1,20,20.0,0.9764795144157815,0.9471947194719472,0.05280528052805278,3.6303245292234636,3.7438656783413484
none,13,10,0,20,20.0,0.9635811836115327,0.9370629370629371,0.06293706293706292,3.230596610841613,3.4263188039122285
none,14,3,1,66,66.66666666666667,0.9176783004552352,0.8605442176870748,0.11118723107617612,2.8246521938149405,3.4238444010338234
none,14,3,0,66,66.66666666666667,0.91350531107739,0.8571428571428571,0.11458859162039381,2.8035350914276487,3.425339646371937
none,14,4,1,50,50.0,0.9256449165402124,0.8741496598639455,0.1117160645176799,2.857759126485574,3.4451153847866474
none,14,4,0,50,50.0,0.9142640364188164,0.8639455782312925,0.11838657724573931,2.781545928350507,3.4552944748874923
none,14,5,1,40,40.0,0.9514415781487102,0.9115646258503401,0.08158605908116667,3.154988018023611,3.523513618277766
none,14,5,0,40,40.0,0.8968133535660091,0.8367346938775511,0.12792961707651251,2.8058133287472513,3.5133114674003045
none,14,6,1,33,33.333333333333336,0.9419575113808801,0.8936170212765957,0.08925969105217146,3.162778498769624,3.5307365186537787
none,14,6,0,33,33.333333333333336,0.9237481031866465,0.8829787234042553,0.09228629426358925,2.9589681356675896,3.498669715557703
none,14,8,1,25,25.0,0.9723065250379362,0.9326241134751773,0.06402018182683611,3.612842433067987,3.8005898216071756
none,14,8,0,25,25.0,0.9571320182094082,0.9161290322580645,0.08033739883734181,3.3335876930432935,3.659571105104473
none,14,10,1,20,20.0,0.9654779969650986,0.9184397163120568,0.07128631108520345,3.6033160671202733,3.807537316411516
none,14,10,0,20,20.0,0.9320940819423369,0.8900709219858156,0.08938113280870497,3.102173241295286,3.5532849422457726
none,15,3,1,66,66.66666666666667,0.9081942336874052,0.8411552346570397,0.12715462449788995,2.585649303860885,3.087539801269947
none,15,3,0,66,66.66666666666667,0.9081942336874052,0.8411552346570397,0.12715462449788995,2.585649303860885,3.087539801269947
none,15,4,1,50,50.0,0.8979514415781487,0.8122743682310469,0.1560354909238827,2.521771195468935,3.109268265475459
none,15,4,0,50,50.0,0.8812594840667678,0.776173285198556,0.19213657395637362,2.4317457774706135,3.1295342069049856
none,15,5,1,40,40.0,0.9112291350531108,0.8478964401294499,0.12041341902547975,2.602033044647065,3.1074460927565823
none,15,5,0,40,40.0,0.8933990895295902,0.8086642599277978,0.15964559922713184,2.502898225451767,3.117714552994428
none,15,6,1,33,33.333333333333336,0.9389226100151745,0.8770226537216829,0.10537171247550026,2.8202696062556654,3.168473727215489
none,15,6,0,33,33.333333333333336,0.9264036418816388,0.8640776699029126,0.11831669629427055,2.728042525639859,3.1594395111170788
none,15,8,1,25,25.0,0.9776176024279211,0.9611650485436893,0.03531382469574729,4.137320757883503,4.271534620603703
none,15,8,0,25,25.0,0.9518209408194234,0.9097472924187726,0.07968932729953726,3.3136291000591123,3.595177271450098
none,15,10,1,20,20.0,0.9696509863429439,0.9352750809061489,0.058013509697877996,4.10406554798092,4.275998901562219
none,15,10,0,20,20.0,0.9385432473444613,0.8844765342960289,0.1014389586617176,3.1653752815172567,3.51044151665002
none,16,3,1,66,66.66666666666667,0.9332321699544764,0.8433333333333334,0.13277588168373144,2.9264300710298974,3.389169905813322
none,16,3,0,66,66.66666666666667,0.9328528072837633,0.8433333333333334,0.13277588168373144,2.923071974479941,3.388619913059488
none,16,4,1,50,50.0,0.8956752655538694,0.7966666666666666,0.135993265993266,2.6718479343693993,3.363028158503532
none,16,4,0,50,50.0,0.8956752655538694,0.7966666666666666,0.135993265993266,2.6718479343693993,3.363028158503532
none,16,5,1,40,40.0,0.9195751138088012,0.83,0.1228619528619529,2.933927115750465,3.4340341422467917
none,16,5,0,40,40.0,0.9044006069802731,0.7833333333333333,0.16279461279461283,2.76053262168862,3.4688618167075456
none,16,6,1,33,33.333333333333336,0.928679817905918,0.8433333333333334,0.11706270627062698,2.992830932787175,3.42843368249429
none,16,6,0,33,33.333333333333336,0.9222306525037937,0.84,0.11959595959595959,2.9327047353374067,3.4047872095009937
none,16,8,1,25,25.0,0.9726858877086495,0.9166666666666666,0.07659932659932667,3.800853318348635,3.9203110753833643
none,16,8,0,25,25.0,0.9650986342943855,0.91,0.08315068493150679,3.5752173856010527,3.737877812044642
none,16,10,1,20,20.0,0.9757207890743551,0.92,0.07657534246575337,3.697978654529225,3.818101598961486
none,16,10,0,20,20.0,0.9419575113808801,0.8766666666666667,0.10119311193111924,3.2390665346315273,3.6424444059128342
none,17,3,1,66,66.66666666666667,0.9461305007587253,0.9233333333333333,0.06005537098560354,3.0246999665249428,3.3800229029778337
none,17,3,0,66,66.66666666666667,0.9461305007587253,0.9233333333333333,0.06005537098560354,3.0246999665249428,3.3800229029778337
none,17,4,1,50,50.0,0.9233687405159332,0.8697183098591549,0.10171026156941654,2.8872848728576908,3.3455562092692697
none,17,4,0,50,50.0,0.9233687405159332,0.8697183098591549,0.10171026156941654,2.885070047675868,3.3448975975150756
none,17,5,1,40,40.0,0.9358877086494689,0.8873239436619719,0.09606476065696501,3.037353797450789,3.4041336428825737
none,17,5,0,40,40.0,0.9294385432473444,0.8838028169014085,0.09119718309859148,2.9683505932728145,3.3991667938767014
none,17,6,1,33,33.333333333333336,0.9525796661608498,0.9154929577464789,0.0745402648448833,3.1800178234453185,3.465958757719463
none,17,6,0,33,33.333333333333336,0.9525796661608498,0.9154929577464789,0.0745402648448833,3.1800178234453185,3.465958757719463
none,17,8,1,25,25.0,0.9889984825493171,0.9804560260586319,0.019543973941368087,4.126795598375396,4.195684832768509
none,17,8,0,25,25.0,0.9776176024279211,0.9683098591549296,0.028367881708857734,3.7865468773155215,3.9160850551545443
none,17,10,1,20,20.0,0.9848254931714719,0.9753521126760564,0.02464788732394363,3.9842079973070463,4.070358332507033
none,17,10,0,20,20.0,0.9582701062215478,0.9295774647887324,0.060455757802629795,3.509036227106657,3.7436730562252793
none,18,3,1,66,66.66666666666667,0.9487860394537178,0.8729096989966555,0.1270903010033445,2.9340929546848162,3.214368314813604
none,18,3,0,66,66.66666666666667,0.9487860394537178,0.8729096989966555,0.1270903010033445,2.9340929546848162,3.214368314813604
none,18,4,1,50,50.0,0.9419575113808801,0.8729096989966555,0.1270903010033445,2.9188008620095647,3.223827942465074
none,18,4,0,50,50.0,0.9419575113808801,0.8729096989966555,0.1270903010033445,2.9188008620095647,3.223827942465074
none,18,5,1,40,40.0,0.9339908952959028,0.8729096989966555,0.12355673209875084,2.870510405595807,3.20233481642942
none,18,5,0,40,40.0,0.9332321699544764,0.8695652173913043,0.126901213704102,2.857592681908553,3.194699419612865
none,18,6,1,33,33.333333333333336,0.9681335356600911,0.9331103678929766,0.0633560632024297,3.4839769680917554,3.6129162976417644
none,18,6,0,33,33.333333333333336,0.9389226100151745,0.8963210702341137,0.08080311277242225,3.1296386213333953,3.468805843958406
none,18,8,1,25,25.0,0.9840667678300455,0.9531772575250836,0.04682274247491636,3.7664048532013386,3.827483606238155
none,18,8,0,25,25.0,0.9563732928679818,0.9063545150501672,0.07663868222874437,3.423115367948495,3.6768686814107614
none,18,10,1,20,20.0,0.9859635811836115,0.9531772575250836,0.04682274247491636,3.7977260223184652,3.854281528013244
none,18,10,0,20,20.0,0.9544764795144158,0.8929765886287625,0.09642270465745661,3.314523842264743,3.575218625589712
none,19,3,1,66,66.66666666666667,0.962443095599393,0.9285714285714286,0.05729429581019685,2.8152952708323884,2.9744426557777026
none,19,3,0,66,66.66666666666667,0.962443095599393,0.9285714285714286,0.05729429581019685,2.8152952708323884,2.9744426557777026
none,19,4,1,50,50.0,0.9609256449165402,0.9253246753246753,0.06454018954018959,2.7875750414405953,2.954223812494141
none,19,4,0,50,50.0,0.9609256449165402,0.9253246753246753,0.06454018954018959,2.7875750414405953,2.954223812494141
none,19,5,1,40,40.0,0.9609256449165402,0.9188311688311688,0.07103369603369614,2.7787924052938133,2.9533650235931495
none,19,5,0,40,40.0,0.9408194233687405,0.8928571428571429,0.08011583011583012,2.6353127787112727,2.9390482366110904
none,19,6,1,33,33.333333333333336,0.9711684370257967,0.9415584415584416,0.05168480168480161,2.9084218459431668,3.0319033779793445
none,19,6,0,33,33.333333333333336,0.9711684370257967,0.9415584415584416,0.05168480168480161,2.9084218459431668,3.0319033779793445
none,19,8,1,25,25.0,0.9829286798179059,0.9675324675324676,0.028933963562938758,3.2505656200593442,3.310733378084009
none,19,8,0,25,25.0,0.9825493171471927,0.9675324675324676,0.028933963562938758,3.2474808119135483,3.308444911645027
none,19,10,1,20,20.0,0.9772382397572079,0.9545454545454546,0.038697788697788615,3.12938930107073,3.2051605137858927
none,19,10,0,20,20.0,0.9772382397572079,0.9545454545454546,0.038697788697788615,3.118822232302358,3.19762050947631
none,20,3,1,66,66.66666666666667,0.9320940819423369,0.8590604026845637,0.11821232458816355,2.7833794795986346,3.1337504027324603
none,20,3,0,66,66.66666666666667,0.9222306525037937,0.8422818791946308,0.13050723645162765,2.7448971948781544,3.134320650036048
none,20,4,1,50,50.0,0.9309559939301972,0.8624161073825504,0.11106874110229814,2.7382134765231054,3.1116328689194384
none,20,4,0,50,50.0,0.9283004552352049,0.8590604026845637,0.11372871296169473,2.72376585927018,3.110610927881665
none,20,5,1,40,40.0,0.9468892261001517,0.8859060402684564,0.09368579646623743,2.9379213774655812,3.1927823645555815
none,20,5,0,40,40.0,0.9017450682852808,0.8187919463087249,0.14719444824909822,2.6857555598908682,3.1880681010902916
none,20,6,1,33,33.333333333333336,0.9620637329286799,0.9060402684563759,0.08259609517998778,3.1158236046064105,3.285081437181952
none,20,6,0,33,33.333333333333336,0.9377845220030349,0.8624161073825504,0.12057708989636118,2.9395661036852747,3.222734044543771
none,20,8,1,25,25.0,0.9745827010622155,0.9328859060402684,0.05997123681687444,3.363558252643134,3.4675513516027596
none,20,8,0,25,25.0,0.9563732928679818,0.9093959731543624,0.07699858466876686,3.210240033594139,3.396700787939731
none,20,10,1,20,20.0,0.9681335356600911,0.9194630872483222,0.0691732763880415,3.284238732709344,3.418829632954751
none,20,10,0,20,20.0,0.9411987860394537,0.8791946308724832,0.10379856640642837,3.042677008909914,3.3124493444458096
none,21,3,1,66,66.66666666666667,0.9271623672230652,0.8809523809523809,0.09943977591036413,2.842936675808052,3.22490139661811
none,21,3,0,66,66.66666666666667,0.921092564491654,0.8707482993197279,0.1096438575430172,2.7976934922340138,3.234445868505151
none,21,4,1,50,50.0,0.9449924127465857,0.900990099009901,0.08920597942147157,2.967012282094859,3.2501224281632544
none,21,4,0,50,50.0,0.9336115326251897,0.8843537414965986,0.09930638922235557,2.898074874587016,3.2578093819678284
none,21,5,1,40,40.0,0.9525796661608498,0.9042904290429042,0.08917362324467748,3.046667284693599,3.2841267292442478
none,21,5,0,40,40.0,0.9438543247344461,0.8976897689768977,0.08597036174205652,2.996219092747988,3.2854257230466732
none,21,6,1,33,33.333333333333336,0.9556145675265554,0.9174917491749175,0.07597230311266423,3.0443501175675998,3.2820396029159187
none,21,6,0,33,33.333333333333336,0.9393019726858877,0.8910891089108911,0.09583899566427234,2.940445676482358,3.277598074463143
none,21,8,1,25,25.0,0.9764795144157815,0.9570957095709571,0.04290429042904287,3.452636535239155,3.5676787706753963
none,21,8,0,25,25.0,0.9594081942336874,0.9207920792079208,0.06940399922345175,3.2129818306840283,3.4292513536315226
none,21,10,1,20,20.0,0.9772382397572079,0.9570957095709571,0.04290429042904287,3.4641671514745873,3.5776374252888448
none,21,10,0,20,20.0,0.9377845220030349,0.8943894389438944,0.08927069177505975,3.0178863244719087,3.359703185752283
none,22,3,1,66,66.66666666666667,0.9309559939301972,0.8873720136518771,0.1030126017327383,2.880246614630816,3.2967792907761053
none,22,3,0,66,66.66666666666667,0.9309559939301972,0.8873720136518771,0.1030126017327383,2.880246614630816,3.2967792907761053
none,22,4,1,50,50.0,0.9328528072837633,0.8805460750853242,0.10983854029929119,2.8909310836840465,3.3032143225666926
none,22,4,0,50,50.0,0.9271623672230652,0.8737201365187713,0.11025422245558758,2.8455257287326376,3.287410595823296
none,22,5,1,40,40.0,0.9423368740515933,0.89419795221843,0.0993917913713136,2.96935719023552,3.3224678216847003
none,22,5,0,40,40.0,0.9146433990895296,0.8600682593856656,0.11749584317843698,2.7629267953867482,3.313656607245388
none,22,6,1,33,33.333333333333336,0.9613050075872535,0.9146757679180887,0.08532423208191131,3.286548163314417,3.4935140777289195
none,22,6,0,33,33.333333333333336,0.9427162367223065,0.8839590443686007,0.10322044281088649,3.0733558531569702,3.3933439215287726
none,22,8,1,25,25.0,0.9927921092564491,0.9850746268656716,0.014925373134328401,4.28667099171014,4.3336936167430915
none,22,8,0,25,25.0,0.9711684370257967,0.9506578947368421,0.042931848852901466,3.671858099685813,3.830967179886316
none,22,10,1,20,20.0,0.9916540212443096,0.9863481228668942,0.013651877133105783,4.213036552507879,4.261580627467374
none,22,10,0,20,20.0,0.9590288315629742,0.9293286219081273,0.06105599347648816,3.473889639219092,3.7076885376057227
none,23,3,1,66,66.66666666666667,0.894916540212443,0.706081081081081,0.2553337099157036,2.668549815595599,3.4362126501579824
none,23,3,0,66,66.66666666666667,0.8729135053110774,0.6891891891891891,0.25293299730598773,2.589395661150146,3.4817470937248114
none,23,4,1,50,50.0,0.9127465857359636,0.7263513513513513,0.2511406100634397,2.776377607168552,3.4432977750019504
none,23,4,0,50,50.0,0.8892261001517451,0.6993243243243243,0.25155286865813176,2.6719300914264563,3.4760015918208618
none,23,5,1,40,40.0,0.9081942336874052,0.722972972972973,0.2513035543582167,2.742158424813329,3.431981090358001
none,23,5,0,40,40.0,0.8877086494688923,0.6824324324324325,0.27898235856435216,2.6499621138139946,3.488545922389738
none,23,6,1,33,33.333333333333336,0.9275417298937785,0.7702702702702703,0.21218587008060685,2.8726423731224657,3.435026727436997
none,23,6,0,33,33.333333333333336,0.9047799696509864,0.75,0.204983922829582,2.782973352190197,3.4863154275280106
none,23,8,1,25,25.0,0.9628224582701063,0.8547297297297297,0.14205483618666903,3.413150909881226,3.625268655524119
none,23,8,0,25,25.0,0.9256449165402124,0.777027027027027,0.1940340662205614,3.0219367546941043,3.5990987979258175
none,23,10,1,20,20.0,0.9514415781487102,0.8445945945945946,0.14487908961593166,3.359093188503732,3.610005141056274
none,23,10,0,20,20.0,0.9104704097116844,0.7702702702702703,0.19815078236130867,2.9833456089301715,3.558112279345148
none,24,3,1,66,66.66666666666667,0.9635811836115327,0.8966666666666666,0.10005464480874326,3.049209185665086,3.3742683483910185
none,24,3,0,66,66.66666666666667,0.9575113808801214,0.89,0.09965517241379307,2.9654676878293476,3.3306274853744844
none,24,4,1,50,50.0,0.9506828528072838,0.88,0.11310344827586205,2.8788469549570794,3.2762547750047863
none,24,4,0,50,50.0,0.9506828528072838,0.88,0.11310344827586205,2.8788469549570794,3.2762547750047863
none,24,5,1,40,40.0,0.9734446130500759,0.9166666666666666,0.08333333333333337,3.2720397362306572,3.5121952061588497
none,24,5,0,40,40.0,0.960546282245827,0.9,0.08688524590163937,3.0922231549532664,3.391350648067922
none,24,6,1,33,33.333333333333336,0.9882397572078907,0.9466666666666667,0.053333333333333344,4.276429467057037,4.382190624369693
none,24,6,0,33,33.333333333333336,0.9681335356600911,0.9133333333333333,0.08010928961748631,3.334351767473611,3.603222704758845
none,24,8,1,25,25.0,0.9787556904400607,0.9433333333333334,0.05004415011037522,4.677433820465923,4.802179885718529
none,24,8,0,25,25.0,0.9654779969650986,0.9066666666666666,0.07977401129943507,3.7380292869587617,4.006055861211588
none,24,10,1,20,20.0,0.9806525037936267,0.9466666666666667,0.04671081677704192,4.737365291558673,4.851952089031435
none,24,10,0,20,20.0,0.9647192716236722,0.8966666666666666,0.08977401129943507,3.669385802523029,3.929568083704848
none,25,3,1,66,66.66666666666667,0.9408194233687405,0.8941605839416058,0.08928312466766575,3.0069516229836823,3.4609852530755756
none,25,3,0,66,66.66666666666667,0.9203338391502276,0.8832116788321168,0.09692077149900902,2.7667290328039886,3.3511272702242447
none,25,4,1,50,50.0,0.9468892261001517,0.9124087591240876,0.07765746604147528,2.9896122530299145,3.4028136695726943
none,25,4,0,50,50.0,0.9241274658573596,0.8929765886287625,0.09377837825865476,2.731071169766832,3.3201083930425965
none,25,5,1,40,40.0,0.9434749620637329,0.9087591240875912,0.08130710107797168,3.0803570521891084,3.4983957107196044
none,25,5,0,40,40.0,0.9226100151745068,0.8855218855218855,0.10123308136553177,2.7811241138774685,3.319384059128289
none,25,6,1,33,33.333333333333336,0.9582701062215478,0.9233576642335767,0.06670856093198618,3.486521205761016,3.7900029541546405
none,25,6,0,33,33.333333333333336,0.9374051593323217,0.9014598540145985,0.08529511287281877,3.0018127679273374,3.4511737234351805
none,25,8,1,25,25.0,0.9654779969650986,0.927007299270073,0.0663701841736356,4.146148996901059,4.385061055419211
none,25,8,0,25,25.0,0.9468892261001517,0.9124087591240876,0.08096872431962099,3.378755531224214,3.7479183937476854
none,25,10,1,20,20.0,0.970030349013657,0.9343065693430657,0.062382172378788625,4.081795059062478,4.2973618230982344
none,25,10,0,20,20.0,0.9552352048558422,0.9233576642335767,0.07333107748827761,3.449908066675832,3.7724820822009897
none,26,3,1,66,66.66666666666667,0.8960546282245827,0.8596491228070176,0.0836842105263158,2.4287354537566133,2.911482682428704
none,26,3,0,66,66.66666666666667,0.8960546282245827,0.8596491228070176,0.0836842105263158,2.4287354537566133,2.911482682428704
none,26,4,1,50,50.0,0.894916540212443,0.8596491228070176,0.0870175438596491,2.413670509081157,2.9107245688876278
none,26,4,0,50,50.0,0.894916540212443,0.8596491228070176,0.0870175438596491,2.413670509081157,2.9107245688876278
none,26,5,1,40,40.0,0.9036418816388467,0.8708609271523179,0.07580573951434877,2.461077866051101,2.9145075630249493
none,26,5,0,40,40.0,0.9036418816388467,0.8708609271523179,0.07580573951434877,2.461077866051101,2.9145075630249493
none,26,6,1,33,33.333333333333336,0.9131259484066768,0.8874172185430463,0.06591611479028703,2.5310179052608066,2.922237528119824
none,26,6,0,33,33.333333333333336,0.9100910470409712,0.8850174216027874,0.06498257839721255,2.5046896246245396,2.922354712479398
none,26,8,1,25,25.0,0.9802731411229135,0.9547038327526133,0.04196283391405342,3.558929993821762,3.6295798294654085
none,26,8,0,25,25.0,0.9597875569044007,0.9407665505226481,0.042566782810685155,3.1776362657144293,3.376844813349888
none,26,10,1,20,20.0,0.9825493171471927,0.9616724738675958,0.0383275261324042,3.515041264348852,3.5847219637982097
none,26,10,0,20,20.0,0.9449924127465857,0.9105960264900662,0.06273730684326717,2.9689350109411703,3.2266620445744403
none,27,3,1,66,66.66666666666667,0.9320940819423369,0.8344370860927153,0.12997572529518508,2.642330204987041,3.04502248630911
none,27,3,0,66,66.66666666666667,0.9320940819423369,0.8344370860927153,0.12997572529518508,2.642330204987041,3.04502248630911
none,27,4,1,50,50.0,0.9279210925644916,0.8211920529801324,0.1422630965215287,2.6151971925425626,3.0384219623219875
none,27,4,0,50,50.0,0.9279210925644916,0.8211920529801324,0.1422630965215287,2.6151971925425626,3.0384219623219875
none,27,5,1,40,40.0,0.951062215477997,0.8807947019867549,0.09927174319596932,2.892555701536599,3.1553209562302444
none,27,5,0,40,40.0,0.9396813353566009,0.847682119205298,0.12573980770500104,2.7562319186689344,3.121733212017091
none,27,6,1,33,33.333333333333336,0.962443095599393,0.8973509933774835,0.08614735645750005,3.121844683287718,3.3097501680261363
none,27,6,0,33,33.333333333333336,0.9575113808801214,0.8874172185430463,0.09608113129193718,3.090312462719669,3.305820156245592
none,27,8,1,25,25.0,0.9696509863429439,0.9139072847682119,0.0728036786869376,3.337431458932418,3.4733954030725562
none,27,8,0,25,25.0,0.9677541729893778,0.9139072847682119,0.0728036786869376,3.2602395723233912,3.413144425637176
none,27,10,1,20,20.0,0.9616843702579666,0.9039735099337748,0.07941519438516209,3.232172634815349,3.402930719523166
none,27,10,0,20,20.0,0.947268588770865,0.8807947019867549,0.09610298778222204,3.0542764249253063,3.30052862704532
none,28,3,1,66,66.66666666666667,0.9275417298937785,0.9032258064516129,0.04862604540023896,2.378390285727369,2.757816688518419
none,28,3,0,66,66.66666666666667,0.9260242792109257,0.899641577060932,0.052210274790919886,2.3721865071878545,2.756897462780221
none,28,4,1,50,50.0,0.9571320182094082,0.921146953405018,0.06196115470309016,2.78535059934092,3.017407827372034
none,28,4,0,50,50.0,0.9229893778452201,0.8888888888888888,0.05791962174940901,2.458448216380934,2.8379147197651937
none,28,5,1,40,40.0,0.970030349013657,0.9498207885304659,0.04680083309115568,3.0751072298342326,3.2296944066060598
none,28,5,0,40,40.0,0.9408194233687405,0.910394265232975,0.06595708611837636,2.6252975448693925,2.927605898308162
none,28,6,1,33,33.333333333333336,0.9764795144157815,0.9605734767025089,0.03604814491911268,3.1359115634902905,3.2609717000033913
none,28,6,0,33,33.333333333333336,0.9446130500758725,0.9139784946236559,0.052688172043010795,2.678768462842428,2.949347157805695
none,28,8,1,25,25.0,0.9946889226100152,0.9791666666666666,0.02083333333333337,3.9801275390123743,4.008668238930388
none,28,8,0,25,25.0,0.966236722306525,0.9513888888888888,0.028340840840840875,3.104208620226094,3.2626402349709145
none,28,10,1,20,20.0,0.9946889226100152,0.9791666666666666,0.02083333333333337,4.02517775164556,4.053718451563573
none,28,10,0,20,20.0,0.9514415781487102,0.9270833333333334,0.050694444444444375,2.9721361689648536,3.1930105850993127
none,29,3,1,66,66.66666666666667,0.9074355083459787,0.8422818791946308,0.09969764298966954,2.7104750090043033,3.263651243234194
none,29,3,0,66,66.66666666666667,0.8968133535660091,0.8187919463087249,0.1231875758755755,2.6244908647050997,3.269139969538034
none,29,4,1,50,50.0,0.9169195751138088,0.8489932885906041,0.09639920287697268,2.7675476988435723,3.267324578783692
none,29,4,0,50,50.0,0.9047799696509864,0.825503355704698,0.11988913576287874,2.64972070083185,3.268186852383246
none,29,5,1,40,40.0,0.9157814871016692,0.8523489932885906,0.09645646746226266,2.749688694256427,3.2595201271241945
none,29,5,0,40,40.0,0.8915022761760243,0.8273381294964028,0.11464139268789753,2.5642873247493463,3.2769495124304453
none,29,6,1,33,33.333333333333336,0.9552352048558422,0.8993288590604027,0.0829406444856966,3.1671791642407348,3.4176144218528237
none,29,6,0,33,33.333333333333336,0.924886191198786,0.8624161073825504,0.09662826121813217,2.8989955309414754,3.348069761495458
none,29,8,1,25,25.0,0.9946889226100152,0.9892086330935251,0.010791366906474864,4.3080833295515,4.330264381515352
none,29,8,0,25,25.0,0.9571320182094082,0.912751677852349,0.07063702646658787,3.424363932296829,3.664882042148489
none,29,10,1,20,20.0,0.992412746585736,0.9862542955326461,0.013745704467353903,4.176355256542521,4.2118104750344925
none,29,10,0,20,20.0,0.9540971168437026,0.9060402684563759,0.08030785441051835,3.344376301718481,3.624460666955683
mild,0,3,1,66,66.66666666666667,0.8755690440060698,0.6820809248554913,0.3086883059137394,2.7972958839368673,4.883973589457794
mild,0,3,0,66,66.66666666666667,0.8755690440060698,0.6820809248554913,0.3086883059137394,2.7972958839368673,4.883973589457794
mild,0,4,1,50,50.0,0.8971927162367223,0.6994219653179191,0.2913472654513116,2.9564530805736706,4.842902239624413
mild,0,4,0,50,50.0,0.8922610015174507,0.6965317919075145,0.2850066696309471,2.929381603991969,4.841021350589895
mild,0,5,1,40,40.0,0.9017450682852808,0.7023121387283237,0.29153401511783017,3.0000892283638074,4.84500369465741
mild,0,5,0,40,40.0,0.8941578148710166,0.6994219653179191,0.28519341929746556,2.9510622667636563,4.8393096720343065
mild,0,6,1,33,33.333333333333336,0.9157814871016692,0.708092485549133,0.28575366829702087,3.13528874175014,4.904566780701717
mild,0,6,0,33,33.333333333333336,0.8922610015174507,0.6994219653179191,0.2913472654513116,2.987218576448171,4.8737927097816085
mild,0,8,1,25,25.0,0.9552352048558422,0.7630057803468208,0.23391729657625615,4.028786907053593,5.224230133902273
mild,0,8,0,25,25.0,0.909711684370258,0.7312138728323699,0.2595553579368608,3.2226626758643433,4.945568750384999
mild,0,10,1,20,20.0,0.9552352048558422,0.7630057803468208,0.23391729657625615,4.018088337866797,5.210159124265344
mild,0,10,0,20,20.0,0.9074355083459787,0.708092485549133,0.2795998221431747,3.1798977393378864,4.982116261863445
mild,1,3,1,66,66.66666666666667,0.9465098634294385,0.8773234200743495,0.12267657992565051,5.024314504578254,5.303255706790212
mild,1,3,0,66,66.66666666666667,0.9465098634294385,0.8773234200743495,0.12267657992565051,5.024314504578254,5.303255706790212
mild,1,4,1,50,50.0,0.9453717754172989,0.8661710037174721,0.13382899628252787,5.009848892514888,5.276031058718884
mild,1,4,0,50,50.0,0.9453717754172989,0.8661710037174721,0.13382899628252787,5.009848892514888,5.276031058718884
mild,1,5,1,40,40.0,0.9552352048558422,0.8996282527881041,0.1003717472118959,5.204935271618746,5.424483060537961
mild,1,5,0,40,40.0,0.9544764795144158,0.8996282527881041,0.1003717472118959,5.202674857397288,5.42422981837449
mild,1,6,1,33,33.333333333333336,0.9590288315629742,0.9144981412639405,0.08550185873605953,5.447729986907004,5.622465717141722
mild,1,6,0,33,33.333333333333336,0.954855842185129,0.9107806691449815,0.08921933085501854,5.427049637203271,5.625908667357191
mild,1,8,1,25,25.0,0.9836874051593323,0.9515418502202643,0.048458149779735726,5.723031777354983,5.800202946102377
mild,1,8,0,25,25.0,0.9829286798179059,0.9515418502202643,0.048458149779735726,5.716716588534712,5.798165328718515
mild,1,10,1,20,20.0,0.9764795144157815,0.9427312775330396,0.05726872246696035,5.639493707347579,5.74160791784267
mild,1,10,0,20,20.0,0.9688922610015175,0.9368029739776952,0.06319702602230481,5.549483992994535,5.701555473688019
mild,2,3,1,66,66.66666666666667,0.8171471927162367,0.2770083102493075,0.6900698790511041,3.3002314022457013,6.889859632227218
mild,2,3,0,66,66.66666666666667,0.8091805766312595,0.2770083102493075,0.6859546527136554,3.265619586594516,6.886879605799573
mild,2,4,1,50,50.0,0.8232169954476479,0.296398891966759,0.6706792973336526,3.359578094476768,6.724156604317526
mild,2,4,0,50,50.0,0.8167678300455236,0.296398891966759,0.666564070996204,3.3335881779946424,6.717985280469335
mild,2,5,1,40,40.0,0.8444613050075872,0.3462603878116344,0.6208178014887772,3.5690920048801114,6.402438042125731
mild,2,5,0,40,40.0,0.8391502276176024,0.3462603878116344,0.6167025751513285,3.550484184722685,6.403280779115382
mild,2,6,1,33,33.333333333333336,0.8535660091047041,0.3545706371191136,0.620738004856195,3.6389878025533555,6.373311382947079
mild,2,6,0,33,33.333333333333336,0.8440819423368741,0.3545706371191136,0.6125075521812979,3.5948481360984705,6.36576860152113
mild,2,8,1,25,25.0,0.881638846737481,0.41274238227146814,0.5790271650536347,4.099349550737583,6.2090001743054115
mild,2,8,0,25,25.0,0.8691198786039454,0.41274238227146814,0.5625662597038406,3.938321320854359,6.100729616554719
mild,2,10,1,20,20.0,0.8805007587253414,0.41274238227146814,0.5749119387161861,4.064320124276025,6.17568701787116
mild,2,10,0,20,20.0,0.8615326251896813,0.41274238227146814,0.566681486041289,3.795133879143674,5.992165000034217
mild,3,3,1,66,66.66666666666667,0.9313353566009105,0.7859922178988327,0.19047837033646142,3.72431886524234,4.28496973370846
mild,3,3,0,66,66.66666666666667,0.9313353566009105,0.7859922178988327,0.19047837033646142,3.72431886524234,4.28496973370846
mild,3,4,1,50,50.0,0.9294385432473444,0.7665369649805448,0.21233627445607495,3.7024797306619055,4.241679081094565
mild,3,4,0,50,50.0,0.9294385432473444,0.7665369649805448,0.21233627445607495,3.7024797306619055,4.241679081094565
mild,3,5,1,40,40.0,0.9358877086494689,0.7859922178988327,0.19992327505891383,3.767301529426228,4.292631172332387
mild,3,5,0,40,40.0,0.9355083459787557,0.7859922178988327,0.19992327505891383,3.762033788240911,4.290692151957134
mild,3,6,1,33,33.333333333333336,0.9411987860394537,0.7937743190661478,0.19214117389159868,3.817761450559938,4.297322177586225
mild,3,6,0,33,33.333333333333336,0.9411987860394537,0.7937743190661478,0.19214117389159868,3.817761450559938,4.297322177586225
mild,3,8,1,25,25.0,0.9772382397572079,0.8949416342412452,0.10505836575875482,4.597716915879674,4.772221443893503
mild,3,8,0,25,25.0,0.9715477996965098,0.8832684824902723,0.11673151750972766,4.518095774842907,4.717618834181772
mild,3,10,1,20,20.0,0.9761001517450683,0.8910505836575876,0.1089494163424124,4.597441263740856,4.77649864756509
mild,3,10,0,20,20.0,0.9597875569044007,0.8443579766536965,0.1556420233463035,4.338602446246783,4.599849693995705
mild,4,3,1,66,66.66666666666667,0.9142640364188164,0.8801261829652997,0.07457764978731363,2.964132784346431,3.8232045444260088
mild,4,3,0,66,66.66666666666667,0.909711684370258,0.8706624605678234,0.08404137218478991,2.927737307224356,3.8216058762005263
mild,4,4,1,50,50.0,0.91350531107739,0.8801261829652997,0.07457764978731363,2.9674213502678164,3.8265057025201923
mild,4,4,0,50,50.0,0.9093323216995448,0.8706624605678234,0.08404137218478991,2.9309904739145427,3.824803344578454
mild,4,5,1,40,40.0,0.9165402124430956,0.8801261829652997,0.07806197034480489,2.990094448670214,3.8279205467691497
mild,4,5,0,40,40.0,0.9100910470409712,0.8706624605678234,0.08404137218478991,2.9307697048687618,3.8244973253847183
mild,4,6,1,33,33.333333333333336,0.9677541729893778,0.935361216730038,0.059004980453060574,4.040517710451239,4.392897025648447
mild,4,6,0,33,33.333333333333336,0.9309559939301972,0.9116719242902208,0.05696919069235762,3.2798372666299946,3.957200450893694
mild,4,8,1,25,25.0,0.9802731411229135,0.9505703422053232,0.049429657794676785,4.897773686128283,5.1367691728595855
mild,4,8,0,25,25.0,0.9537177541729894,0.9315589353612167,0.052651590954572725,3.7497581348801146,4.1994125602350145
mild,4,10,1,20,20.0,0.9814112291350531,0.9505703422053232,0.049429657794676785,4.965381701593857,5.194459606134886
mild,4,10,0,20,20.0,0.9442336874051593,0.9163498098859315,0.0627442667691207,3.626745822302448,4.15931413840902
mild,5,3,1,66,66.66666666666667,0.9411987860394537,0.821917808219178,0.17808219178082196,4.219558448544618,5.109786942309869
mild,5,3,0,66,66.66666666666667,0.9411987860394537,0.821917808219178,0.17808219178082196,4.219558448544618,5.109786942309869
mild,5,4,1,50,50.0,0.9411987860394537,0.8253424657534246,0.17465753424657537,4.292155173749417,5.139035749217331
mild,5,4,0,50,50.0,0.9374051593323217,0.821917808219178,0.17808219178082196,4.274251530178954,5.141272255020205
mild,5,5,1,40,40.0,0.9465098634294385,0.8458904109589042,0.15410958904109584,4.4800793172702775,5.2511282037911124
mild,5,5,0,40,40.0,0.9442336874051593,0.8424657534246576,0.15753424657534243,4.4320830677512575,5.220020981087935
mild,5,6,1,33,33.333333333333336,0.9658573596358119,0.8767123287671232,0.12328767123287676,5.031623349201792,5.580094297501946
mild,5,6,0,33,33.333333333333336,0.9503034901365706,0.8698630136986302,0.13013698630136983,4.866324297483424,5.487829147972653
mild,5,8,1,25,25.0,0.9810318664643399,0.8938356164383562,0.10616438356164382,5.617793729308445,6.0281774614551855
mild,5,8,0,25,25.0,0.9696509863429439,0.8904109589041096,0.1095890410958904,5.259248588718424,5.73583376727952
mild,5,10,1,20,20.0,0.9817905918057663,0.8938356164383562,0.10616438356164382,5.730912253414339,6.1291957035655
mild,5,10,0,20,20.0,0.9632018209408194,0.8561643835616438,0.14383561643835618,4.861279470397378,5.557734796478484
mild,6,3,1,66,66.66666666666667,0.9351289833080425,0.8644578313253012,0.12125645438898458,3.8361577563453753,4.325887088707375
mild,6,3,0,66,66.66666666666667,0.9351289833080425,0.8644578313253012,0.12125645438898458,3.8361577563453753,4.325887088707375
mild,6,4,1,50,50.0,0.936267071320182,0.8644578313253012,0.12125645438898458,3.8711034555072468,4.364140683725573
mild,6,4,0,50,50.0,0.9328528072837633,0.8644578313253012,0.12125645438898458,3.854380831962663,4.367924599635729
mild,6,5,1,40,40.0,0.9465098634294385,0.8825301204819277,0.11175559380378663,3.991913961102417,4.403527659964895
mild,6,5,0,40,40.0,0.9465098634294385,0.8825301204819277,0.11175559380378663,3.991913961102417,4.403527659964895
mild,6,6,1,33,33.333333333333336,0.9745827010622155,0.9246987951807228,0.06958691910499148,4.733649710817962,4.891478212327305
mild,6,6,0,33,33.333333333333336,0.9613050075872535,0.9126506024096386,0.08163511187607575,4.531051839003107,4.7638647176196525
mild,6,8,1,25,25.0,0.9878603945371776,0.9578313253012049,0.04216867469879515,5.332030177254971,5.3844785461214935
mild,6,8,0,25,25.0,0.9802731411229135,0.9397590361445783,0.06024096385542166,4.993985326799383,5.102768058328849
mild,6,10,1,20,20.0,0.9855842185128983,0.9548192771084337,0.04518072289156627,5.3116574948421285,5.3754337688084695
mild,6,10,0,20,20.0,0.9768588770864947,0.9397590361445783,0.05738382099827877,4.97646495740685,5.088225885183814
mild,7,3,1,66,66.66666666666667,0.887329286798179,0.8068535825545171,0.17035439465346014,3.0457390456355333,4.068583315715631
mild,7,3,0,66,66.66666666666667,0.887329286798179,0.8068535825545171,0.17035439465346014,3.0457390456355333,4.068583315715631
mild,7,4,1,50,50.0,0.8892261001517451,0.8099688473520249,0.17008813270495515,3.0453537421247474,4.052326841152344
mild,7,4,0,50,50.0,0.8880880121396054,0.8068535825545171,0.17320339750246294,3.0410582169921487,4.052186762530537
mild,7,5,1,40,40.0,0.9146433990895296,0.8525345622119815,0.14746543778801846,3.3361163307644213,4.042770547480124
mild,7,5,0,40,40.0,0.9074355083459787,0.8525345622119815,0.14746543778801846,3.263254941001652,4.039377170947085
mild,7,6,1,33,33.333333333333336,0.93247344461305,0.8722741433021807,0.12772585669781933,3.5965903140867326,4.092225987392908
mild,7,6,0,33,33.333333333333336,0.9264036418816388,0.8691588785046729,0.13084112149532712,3.5279023901657816,4.105390711453564
mild,7,8,1,25,25.0,0.9977238239757208,0.9875389408099688,0.012461059190031154,5.9695400195075425,5.972155801142231
mild,7,8,0,25,25.0,0.9522003034901366,0.9096573208722741,0.09034267912772587,4.084117037391175,4.4323329073610465
mild,7,10,1,20,20.0,0.9977238239757208,0.9875389408099688,0.012461059190031154,5.9695400195075425,5.972155801142231
mild,7,10,0,20,20.0,0.9442336874051593,0.9003115264797508,0.09968847352024923,3.994127613002497,4.376689674240005
mild,8,3,1,66,66.66666666666667,0.9059180576631259,0.8075801749271136,0.17535497865650407,3.6401160185951023,4.7116315718221315
mild,8,3,0,66,66.66666666666667,0.9059180576631259,0.8075801749271136,0.17535497865650407,3.6401160185951023,4.7116315718221315
mild,8,4,1,50,50.0,0.9055386949924128,0.8163265306122449,0.1734345615379257,3.671954812048705,4.689562582238764
mild,8,4,0,50,50.0,0.883535660091047,0.7842565597667639,0.19360321883102205,3.467130445986366,4.768567567647029
mild,8,5,1,40,40.0,0.9203338391502276,0.8425655976676385,0.1471954944825321,3.825940314044568,4.693821504133404
mild,8,5,0,40,40.0,0.8865705614567526,0.7784256559766763,0.20312415952147866,3.491646372296494,4.8059883488425434
mild,8,6,1,33,33.333333333333336,0.9313353566009105,0.8483965014577259,0.14477755997572117,3.9071868593707273,4.74467773795721
mild,8,6,0,33,33.333333333333336,0.9009863429438544,0.793002915451895,0.19592697384699798,3.6195731357484435,4.834569450183387
mild,8,8,1,25,25.0,0.9430955993930197,0.8571428571428571,0.13916710595677395,4.068754888552434,4.778990882000179
mild,8,8,0,25,25.0,0.9100910470409712,0.7988338192419825,0.1937861069572795,3.6925021116746666,4.858792749041778
mild,8,10,1,20,20.0,0.9438543247344461,0.8571428571428571,0.1394441735738664,4.091624189731245,4.799119463099691
mild,8,10,0,20,20.0,0.9161608497723824,0.7988338192419825,0.19092727290818812,3.7429587743597104,4.882557575580553
mild,9,3,1,66,66.66666666666667,0.9226100151745068,0.8650306748466258,0.11658697221219771,2.7052793534485557,3.1850914710508755
mild,9,3,0,66,66.66666666666667,0.9070561456752656,0.8343558282208589,0.14726181883796463,2.6029103597573653,3.1861634624852666
mild,9,4,1,50,50.0,0.9195751138088012,0.8496932515337423,0.13192439552508117,2.6610759562388333,3.1840666848085735
mild,9,4,0,50,50.0,0.9112291350531108,0.8312883435582822,0.1503293035005413,2.606007155188461,3.1914086953351593
mild,9,5,1,40,40.0,0.9677541729893778,0.9271844660194175,0.07281553398058249,3.2996005257711745,3.4691779863648873
mild,9,5,0,40,40.0,0.917298937784522,0.8374233128834356,0.14419433417538785,2.736134786179059,3.2659604523838075
mild,9,6,1,33,33.333333333333336,0.9681335356600911,0.9223300970873787,0.07766990291262132,3.3349921840990375,3.4938993616198584
mild,9,6,0,33,33.333333333333336,0.9423368740515933,0.8895705521472392,0.09572356549981964,2.9385566237771927,3.2751436314254336
mild,9,8,1,25,25.0,0.9908952959028832,0.9757281553398058,0.024271844660194164,4.088907420550073,4.149194852888754
mild,9,8,0,25,25.0,0.970030349013657,0.9368932038834952,0.05601459753494453,3.5892217121550893,3.7606294442205708
mild,9,10,1,20,20.0,0.9920333839150227,0.9805825242718447,0.01941747572815533,4.082978810311839,4.141225814604254
mild,9,10,0,20,20.0,0.9666160849772383,0.9368932038834952,0.05207738435179898,3.4766629299949647,3.679970820167334
mild,10,3,1,66,66.66666666666667,0.9226100151745068,0.8026315789473685,0.16786989597888524,3.29186065453946,3.83102326243751
mild,10,3,0,66,66.66666666666667,0.9226100151745068,0.8026315789473685,0.16786989597888524,3.29186065453946,3.83102326243751
mild,10,4,1,50,50.0,0.9264036418816388,0.8421052631578947,0.13320337881741395,3.534888830742701,4.043767347067899
mild,10,4,0,50,50.0,0.9188163884673748,0.8355263157894737,0.13978232618583497,3.4950872924824252,4.0737105144662245
mild,10,5,1,40,40.0,0.936267071320182,0.8782894736842105,0.103192007797271,3.9462047286386626,4.3894429596818085
mild,10,5,0,40,40.0,0.9320940819423369,0.868421052631579,0.11306042884990253,3.924006221879821,4.405285933652065
mild,10,6,1,33,33.333333333333336,0.951062215477997,0.8947368421052632,0.09600389863547754,4.2109292843900015,4.5209924397717005
mild,10,6,0,33,33.333333333333336,0.9446130500758725,0.8914473684210527,0.09620695256660161,4.176539488507785,4.5380634442857595
mild,10,8,1,25,25.0,0.9711684370257967,0.9276315789473685,0.06928200129954509,4.806471932358403,4.985608247000363
mild,10,8,0,25,25.0,0.9457511380880121,0.9,0.09074074074074068,4.56152751616428,4.936638443175127
mild,10,10,1,20,20.0,0.9673748103186647,0.9243421052631579,0.06948505523066928,4.72031924282096,4.911289098774536
mild,10,10,0,20,20.0,0.947268588770865,0.9016949152542373,0.08595940573341698,4.5549566652522895,4.888508494052379
mild,11,3,1,66,66.66666666666667,0.9119878603945372,0.7632311977715878,0.2268350273939751,3.9835411647436634,5.523354782276101
mild,11,3,0,66,66.66666666666667,0.9119878603945372,0.7632311977715878,0.2268350273939751,3.9835411647436634,5.523354782276101
mild,11,4,1,50,50.0,0.9100910470409712,0.7632311977715878,0.22021251083768378,3.904352232090019,5.488454225646745
mild,11,4,0,50,50.0,0.9100910470409712,0.7632311977715878,0.22021251083768378,3.904352232090019,5.488454225646745
mild,11,5,1,40,40.0,0.9123672230652504,0.7632311977715878,0.2235237691158295,3.87762704072642,5.466835861233576
mild,11,5,0,40,40.0,0.9123672230652504,0.7632311977715878,0.2235237691158295,3.87762704072642,5.466835861233576
mild,11,6,1,33,33.333333333333336,0.9184370257966616,0.7632311977715878,0.2268350273939751,4.057167400966292,5.537762818418017
mild,11,6,0,33,33.333333333333336,0.915402124430956,0.7632311977715878,0.2268350273939751,4.0426754162101455,5.534887377473031
mild,11,8,1,25,25.0,0.9681335356600911,0.8662952646239555,0.1289428306141398,6.022746498224317,6.529377092672818
mild,11,8,0,25,25.0,0.9381638846737481,0.7743732590529248,0.2208648361851705,4.969237632622004,6.2311057419019615
mild,11,10,1,20,20.0,0.9647192716236722,0.8635097493036211,0.13060789775520243,5.940275118471717,6.46835086246564
mild,11,10,0,20,20.0,0.9290591805766313,0.7715877437325905,0.22178973971111804,4.675353719877403,6.030346764149411
mild,12,3,1,66,66.66666666666667,0.8990895295902883,0.7993920972644377,0.15455527115661494,3.2627197598119304,4.17977215528134
mild,12,3,0,66,66.66666666666667,0.8945371775417299,0.7872340425531915,0.16671332586786114,3.1995831934538,4.193979874525341
mild,12,4,1,50,50.0,0.9032625189681336,0.8237082066869301,0.12694968804991202,3.3725140000976626,4.163498919861853
mild,12,4,0,50,50.0,0.9032625189681336,0.8237082066869301,0.12694968804991202,3.3725140000976626,4.163498919861853
mild,12,5,1,40,40.0,0.9468892261001517,0.8936170212765957,0.0900431094423585,4.179235059588489,4.491145854864088
mild,12,5,0,40,40.0,0.9415781487101669,0.8875379939209727,0.08958618908556326,4.130114644682891,4.4863468670763105
mild,12,6,1,33,33.333333333333336,0.9632018209408194,0.9088145896656535,0.0821219662255851,4.307285014318698,4.543353696941583
mild,12,6,0,33,33.333333333333336,0.9491654021244309,0.8936170212765957,0.08523494246962782,4.18599051745162,4.507066485212788
mild,12,8,1,25,25.0,0.9779969650986343,0.9300911854103343,0.06990881458966569,4.660588162090619,4.7988952938104505
mild,12,8,0,25,25.0,0.9666160849772383,0.9118541033434651,0.08210360058402744,4.422944317847315,4.645718327074121
mild,12,10,1,20,20.0,0.9783763277693475,0.9300911854103343,0.06990881458966569,4.641982423634015,4.783248932378899
mild,12,10,0,20,20.0,0.958649468892261,0.9057750759878419,0.07609803579463548,4.311890118535603,4.589947489648049
mild,13,3,1,66,66.66666666666667,0.9355083459787557,0.8422818791946308,0.14309823776443353,3.786482670448023,4.214769042882831
mild,13,3,0,66,66.66666666666667,0.9355083459787557,0.8422818791946308,0.14309823776443353,3.786482670448023,4.214769042882831
mild,13,4,1,50,50.0,0.9339908952959028,0.8422818791946308,0.14974999331532934,3.75968896517375,4.183064933729637
mild,13,4,0,50,50.0,0.9339908952959028,0.8422818791946308,0.14974999331532934,3.75968896517375,4.183064933729637
mild,13,5,1,40,40.0,0.9256449165402124,0.8288590604026845,0.15122062087221588,3.7123165170992367,4.172345586051477
mild,13,5,0,40,40.0,0.9256449165402124,0.8288590604026845,0.15122062087221588,3.7123165170992367,4.172345586051477
mild,13,6,1,33,33.333333333333336,0.9503034901365706,0.8791946308724832,0.11682130538249691,4.040209132262789,4.318372109129015
mild,13,6,0,33,33.333333333333336,0.9449924127465857,0.8557046979865772,0.13844734879704845,3.9419945351601786,4.271690397114627
mild,13,8,1,25,25.0,0.9685128983308042,0.9307692307692308,0.0692307692307692,4.4053511512273875,4.532100095327644
mild,13,8,0,25,25.0,0.9544764795144158,0.889261744966443,0.10675419128853714,4.110402742559862,4.354291280522574
mild,13,10,1,20,20.0,0.9715477996965098,0.9346153846153846,0.06538461538461537,4.442361575388407,4.560137021271616
mild,13,10,0,20,20.0,0.9366464339908953,0.8422818791946308,0.14017426115624632,3.9128870193820027,4.349040626203809
mild,14,3,1,66,66.66666666666667,0.9032625189681336,0.7671641791044777,0.22625687352710133,3.0483648184227836,4.128194207962219
mild,14,3,0,66,66.66666666666667,0.9032625189681336,0.7671641791044777,0.22625687352710133,3.0483648184227836,4.128194207962219
mild,14,4,1,50,50.0,0.8820182094081942,0.7402985074626866,0.23996465043205029,2.9027064854741966,4.129505081398914
mild,14,4,0,50,50.0,0.8820182094081942,0.7402985074626866,0.23996465043205029,2.9027064854741966,4.129505081398914
mild,14,5,1,40,40.0,0.8983308042488619,0.7582089552238805,0.23192262372348793,2.9887183499322876,4.105539026189197
mild,14,5,0,40,40.0,0.894916540212443,0.755223880597015,0.23490769835035352,2.953492797233884,4.115813597594502
mild,14,6,1,33,33.333333333333336,0.9252655538694993,0.8029850746268656,0.18385703063629222,3.3522298833688455,4.174075744403841
mild,14,6,0,33,33.333333333333336,0.8956752655538694,0.755223880597015,0.2283287509819324,3.028528550282321,4.194603985297544
mild,14,8,1,25,25.0,0.9571320182094082,0.8537313432835821,0.14626865671641787,3.9500692156391355,4.442027081869377
mild,14,8,0,25,25.0,0.9449924127465857,0.835820895522388,0.15760015710919095,3.6971337662167647,4.345021081804247
mild,14,10,1,20,20.0,0.9578907435508346,0.8567164179104477,0.14328358208955227,3.9573864257381186,4.442809337346906
mild,14,10,0,20,20.0,0.936267071320182,0.8238805970149253,0.17280814470692896,3.615648124266227,4.321546109425019
mild,15,3,1,66,66.66666666666667,0.891122913505311,0.8,0.19303135888501732,3.2346393109618914,4.414506083364399
mild,15,3,0,66,66.66666666666667,0.891122913505311,0.8,0.19303135888501732,3.2346393109618914,4.414506083364399
mild,15,4,1,50,50.0,0.9112291350531108,0.8142857142857143,0.18571428571428572,3.423675766095319,4.402246768099421
mild,15,4,0,50,50.0,0.8987101669195751,0.7857142857142857,0.21080139372822304,3.350625654903509,4.400221867832593
mild,15,5,1,40,40.0,0.9085735963581184,0.8107142857142857,0.18928571428571428,3.4338115186326967,4.390652169541717
mild,15,5,0,40,40.0,0.9017450682852808,0.8071428571428572,0.1858885017421602,3.3835799856991664,4.392023971160379
mild,15,6,1,33,33.333333333333336,0.9264036418816388,0.8714285714285714,0.12857142857142856,3.6388972087486637,4.492222500869843
mild,15,6,0,33,33.333333333333336,0.9062974203338392,0.8035714285714286,0.1964285714285714,3.4404756254272346,4.403274658871629
mild,15,8,1,25,25.0,0.9597875569044007,0.9140893470790378,0.08591065292096223,4.202406946823245,4.659539745608287
mild,15,8,0,25,25.0,0.9419575113808801,0.8769230769230769,0.12307692307692308,3.9781201706619194,4.5265983441029585
mild,15,10,1,20,20.0,0.9582701062215478,0.9140893470790378,0.08591065292096223,4.17518896915046,4.636456112161845
mild,15,10,0,20,20.0,0.9419575113808801,0.8807692307692307,0.11923076923076925,3.9463148996868656,4.498078065006983
mild,16,3,1,66,66.66666666666667,0.9317147192716236,0.8193979933110368,0.17151109759805416,4.291217813731859,5.305269039437372
mild,16,3,0,66,66.66666666666667,0.9317147192716236,0.8193979933110368,0.17151109759805416,4.291217813731859,5.305269039437372
mild,16,4,1,50,50.0,0.9275417298937785,0.802675585284281,0.19126380865511294,4.233855169853199,5.24792560809252
mild,16,4,0,50,50.0,0.9161608497723824,0.7725752508361204,0.22136414310327346,4.184195299382811,5.243782328681065
mild,16,5,1,40,40.0,0.9260242792109257,0.802675585284281,0.19126380865511294,4.19714860830061,5.222132809780953
mild,16,5,0,40,40.0,0.915402124430956,0.7792642140468228,0.21164487686226818,4.139741658002085,5.220148008206615
mild,16,6,1,33,33.333333333333336,0.9347496206373292,0.8060200668896321,0.19094963008006482,4.261688001534634,5.216605517277498
mild,16,6,0,33,33.333333333333336,0.9301972685887708,0.7926421404682275,0.20129725347116645,4.227081296438262,5.2089156183803045
mild,16,8,1,25,25.0,0.9552352048558422,0.8494983277591973,0.1505016722408027,4.662476724251222,5.424741988582192
mild,16,8,0,25,25.0,0.9484066767830045,0.8260869565217391,0.17088274044795781,4.575084619445028,5.369069754185007
mild,16,10,1,20,20.0,0.9552352048558422,0.8494983277591973,0.1505016722408027,4.671701135815444,5.43600716957154
mild,16,10,0,20,20.0,0.9389226100151745,0.8127090301003345,0.18123036383905944,4.456549071062448,5.298622030629715
mild,17,3,1,66,66.66666666666667,0.9165402124430956,0.8452722063037249,0.12298176195024335,3.300292149774717,4.234481587231973
mild,17,3,0,66,66.66666666666667,0.9138846737481032,0.8424068767908309,0.12369481812442329,3.282218189391199,4.227353690811407
mild,17,4,1,50,50.0,0.9169195751138088,0.8452722063037249,0.12298176195024335,3.315811778152045,4.237002134746964
mild,17,4,0,50,50.0,0.9108497723823976,0.8424068767908309,0.12267248828853416,3.2666975875761897,4.217156514403446
mild,17,5,1,40,40.0,0.954855842185129,0.9246861924686193,0.06047701227915525,4.0344448949160014,4.3995867060690745
mild,17,5,0,40,40.0,0.9465098634294385,0.895397489539749,0.08976571520802556,3.9658497920533864,4.3738348558556455
mild,17,6,1,33,33.333333333333336,0.9844461305007587,0.9607843137254902,0.039215686274509776,4.956296199807585,5.072915910024472
mild,17,6,0,33,33.333333333333336,0.966236722306525,0.9330543933054394,0.06101088859367043,4.700079558953758,4.90381913047659
mild,17,8,1,25,25.0,0.9939301972685888,0.9647058823529412,0.03529411764705881,5.785881534570597,5.835461395551098
mild,17,8,0,25,25.0,0.9798937784522003,0.9456066945606695,0.05439330543933052,5.445807110833687,5.560784908190061
mild,17,10,1,20,20.0,0.9939301972685888,0.9647058823529412,0.03529411764705881,5.718514516137359,5.768523484552661
mild,17,10,0,20,20.0,0.9707890743550834,0.9246861924686193,0.07531380753138073,5.285206589996608,5.4531435754429225
mild,18,3,1,66,66.66666666666667,0.9127465857359636,0.7642857142857142,0.23258928571428572,3.5081620581418713,5.263952805717525
mild,18,3,0,66,66.66666666666667,0.9127465857359636,0.7642857142857142,0.23258928571428572,3.5081620581418713,5.263952805717525
mild,18,4,1,50,50.0,0.9161608497723824,0.775,0.22187499999999993,3.534245565829455,5.276603886400168
mild,18,4,0,50,50.0,0.9150227617602428,0.775,0.22187499999999993,3.5163212778347623,5.277322745028786
mild,18,5,1,40,40.0,0.9400606980273141,0.8214285714285714,0.1785714285714286,4.026858836791075,5.329212813957119
mild,18,5,0,40,40.0,0.9366464339908953,0.8107142857142857,0.18928571428571428,4.002988686745935,5.318923871102559
mild,18,6,1,33,33.333333333333336,0.9453717754172989,0.8285714285714286,0.17142857142857137,4.1239593140345345,5.373982155043566
mild,18,6,0,33,33.333333333333336,0.9366464339908953,0.8107142857142857,0.18928571428571428,4.031837659171223,5.333508481759219
mild,18,8,1,25,25.0,0.960546282245827,0.85,0.15000000000000002,4.567700916702233,5.583248688998941
mild,18,8,0,25,25.0,0.9415781487101669,0.8214285714285714,0.17232142857142863,4.302791038471543,5.4145840628881095
mild,18,10,1,20,20.0,0.9613050075872535,0.8535714285714285,0.14642857142857146,4.571482093199665,5.586099441134489
mild,18,10,0,20,20.0,0.9495447647951442,0.8392857142857143,0.1607142857142857,4.382792016001329,5.457254878326837
mild,19,3,1,66,66.66666666666667,0.842185128983308,0.5660919540229885,0.39714334009465857,2.8895186468838907,4.905187129227304
mild,19,3,0,66,66.66666666666667,0.842185128983308,0.5660919540229885,0.39714334009465857,2.8895186468838907,4.905187129227304
mild,19,4,1,50,50.0,0.8361153262518968,0.5660919540229885,0.3861139283299526,2.8488869257640963,4.908110735697565
mild,19,4,0,50,50.0,0.8361153262518968,0.5660919540229885,0.3861139283299526,2.8488869257640963,4.908110735697565
mild,19,5,1,40,40.0,0.8395295902883156,0.5718390804597702,0.38036680189317096,2.8667118992394376,4.896392080302615
mild,19,5,0,40,40.0,0.8395295902883156,0.5718390804597702,0.38036680189317096,2.8667118992394376,4.896392080302615
mild,19,6,1,33,33.333333333333336,0.872154779969651,0.5919540229885057,0.3786342123056119,3.1352315393490815,4.63683424403499
mild,19,6,0,33,33.333333333333336,0.870257966616085,0.5890804597701149,0.3815077755240027,3.1255559630557097,4.633121135160333
mild,19,8,1,25,25.0,0.9032625189681336,0.6350574712643678,0.3575895875591616,3.5049772411947933,4.770348123986395
mild,19,8,0,25,25.0,0.8831562974203339,0.603448275862069,0.3671399594320487,3.266956421828265,4.666380073460202
mild,19,10,1,20,20.0,0.9021244309559939,0.6350574712643678,0.3575895875591616,3.471854600267974,4.750949680898855
mild,19,10,0,20,20.0,0.8770864946889226,0.5977011494252874,0.36921061528059496,3.1761348123822355,4.645871348563424
mild,20,3,1,66,66.66666666666667,0.9051593323216995,0.786144578313253,0.17859901143033674,3.0254968734393506,3.6678651533789606
mild,20,3,0,66,66.66666666666667,0.9051593323216995,0.786144578313253,0.17859901143033674,3.0254968734393506,3.6678651533789606
mild,20,4,1,50,50.0,0.891122913505311,0.7740963855421686,0.18165582684721193,2.9126624804800962,3.6452117463413454
mild,20,4,0,50,50.0,0.891122913505311,0.7740963855421686,0.18165582684721193,2.9126624804800962,3.6452117463413454
mild,20,5,1,40,40.0,0.9169195751138088,0.8072289156626506,0.17331583141906137,3.101217696843571,3.663627852956543
mild,20,5,0,40,40.0,0.9044006069802731,0.7921686746987951,0.18059397121560172,3.010597233121045,3.6485213328524058
mild,20,6,1,33,33.333333333333336,0.9370257966616085,0.8343373493975904,0.14796353555816177,3.283410631998636,3.6895519409840225
mild,20,6,0,33,33.333333333333336,0.9320940819423369,0.822289156626506,0.1584800741427247,3.2313809919982988,3.6695195462470647
mild,20,8,1,25,25.0,0.9616843702579666,0.8765060240963856,0.12028884769848625,3.6506949336132557,3.8961214196403504
mild,20,8,0,25,25.0,0.9430955993930197,0.8433734939759037,0.14701112140871175,3.428393583584202,3.7675855580392263
mild,20,10,1,20,20.0,0.9620637329286799,0.8734939759036144,0.12650602409638556,3.627911224433337,3.8737071464973196
mild,20,10,0,20,20.0,0.9476479514415781,0.8433734939759037,0.15273545544043876,3.473733727557851,3.7854501015459294
mild,21,3,1,66,66.66666666666667,0.9044006069802731,0.8354430379746836,0.1336689311372855,3.0848070387857334,3.975795460169882
mild,21,3,0,66,66.66666666666667,0.9044006069802731,0.8354430379746836,0.1336689311372855,3.0848070387857334,3.975795460169882
mild,21,4,1,50,50.0,0.8968133535660091,0.8227848101265823,0.14632715898538673,3.0208713871080017,3.9533691120884895
mild,21,4,0,50,50.0,0.8968133535660091,0.8227848101265823,0.14632715898538673,3.0208713871080017,3.9533691120884895
mild,21,5,1,40,40.0,0.9081942336874052,0.819620253164557,0.15335271980841603,3.170833592038987,3.9888350372370542
mild,21,5,0,40,40.0,0.9081942336874052,0.819620253164557,0.15335271980841603,3.1706099321022356,3.9887511647607723
mild,21,6,1,33,33.333333333333336,0.9237481031866465,0.8354430379746836,0.14139093885929332,3.3177242514227734,3.977395704362555
mild,21,6,0,33,33.333333333333336,0.9237481031866465,0.8354430379746836,0.14139093885929332,3.3175677969958635,3.9773306494290295
mild,21,8,1,25,25.0,0.9514415781487102,0.8639240506329114,0.124492937784077,3.7099528827628743,4.152819357492372
mild,21,8,0,25,25.0,0.9423368740515933,0.8575949367088608,0.12521308621377536,3.570302267000387,4.057227567964096
mild,21,10,1,20,20.0,0.9518209408194234,0.8670886075949367,0.12518938468305563,3.719029103578575,4.170089370910336
mild,21,10,0,20,20.0,0.9457511380880121,0.8639240506329114,0.124492937784077,3.6143392287315144,4.096567815527554
mild,22,3,1,66,66.66666666666667,0.9271623672230652,0.8278145695364238,0.16637147697520405,3.129399170992148,3.48140220695601
mild,22,3,0,66,66.66666666666667,0.9271623672230652,0.8278145695364238,0.16637147697520405,3.129399170992148,3.48140220695601
mild,22,4,1,50,50.0,0.9271623672230652,0.8245033112582781,0.16968273525334976,3.1264726786084847,3.475015513892545
mild,22,4,0,50,50.0,0.9271623672230652,0.8245033112582781,0.16968273525334976,3.1264726786084847,3.475015513892545
mild,22,5,1,40,40.0,0.9430955993930197,0.8642384105960265,0.13576158940397354,3.2511379103251796,3.5199652010260087
mild,22,5,0,40,40.0,0.9301972685887708,0.8509933774834437,0.14900662251655628,3.198284640838471,3.545643874430856
mild,22,6,1,33,33.333333333333336,0.9685128983308042,0.9403973509933775,0.05960264900662249,3.621582977083353,3.7545912136474797
mild,22,6,0,33,33.333333333333336,0.9563732928679818,0.9191919191919192,0.08080808080808077,3.522094056737457,3.729220685900513
mild,22,8,1,25,25.0,0.9905159332321699,0.9813084112149533,0.01869158878504673,4.162768726992239,4.19292303474047
mild,22,8,0,25,25.0,0.9476479514415781,0.804635761589404,0.19536423841059603,3.450326948884617,3.726758552459156
mild,22,10,1,20,20.0,0.9889984825493171,0.9735099337748344,0.026490066225165587,4.075745899068115,4.122073997704739
mild,22,10,0,20,20.0,0.9245068285280729,0.7582781456953642,0.23807221926813937,3.197406426369727,3.6455436568037065
mild,23,3,1,66,66.66666666666667,0.8937784522003035,0.622356495468278,0.34464020420168906,3.6747263396626635,5.272730760026338
mild,23,3,0,66,66.66666666666667,0.8930197268588771,0.622356495468278,0.34464020420168906,3.670490736529296,5.271832982173533
mild,23,4,1,50,50.0,0.8960546282245827,0.6404833836858006,0.31991265591815976,3.7248812188450096,5.232049059959479
mild,23,4,0,50,50.0,0.8941578148710166,0.6404833836858006,0.31991265591815976,3.7074780487160814,5.231185389031372
mild,23,5,1,40,40.0,0.9320940819423369,0.7552870090634441,0.23487692536278537,4.311008885178672,5.200948825940906
mild,23,5,0,40,40.0,0.9207132018209409,0.7492447129909365,0.2310831558615225,4.2243200563341645,5.176871129734628
mild,23,6,1,33,33.333333333333336,0.9525796661608498,0.8610271903323263,0.1291367440939032,4.827802071578934,5.33820504378411
mild,23,6,0,33,33.333333333333336,0.9506828528072838,0.8610271903323263,0.12585805556931307,4.8014746076042885,5.323108168758425
mild,23,8,1,25,25.0,0.9764795144157815,0.9358974358974359,0.0641025641025641,5.783507182577675,6.0327573030574895
mild,23,8,0,25,25.0,0.9669954476479514,0.9358974358974359,0.061212390692159446,5.659780079953513,5.967054512829
mild,23,10,1,20,20.0,0.973823975720789,0.9326923076923077,0.06730769230769229,5.618132398551481,5.907292154128078
mild,23,10,0,20,20.0,0.9632018209408194,0.9244712990936556,0.06897132385716409,5.486706192061968,5.827312865081568
mild,24,3,1,66,66.66666666666667,0.8823975720789075,0.8122866894197952,0.12213954008840155,2.6952194567241827,3.5126332569638743
mild,24,3,0,66,66.66666666666667,0.8823975720789075,0.8122866894197952,0.12213954008840155,2.6952194567241827,3.5126332569638743
mild,24,4,1,50,50.0,0.8846737481031867,0.8088737201365188,0.13361829264303393,2.706054138939826,3.5055284645325466
mild,24,4,0,50,50.0,0.8812594840667678,0.7918088737201365,0.15068313905941622,2.6911560143787647,3.510863098640705
mild,24,5,1,40,40.0,0.8975720789074355,0.825938566552901,0.1229432225844792,2.798807511043736,3.4942382679406476
mild,24,5,0,40,40.0,0.8880880121396054,0.8122866894197952,0.12701043518084376,2.7713364170614834,3.5056208787386987
mild,24,6,1,33,33.333333333333336,0.9358877086494689,0.9044368600682594,0.0584114371453629,3.2033263793263207,3.563637260128607
mild,24,6,0,33,33.333333333333336,0.9267830045523521,0.8907849829351536,0.07206331427846868,3.1763429968741077,3.582527767786326
mild,24,8,1,25,25.0,0.9734446130500759,0.931740614334471,0.06299622777079217,3.88496393147654,4.02122409671707
mild,24,8,0,25,25.0,0.9514415781487102,0.9146757679180887,0.05467289108574269,3.501497566950362,3.758624978289758
mild,24,10,1,20,20.0,0.9719271623672231,0.931740614334471,0.06825938566552903,3.8273136656884086,3.9679344934633423
mild,24,10,0,20,20.0,0.9393019726858877,0.89419795221843,0.07422310041314895,3.429716699193169,3.7691948030607008
mild,25,3,1,66,66.66666666666667,0.9309559939301972,0.8281786941580757,0.1568400324336846,3.1451921764577904,3.5623870588149393
mild,25,3,0,66,66.66666666666667,0.9180576631259484,0.8075601374570447,0.17371327078265564,3.055288720048786,3.561139613197247
mild,25,4,1,50,50.0,0.9400606980273141,0.8384879725085911,0.14757474526144376,3.199168145840588,3.560944848032691
mild,25,4,0,50,50.0,0.9009863429438544,0.7594501718213058,0.21433259971427476,2.942400192411844,3.5972128349758976
mild,25,5,1,40,40.0,0.951062215477997,0.8797250859106529,0.1090389590331673,3.284247834893377,3.601009947560145
mild,25,5,0,40,40.0,0.8918816388467374,0.7525773195876289,0.22120545194795171,2.9162961007583323,3.611278365092033
mild,25,6,1,33,33.333333333333336,0.9639605462822458,0.9065743944636678,0.08767847909955051,3.436950669438431,3.6648185739225916
mild,25,6,0,33,33.333333333333336,0.9540971168437026,0.8969072164948454,0.09612414239017197,3.369826469834187,3.623397958990145
mild,25,8,1,25,25.0,0.9817905918057663,0.9238754325259516,0.07325100425565756,3.801108290951812,3.9167290016526524
mild,25,8,0,25,25.0,0.9707890743550834,0.9204152249134948,0.07610045452901393,3.6864137075903636,3.8479621717398738
mild,25,10,1,20,20.0,0.9817905918057663,0.9238754325259516,0.07325100425565756,3.803262390252634,3.919303577038036
mild,25,10,0,20,20.0,0.9575113808801214,0.9100346020761245,0.08648107736638422,3.555663462752735,3.8226395178467136
mild,26,3,1,66,66.66666666666667,0.8922610015174507,0.7818696883852692,0.16528478315944628,3.1894225254026907,4.090325550657228
mild,26,3,0,66,66.66666666666667,0.8922610015174507,0.7818696883852692,0.16528478315944628,3.1894225254026907,4.090325550657228
mild,26,4,1,50,50.0,0.8861911987860395,0.7932011331444759,0.14988829774983303,3.188739781554676,4.068411011050321
mild,26,4,0,50,50.0,0.8861911987860395,0.7932011331444759,0.14988829774983303,3.188739781554676,4.068411011050321
mild,26,5,1,40,40.0,0.8793626707132018,0.7932011331444759,0.15801837905064597,3.1463836818103625,4.060413959769324
mild,26,5,0,40,40.0,0.8687405159332322,0.7903682719546742,0.1486561182892282,3.0942158009042298,4.092181654573103
mild,26,6,1,33,33.333333333333336,0.917298937784522,0.8215297450424929,0.15408001105506808,3.405077469566872,4.037868014881716
mild,26,6,0,33,33.333333333333336,0.8903641881638846,0.8101983002832861,0.1410212119118358,3.276662500058075,4.084310507230927
mild,26,8,1,25,25.0,0.9442336874051593,0.8583569405099151,0.11998240967059037,3.7506665065266094,4.175932023574385
mild,26,8,0,25,25.0,0.9131259484066768,0.8186968838526912,0.1447177502936502,3.4899001875220406,4.1553677157136875
mild,26,10,1,20,20.0,0.9381638846737481,0.8555240793201133,0.12008567677744764,3.647300899244564,4.095334864315132
mild,26,10,0,20,20.0,0.9047799696509864,0.8186968838526912,0.1447177502936502,3.384557710655738,4.109636319476507
mild,27,3,1,66,66.66666666666667,0.9021244309559939,0.7940298507462686,0.17535790435577214,3.1883551768500693,3.891446159954302
mild,27,3,0,66,66.66666666666667,0.9021244309559939,0.7940298507462686,0.17535790435577214,3.1883551768500693,3.891446159954302
mild,27,4,1,50,50.0,0.9298179059180577,0.826865671641791,0.14932480454868513,3.5135636203495095,3.9420766674844465
mild,27,4,0,50,50.0,0.9298179059180577,0.826865671641791,0.14932480454868513,3.5135636203495095,3.9420766674844465
mild,27,5,1,40,40.0,0.9298179059180577,0.835820895522388,0.1379782311151666,3.5041050572536334,3.924352981180141
mild,27,5,0,40,40.0,0.9298179059180577,0.835820895522388,0.1379782311151666,3.5041050572536334,3.924352981180141
mild,27,6,1,33,33.333333333333336,0.951062215477997,0.8656716417910447,0.1275256371205199,3.776209370369615,4.038325696516607
mild,27,6,0,33,33.333333333333336,0.9438543247344461,0.8567164179104477,0.1296781399126815,3.734981898400411,4.024952757895494
mild,27,8,1,25,25.0,0.9795144157814871,0.9253731343283582,0.07462686567164178,4.353904818794147,4.428482230907533
mild,27,8,0,25,25.0,0.9776176024279211,0.9223880597014925,0.07761194029850749,4.342115869731038,4.421627157843053
mild,27,10,1,20,20.0,0.9795144157814871,0.9194029850746268,0.08059701492537319,4.3523131190813125,4.4294962772388145
mild,27,10,0,20,20.0,0.9650986342943855,0.8925373134328358,0.1013464786160938,4.1862584782399015,4.370919333771272
mild,28,3,1,66,66.66666666666667,0.9430955993930197,0.8692579505300353,0.1307420494699647,3.711184821252897,4.013289817560988
mild,28,3,0,66,66.66666666666667,0.9430955993930197,0.8692579505300353,0.1307420494699647,3.711184821252897,4.013289817560988
mild,28,4,1,50,50.0,0.9442336874051593,0.8586572438162544,0.1413427561837456,3.730011877011749,4.021899097093644
mild,28,4,0,50,50.0,0.9442336874051593,0.8586572438162544,0.1413427561837456,3.730011877011749,4.021899097093644
mild,28,5,1,40,40.0,0.9461305007587253,0.8798586572438163,0.12014134275618371,3.771614887355694,4.045031577588814
mild,28,5,0,40,40.0,0.9438543247344461,0.872791519434629,0.12720848056537104,3.7366637964285982,4.029441106068971
mild,28,6,1,33,33.333333333333336,0.9632018209408194,0.9031007751937985,0.0968992248062015,3.984150518223896,4.169765482412717
mild,28,6,0,33,33.333333333333336,0.9632018209408194,0.9031007751937985,0.0968992248062015,3.984150518223896,4.169765482412717
mild,28,8,1,25,25.0,0.9825493171471927,0.9457364341085271,0.054263565891472854,4.36281999340102,4.445928147651203
mild,28,8,0,25,25.0,0.9723065250379362,0.9257950530035336,0.0742049469964664,4.183612720782134,4.312009358785621
mild,28,10,1,20,20.0,0.9825493171471927,0.9457364341085271,0.054263565891472854,4.353314614780606,4.436964803867053
mild,28,10,0,20,20.0,0.9639605462822458,0.9081272084805654,0.09187279151943462,4.097240713627706,4.2593624031064
mild,29,3,1,66,66.66666666666667,0.8292867981790591,0.5615141955835962,0.37927527810061434,2.8363821975756838,5.452508308374346
mild,29,3,0,66,66.66666666666667,0.8292867981790591,0.5615141955835962,0.37927527810061434,2.8363821975756838,5.452508308374346
mild,29,4,1,50,50.0,0.8285280728376327,0.5615141955835962,0.37598580441640383,2.8107985129816697,5.505222938116603
mild,29,4,0,50,50.0,0.8232169954476479,0.555205047318612,0.3724265316287565,2.783707312854924,5.527700790315766
mild,29,5,1,40,40.0,0.868361153262519,0.6656151419558359,0.2850427527810062,3.1653301513664824,5.1466800671579005
mild,29,5,0,40,40.0,0.8641881638846738,0.6561514195583596,0.2857090455579194,3.150708661424179,5.152320044018077
mild,29,6,1,33,33.333333333333336,0.8839150227617603,0.7034700315457413,0.250018340547282,3.3479573573434998,5.022421147195893
mild,29,6,0,33,33.333333333333336,0.8827769347496206,0.7003154574132492,0.25034243732359296,3.345052600105949,5.023008657050833
mild,29,8,1,25,25.0,0.9434749620637329,0.8201892744479495,0.16572621850979696,4.274493754720382,5.178108706298632
mild,29,8,0,25,25.0,0.9089529590288316,0.7318611987381703,0.23996978717732265,3.7076069904681654,5.279599977837646
mild,29,10,1,20,20.0,0.9385432473444613,0.8170347003154574,0.16535966588172568,4.174297207192064,5.094845384479672
mild,29,10,0,20,20.0,0.9070561456752656,0.7413249211356467,0.22698493801928288,3.6322050868213918,5.2099192638779295
moderate,0,3,1,66,66.66666666666667,0.8004552352048558,0.5699300699300699,0.3553035749297432,3.102405791357209,6.23754920210574
moderate,0,3,0,66,66.66666666666667,0.8004552352048558,0.5699300699300699,0.3553035749297432,3.102405791357209,6.23754920210574
moderate,0,4,1,50,50.0,0.8015933232169955,0.5769230769230769,0.3483105679367362,3.110399906320404,6.21095788713776
moderate,0,4,0,50,50.0,0.7981790591805766,0.5699300699300699,0.3459577805372198,3.0894475031273405,6.207230807528458
moderate,0,5,1,40,40.0,0.8387708649468892,0.6363636363636364,0.3169073916737468,3.367972169056724,5.935867966198697
moderate,0,5,0,40,40.0,0.8357359635811836,0.6328671328671329,0.3110581007777269,3.35255391121421,5.933492541116188
moderate,0,6,1,33,33.333333333333336,0.8349772382397572,0.6293706293706294,0.3176698690717382,3.3596046057230335,5.926258862550188
moderate,0,6,0,33,33.333333333333336,0.8304248861911988,0.6188811188811189,0.32504411476374095,3.333280918113889,5.924792172572214
moderate,0,8,1,25,25.0,0.9051593323216995,0.7377622377622378,0.2549117549117549,4.247439017905356,5.810371804343644
moderate,0,8,0,25,25.0,0.8820182094081942,0.7132867132867133,0.252445373940701,3.879130289204052,5.690775153259419
moderate,0,10,1,20,20.0,0.90402124430956,0.7342657342657343,0.2547452547452548,4.228300329291453,5.798403802898648
moderate,0,10,0,20,20.0,0.8831562974203339,0.7132867132867133,0.2537462537462537,3.8667065358643415,5.676019141179163
moderate,1,3,1,66,66.66666666666667,0.6908194233687405,0.2448377581120944,0.745546857272521,4.916941720547347,12.317832764703859
moderate,1,3,0,66,66.66666666666667,0.6908194233687405,0.2448377581120944,0.745546857272521,4.916941720547347,12.317832764703859
moderate,1,4,1,50,50.0,0.7033383915022762,0.26548672566371684,0.731308146131155,5.0815712687909365,11.94927281130808
moderate,1,4,0,50,50.0,0.7033383915022762,0.26548672566371684,0.731308146131155,5.0815712687909365,11.94927281130808
moderate,1,5,1,40,40.0,0.7116843702579666,0.28023598820059,0.7165588835942818,5.180699815897601,11.722850140842251
moderate,1,5,0,40,40.0,0.7113050075872535,0.28023598820059,0.7165588835942818,5.180580028016862,11.722861987726668
moderate,1,6,1,33,33.333333333333336,0.8053869499241275,0.45132743362831856,0.5454674381665532,6.136438331549184,10.233670137239734
moderate,1,6,0,33,33.333333333333336,0.8050075872534143,0.45132743362831856,0.5454674381665532,6.136119941341717,10.233520150366695
moderate,1,8,1,25,25.0,0.9559939301972686,0.8487394957983193,0.1512605042016807,9.380020411455972,9.960986680471935
moderate,1,8,0,25,25.0,0.9556145675265554,0.8487394957983193,0.1512605042016807,9.379378614312865,9.960960800310703
moderate,1,10,1,20,20.0,0.9559939301972686,0.8487394957983193,0.1512605042016807,9.2915372172519,9.881958625946314
moderate,1,10,0,20,20.0,0.9522003034901366,0.8487394957983193,0.1512605042016807,9.274146800185056,9.882871675392565
moderate,2,3,1,66,66.66666666666667,0.6676783004552352,0.15789473684210525,0.7386569872958257,2.785642812006977,11.34009054043468
moderate,2,3,0,66,66.66666666666667,0.6650227617602428,0.15789473684210525,0.7343466424682397,2.778183685446438,11.346251494432352
moderate,2,4,1,50,50.0,0.6722306525037937,0.15789473684210525,0.742967332123412,2.7946275121441984,11.337494368947414
moderate,2,4,0,50,50.0,0.665402124430956,0.15789473684210525,0.7343466424682397,2.782931827890996,11.349419258273196
moderate,2,5,1,40,40.0,0.7158573596358119,0.19113573407202217,0.7226573693762537,3.121020510456959,10.49021679761923
moderate,2,5,0,40,40.0,0.7113050075872535,0.19113573407202217,0.7140366797210813,3.1111005474296576,10.49548704076333
moderate,2,6,1,33,33.333333333333336,0.7647951441578149,0.22714681440443213,0.711241811187985,3.613609681484758,9.506420685872188
moderate,2,6,0,33,33.333333333333336,0.7568285280728376,0.22714681440443213,0.6866462890438438,3.5955174733879525,9.513572643400416
moderate,2,8,1,25,25.0,0.789453717754173,0.2659279778393352,0.6961573302175369,3.835948947162271,9.18997568890601
moderate,2,8,0,25,25.0,0.7792109256449166,0.2659279778393352,0.6761942086558417,3.798027603818601,9.191434204587988
moderate,2,10,1,20,20.0,0.7883156297420334,0.2659279778393352,0.6961573302175369,3.814148054274427,9.181669404390885
moderate,2,10,0,20,20.0,0.7738998482549317,0.2659279778393352,0.6601170382378352,3.768393363217265,9.181287016600361
moderate,3,3,1,66,66.66666666666667,0.8391502276176024,0.7055555555555556,0.2816239316239316,4.001254585777742,6.144771484976113
moderate,3,3,0,66,66.66666666666667,0.8391502276176024,0.7055555555555556,0.2816239316239316,4.001254585777742,6.144771484976113
moderate,3,4,1,50,50.0,0.8516691957511381,0.7138888888888889,0.2764957264957265,4.091539882651939,6.078724217671212
moderate,3,4,0,50,50.0,0.8516691957511381,0.7138888888888889,0.2764957264957265,4.091539882651939,6.078724217671212
moderate,3,5,1,40,40.0,0.8645675265553869,0.7277777777777777,0.26901709401709406,4.267120902474256,5.994431033359803
moderate,3,5,0,40,40.0,0.8558421851289834,0.7194444444444444,0.270940170940171,4.142095164104556,6.061033606179424
moderate,3,6,1,33,33.333333333333336,0.8854324734446131,0.7361111111111112,0.26388888888888884,4.544898262241662,5.935604765984689
moderate,3,6,0,33,33.333333333333336,0.8634294385432474,0.7305555555555555,0.2630341880341881,4.266377340390342,5.999001146288761
moderate,3,8,1,25,25.0,0.960546282245827,0.8494318181818182,0.15056818181818177,5.692666268214262,6.224797764914141
moderate,3,8,0,25,25.0,0.8596358118361154,0.7194444444444444,0.27414529914529917,4.276700769971249,6.16687199689689
moderate,3,10,1,20,20.0,0.9609256449165402,0.8494318181818182,0.15056818181818177,5.714098615119792,6.245589286617749
moderate,3,10,0,20,20.0,0.8566009104704098,0.7194444444444444,0.270940170940171,4.220177562973993,6.125885576853953
moderate,4,3,1,66,66.66666666666667,0.8543247344461306,0.7085889570552147,0.250355324469712,3.3088531909585037,5.128331158967097
moderate,4,3,0,66,66.66666666666667,0.8535660091047041,0.7055214723926381,0.25342280913228865,3.302626654570159,5.12832974946088
moderate,4,4,1,50,50.0,0.8528072837632777,0.7085889570552147,0.250355324469712,3.308772745928945,5.130780440289809
moderate,4,4,0,50,50.0,0.8023520485584219,0.6073619631901841,0.331054459097206,3.0452775475773093,5.359708992068518
moderate,4,5,1,40,40.0,0.8531866464339909,0.7085889570552147,0.250355324469712,3.310590512941655,5.128473507864435
moderate,4,5,0,40,40.0,0.7940060698027314,0.5920245398773006,0.34052677977079315,3.001996289961851,5.416145068381244
moderate,4,6,1,33,33.333333333333336,0.8854324734446131,0.7638036809815951,0.21010936249666579,3.560153096809146,5.024085197941195
moderate,4,6,0,33,33.333333333333336,0.8846737481031867,0.7607361963190185,0.21287084180414872,3.555621819229129,5.023610981112673
moderate,4,8,1,25,25.0,0.9465098634294385,0.8916666666666667,0.10540078201368519,4.461095275824715,5.214728815111278
moderate,4,8,0,25,25.0,0.8915022761760243,0.7791411042944786,0.20033103646798478,3.6621299359877573,5.055488630623264
moderate,4,10,1,20,20.0,0.9484066767830045,0.8916666666666667,0.10540078201368519,4.480241113921644,5.227778584073089
moderate,4,10,0,20,20.0,0.8926403641881638,0.7760736196319018,0.20491497352399168,3.6619455662969664,5.0570607617605265
moderate,5,3,1,66,66.66666666666667,0.8395295902883156,0.6,0.38809523809523816,4.906951833728304,8.165509429004095
moderate,5,3,0,66,66.66666666666667,0.8372534142640364,0.5962264150943396,0.3871989992703013,4.901015068352918,8.164166165858504
moderate,5,4,1,50,50.0,0.877845220030349,0.6377358490566037,0.3512144271864902,5.26857133329786,7.956993405816734
moderate,5,4,0,50,50.0,0.877845220030349,0.6377358490566037,0.3512144271864902,5.26857133329786,7.956993405816734
moderate,5,5,1,40,40.0,0.8987101669195751,0.6490566037735849,0.3509433962264151,5.65158051096073,7.885881924842045
moderate,5,5,0,40,40.0,0.8960546282245827,0.6452830188679245,0.3547169811320755,5.645099471698594,7.883673613548966
moderate,5,6,1,33,33.333333333333336,0.9036418816388467,0.6528301886792452,0.34716981132075475,5.664211272117499,7.876134684692103
moderate,5,6,0,33,33.333333333333336,0.9017450682852808,0.6528301886792452,0.34716981132075475,5.648521060123175,7.871054729149822
moderate,5,8,1,25,25.0,0.9389226100151745,0.6943396226415094,0.3056603773584906,6.2506865128705815,7.983103299017047
moderate,5,8,0,25,25.0,0.9351289833080425,0.690566037735849,0.309433962264151,6.227765169865816,7.972404918068137
moderate,5,10,1,20,20.0,0.9374051593323217,0.690566037735849,0.309433962264151,6.2141526389758575,7.961322407894704
moderate,5,10,0,20,20.0,0.9283004552352049,0.6792452830188679,0.3207547169811321,6.158358241552009,7.93577706326993
moderate,6,3,1,66,66.66666666666667,0.8861911987860395,0.6941580756013745,0.30584192439862545,4.9313822185407945,7.047673134700156
moderate,6,3,0,66,66.66666666666667,0.8858118361153262,0.6907216494845361,0.30927835051546393,4.9297094056675945,7.046945297965288
moderate,6,4,1,50,50.0,0.8827769347496206,0.6838487972508591,0.3161512027491409,4.917979473791183,7.043610326283792
moderate,6,4,0,50,50.0,0.8827769347496206,0.6838487972508591,0.3161512027491409,4.917979473791183,7.043610326283792
moderate,6,5,1,40,40.0,0.8975720789074355,0.7250859106529209,0.27491408934707906,5.2139113765946705,7.011686333461587
moderate,6,5,0,40,40.0,0.881638846737481,0.697594501718213,0.302405498281787,4.931737971782824,7.057759321221662
moderate,6,6,1,33,33.333333333333336,0.9176783004552352,0.7800586510263929,0.21994134897360706,5.642416805912309,7.059518393630012
moderate,6,6,0,33,33.333333333333336,0.9119878603945372,0.7663230240549829,0.23367697594501713,5.535396790641508,6.983290556675096
moderate,6,8,1,25,25.0,0.9415781487101669,0.8181818181818182,0.18181818181818177,6.2853057761653055,7.20261638496418
moderate,6,8,0,25,25.0,0.9377845220030349,0.8181818181818182,0.18181818181818177,6.189887653314413,7.123661241388777
moderate,6,10,1,20,20.0,0.9415781487101669,0.8181818181818182,0.18181818181818177,6.276105523764551,7.194620688477561
moderate,6,10,0,20,20.0,0.9305766312594841,0.8181818181818182,0.18181818181818177,6.123937786345949,7.101359632797768
moderate,7,3,1,66,66.66666666666667,0.7697268588770865,0.43373493975903615,0.5080933150886093,3.6041668682529755,8.184596665270002
moderate,7,3,0,66,66.66666666666667,0.7697268588770865,0.43373493975903615,0.5080933150886093,3.6041668682529755,8.184596665270002
moderate,7,4,1,50,50.0,0.8080424886191199,0.5030120481927711,0.4443563728598604,4.106835350826777,7.513815807102988
moderate,7,4,0,50,50.0,0.8069044006069803,0.5030120481927711,0.4443563728598604,4.103678721160432,7.514383246114107
moderate,7,5,1,40,40.0,0.8611532625189682,0.5933734939759037,0.40065635677036504,4.760329622129963,6.944560778292631
moderate,7,5,0,40,40.0,0.8603945371775418,0.5933734939759037,0.40065635677036504,4.757163925639209,6.943301275185329
moderate,7,6,1,33,33.333333333333336,0.872154779969651,0.6174698795180723,0.379545045855062,4.885357702781875,6.880549383191061
moderate,7,6,0,33,33.333333333333336,0.8630500758725341,0.6114457831325302,0.3855691422406041,4.822166547769973,6.864749828169947
moderate,7,8,1,25,25.0,0.9294385432473444,0.7439759036144579,0.25602409638554213,6.184684485515621,7.0042784282764385
moderate,7,8,0,25,25.0,0.874051593323217,0.6174698795180723,0.3825301204819277,5.072041115243072,7.046546961942915
moderate,7,10,1,20,20.0,0.9290591805766313,0.7439759036144579,0.25602409638554213,6.150737536270475,6.971264513879062
moderate,7,10,0,20,20.0,0.8668437025796661,0.6144578313253012,0.3825570940478331,4.983147111810749,7.0028635824886125
moderate,8,3,1,66,66.66666666666667,0.8186646433990895,0.5893854748603352,0.38915529767185364,3.8055390010749974,7.304898989733366
moderate,8,3,0,66,66.66666666666667,0.8129742033383915,0.5893854748603352,0.38486345217829143,3.781629670657151,7.3140163293604035
moderate,8,4,1,50,50.0,0.8201820940819423,0.5893854748603352,0.39344714316541585,3.8280725265564226,7.26952569420627
moderate,8,4,0,50,50.0,0.8122154779969651,0.5865921787709497,0.3790730572805524,3.796374851323278,7.270226741438427
moderate,8,5,1,40,40.0,0.8512898330804249,0.6312849162011173,0.35685737628900127,4.204665457681074,6.919733312563338
moderate,8,5,0,40,40.0,0.8437025796661608,0.6312849162011173,0.34104709960915947,4.180184508510614,6.918820464984629
moderate,8,6,1,33,33.333333333333336,0.8653262518968133,0.6424581005586593,0.35754189944134074,4.324086210401874,6.874232777099848
moderate,8,6,0,33,33.333333333333336,0.858877086494689,0.6424581005586593,0.3403745174670918,4.2747187762627155,6.864187084946304
moderate,8,8,1,25,25.0,0.9305766312594841,0.8296089385474861,0.17039106145251393,5.436113824041326,6.665668147591776
moderate,8,8,0,25,25.0,0.9207132018209409,0.8212290502793296,0.1629606730408285,5.353695868309192,6.639890619296802
moderate,8,10,1,20,20.0,0.9320940819423369,0.8296089385474861,0.17039106145251393,5.402783026531669,6.62186956774285
moderate,8,10,0,20,20.0,0.9267830045523521,0.8268156424581006,0.16527921920197852,5.34389249212226,6.598331118050621
moderate,9,3,1,66,66.66666666666667,0.5690440060698028,0.15363128491620112,0.746783652843135,2.5613833233977448,13.705362135750669
moderate,9,3,0,66,66.66666666666667,0.5671471927162367,0.15363128491620112,0.738484897656413,2.5545235806542403,13.710023434234294
moderate,9,4,1,50,50.0,0.5891502276176024,0.15921787709497207,0.753645193444447,2.688391059422833,13.200774964294672
moderate,9,4,0,50,50.0,0.5880121396054628,0.15921787709497207,0.749495815851086,2.681491974092901,13.204306108652595
moderate,9,5,1,40,40.0,0.6217754172989378,0.1787709497206704,0.7548390087855537,2.861642214542278,12.527919465373973
moderate,9,5,0,40,40.0,0.6168437025796661,0.1787709497206704,0.7506896311921927,2.845255246593695,12.541341900589616
moderate,9,6,1,33,33.333333333333336,0.678679817905918,0.2206703910614525,0.7170889450381326,3.2653129440112036,11.32341320446653
moderate,9,6,0,33,33.333333333333336,0.6729893778452201,0.21787709497206703,0.7115834859407961,3.2393043849172973,11.328937543951717
moderate,9,8,1,25,25.0,0.6893019726858877,0.22905027932960895,0.7336053223301421,3.340402318110175,11.258690607547404
moderate,9,8,0,25,25.0,0.6783004552352049,0.2206703910614525,0.7212383226314936,3.27441731583716,11.246267218793495
moderate,9,10,1,20,20.0,0.6919575113808801,0.22905027932960895,0.741904077516864,3.3687042766284647,11.273517115649845
moderate,9,10,0,20,20.0,0.6764036418816388,0.2206703910614525,0.7212383226314936,3.2720697663964917,11.339994385527572
moderate,10,3,1,66,66.66666666666667,0.8903641881638846,0.7074626865671642,0.2897517981125016,4.54077236123223,5.522272622805906
moderate,10,3,0,66,66.66666666666667,0.8903641881638846,0.7074626865671642,0.2897517981125016,4.54077236123223,5.522272622805906
moderate,10,4,1,50,50.0,0.8941578148710166,0.7164179104477612,0.2780110589115703,4.56869808935922,5.514493865036406
moderate,10,4,0,50,50.0,0.8922610015174507,0.7134328358208956,0.2809961335384359,4.560022600558091,5.514804677332426
moderate,10,5,1,40,40.0,0.9028831562974203,0.7194029850746269,0.28059701492537314,4.671896345826866,5.490047495798227
moderate,10,5,0,40,40.0,0.9028831562974203,0.7194029850746269,0.28059701492537314,4.671896345826866,5.490047495798227
moderate,10,6,1,33,33.333333333333336,0.9411987860394537,0.7970149253731343,0.20298507462686566,5.048512803967122,5.5925696729811785
moderate,10,6,0,33,33.333333333333336,0.936267071320182,0.7850746268656716,0.21213985781399414,4.9929986183767925,5.554222603709472
moderate,10,8,1,25,25.0,0.9867223065250379,0.9402985074626866,0.05970149253731338,6.374690355558162,6.463600844096825
moderate,10,8,0,25,25.0,0.9833080424886191,0.9373134328358209,0.06268656716417909,6.271786064481613,6.367799149095458
moderate,10,10,1,20,20.0,0.9859635811836115,0.9402985074626866,0.05970149253731338,6.339663525280137,6.432801669553986
moderate,10,10,0,20,20.0,0.9802731411229135,0.9313432835820895,0.06865671641791049,6.183258023326705,6.301350208210007
moderate,11,3,1,66,66.66666666666667,0.8493930197268589,0.5774193548387097,0.40906713164777686,4.169043972099995,7.187638048784041
moderate,11,3,0,66,66.66666666666667,0.8490136570561456,0.5774193548387097,0.40906713164777686,4.167408047505568,7.187220265478518
moderate,11,4,1,50,50.0,0.8528072837632777,0.5806451612903226,0.4125980819529206,4.213602527380566,7.167783777863603
moderate,11,4,0,50,50.0,0.8486342943854325,0.5741935483870968,0.4156713164777681,4.192691235110038,7.168478969963866
moderate,11,5,1,40,40.0,0.8657056145675266,0.6161290322580645,0.3804925893635571,4.36176358818399,7.0830075883918795
moderate,11,5,0,40,40.0,0.8645675265553869,0.6161290322580645,0.3771142109851787,4.350265095389637,7.083623835054478
moderate,11,6,1,33,33.333333333333336,0.9013657056145675,0.7161290322580646,0.28049258936355703,4.838159036724962,6.9488388379344315
moderate,11,6,0,33,33.333333333333336,0.900227617602428,0.7161290322580646,0.27373583260680034,4.819982344374339,6.944672389945931
moderate,11,8,1,25,25.0,0.915402124430956,0.7322580645161291,0.26774193548387093,5.078738346755198,6.988064776688661
moderate,11,8,0,25,25.0,0.909711684370258,0.7258064516129032,0.27081517000871835,4.993084653717719,6.959714410005465
moderate,11,10,1,20,20.0,0.915402124430956,0.7322580645161291,0.26774193548387093,5.073967352573551,6.981801022799763
moderate,11,10,0,20,20.0,0.907814871016692,0.7258064516129032,0.27081517000871835,4.950058954267414,6.935795766517971
moderate,12,3,1,66,66.66666666666667,0.8581183611532626,0.6232686980609419,0.3640194375322785,4.283099327858214,6.502421036781215
moderate,12,3,0,66,66.66666666666667,0.8581183611532626,0.6232686980609419,0.3640194375322785,4.283099327858214,6.502421036781215
moderate,12,4,1,50,50.0,0.8725341426403642,0.6481994459833795,0.33908868960984084,4.403192010549438,6.423699557616095
moderate,12,4,0,50,50.0,0.872154779969651,0.6481994459833795,0.33485140147424763,4.402169274228094,6.4234774315545415
moderate,12,5,1,40,40.0,0.8888467374810318,0.6869806094182825,0.2986927430172476,4.597922725912851,6.350877037046148
moderate,12,5,0,40,40.0,0.8869499241274659,0.6869806094182825,0.2986927430172476,4.592667642262599,6.349873818869652
moderate,12,6,1,33,33.333333333333336,0.8926403641881638,0.6869806094182825,0.30878210244612425,4.621181304596362,6.3498711888403525
moderate,12,6,0,33,33.333333333333336,0.8907435508345979,0.6869806094182825,0.30454481431053104,4.600992409816002,6.340098632020633
moderate,12,8,1,25,25.0,0.921092564491654,0.7202216066481995,0.27977839335180055,5.239037807981143,6.484938772195874
moderate,12,8,0,25,25.0,0.8968133535660091,0.6897506925207756,0.3102493074792244,4.72782150367025,6.420623384239893
moderate,12,10,1,20,20.0,0.9207132018209409,0.7202216066481995,0.27977839335180055,5.231452792456909,6.4785747756157335
moderate,12,10,0,20,20.0,0.891122913505311,0.6869806094182825,0.30155807253014155,4.679506531412564,6.424487763874605
moderate,13,3,1,66,66.66666666666667,0.8952959028831563,0.7619047619047619,0.22698412698412707,4.149459398325024,5.360240699030529
moderate,13,3,0,66,66.66666666666667,0.8952959028831563,0.7619047619047619,0.22698412698412707,4.149459398325024,5.360240699030529
moderate,13,4,1,50,50.0,0.9119878603945372,0.7916666666666666,0.1972222222222223,4.3806411189173415,5.367254435502672
moderate,13,4,0,50,50.0,0.9119878603945372,0.7916666666666666,0.1972222222222223,4.3806411189173415,5.367254435502672
moderate,13,5,1,40,40.0,0.9264036418816388,0.8184523809523809,0.17321428571428577,4.597293713159341,5.41192429216405
moderate,13,5,0,40,40.0,0.9252655538694993,0.8184523809523809,0.17321428571428577,4.588596538770352,5.405520754116732
moderate,13,6,1,33,33.333333333333336,0.9461305007587253,0.8452380952380952,0.15476190476190477,5.055884440159237,5.5741368803251925
moderate,13,6,0,33,33.333333333333336,0.9453717754172989,0.8452380952380952,0.15476190476190477,5.05035379769492,5.569348971914074
moderate,13,8,1,25,25.0,0.9707890743550834,0.8839285714285714,0.1160714285714286,5.608778859308514,5.925081342245497
moderate,13,8,0,25,25.0,0.9666160849772383,0.8839285714285714,0.1160714285714286,5.524575588661071,5.854259918364657
moderate,13,10,1,20,20.0,0.9704097116843703,0.8839285714285714,0.1160714285714286,5.608068143495877,5.924488273806826
moderate,13,10,0,20,20.0,0.9613050075872535,0.8839285714285714,0.1160714285714286,5.456271237488442,5.8142585325079965
moderate,14,3,1,66,66.66666666666667,0.8915022761760243,0.723943661971831,0.27295074796605723,4.329273957186307,5.765628187234243
moderate,14,3,0,66,66.66666666666667,0.8915022761760243,0.723943661971831,0.27295074796605723,4.329273957186307,5.765628187234243
moderate,14,4,1,50,50.0,0.8922610015174507,0.723943661971831,0.27295074796605723,4.340115928608872,5.7694440958442215
moderate,14,4,0,50,50.0,0.8884673748103187,0.723943661971831,0.26984515790394537,4.318655626534996,5.768017472954888
moderate,14,5,1,40,40.0,0.8918816388467374,0.723943661971831,0.27295074796605723,4.3370764911837885,5.7673550304368435
moderate,14,5,0,40,40.0,0.8903641881638846,0.723943661971831,0.27295074796605723,4.319912450555258,5.761856626054336
moderate,14,6,1,33,33.333333333333336,0.9051593323216995,0.7408450704225352,0.2591549295774648,4.518323871590387,5.759926271086416
moderate,14,6,0,33,33.333333333333336,0.8990895295902883,0.7352112676056338,0.2647887323943662,4.446192173565304,5.7627073588052
moderate,14,8,1,25,25.0,0.9742033383915023,0.8591549295774648,0.14084507042253525,6.192846565472299,6.603372563641727
moderate,14,8,0,25,25.0,0.9044006069802731,0.7436619718309859,0.2563380281690141,4.584061957435995,5.872908399594225
moderate,14,10,1,20,20.0,0.9742033383915023,0.8591549295774648,0.14084507042253525,6.168332916711336,6.579714135985343
moderate,14,10,0,20,20.0,0.9059180576631259,0.7436619718309859,0.2563380281690141,4.606292243691622,5.890116578470639
moderate,15,3,1,66,66.66666666666667,0.7401365705614568,0.36904761904761907,0.5934991974317817,3.5394609618081585,8.149890598248687
moderate,15,3,0,66,66.66666666666667,0.7378603945371776,0.36607142857142855,0.5927300695559123,3.5298131730614344,8.1496025888893
moderate,15,4,1,50,50.0,0.7393778452200304,0.36904761904761907,0.5897538790797218,3.534378199759864,8.148272452961619
moderate,15,4,0,50,50.0,0.7382397572078907,0.36607142857142855,0.5927300695559123,3.5271322358302672,8.145231193247017
moderate,15,5,1,40,40.0,0.7849013657056145,0.44642857142857145,0.5385901551631889,3.8663958395755933,7.699877950724876
moderate,15,5,0,40,40.0,0.7264795144157815,0.3333333333333333,0.6292134831460674,3.4285763484172707,8.435311833971433
moderate,15,6,1,33,33.333333333333336,0.7849013657056145,0.44642857142857145,0.5385901551631889,3.8711492583997913,7.704631369549074
moderate,15,6,0,33,33.333333333333336,0.7401365705614568,0.36607142857142855,0.6002207062600322,3.5582706225876457,8.16513853635504
moderate,15,8,1,25,25.0,0.9123672230652504,0.8035714285714286,0.1964285714285714,5.29401578985445,6.752167449059946
moderate,15,8,0,25,25.0,0.9028831562974203,0.8005952380952381,0.19940476190476186,5.169679795406273,6.670581728316428
moderate,15,10,1,20,20.0,0.9119878603945372,0.8035714285714286,0.1964285714285714,5.262587327062194,6.721809280588404
moderate,15,10,0,20,20.0,0.900227617602428,0.7969924812030075,0.19947394989239886,5.096401333077185,6.62886077736241
moderate,16,3,1,66,66.66666666666667,0.8103186646433991,0.6279863481228669,0.3154919127466983,4.11901848076019,8.319664700947316
moderate,16,3,0,66,66.66666666666667,0.8103186646433991,0.6279863481228669,0.3154919127466983,4.11901848076019,8.319664700947316
moderate,16,4,1,50,50.0,0.8194233687405159,0.6279863481228669,0.3285353910075679,4.165764270801473,8.26695939187348
moderate,16,4,0,50,50.0,0.8194233687405159,0.6279863481228669,0.3285353910075679,4.165764270801473,8.26695939187348
moderate,16,5,1,40,40.0,0.8607738998482549,0.6689419795221843,0.3016462557719334,4.629255608101277,7.881540730909843
moderate,16,5,0,40,40.0,0.8584977238239757,0.6689419795221843,0.3016462557719334,4.623197818425002,7.880882194833723
moderate,16,6,1,33,33.333333333333336,0.8789833080424886,0.6860068259385665,0.30222846817908056,4.9705169965788745,7.7189542196932095
moderate,16,6,0,33,33.333333333333336,0.8748103186646434,0.6860068259385665,0.30222846817908056,4.96041995323431,7.716050297731962
moderate,16,8,1,25,25.0,0.9298179059180577,0.7918088737201365,0.20230877333868702,6.252740015436398,7.598546804898022
moderate,16,8,0,25,25.0,0.9271623672230652,0.78839590443686,0.20572174262196352,6.237162884302799,7.589471436851026
moderate,16,10,1,20,20.0,0.9260242792109257,0.7918088737201365,0.1993675968680988,6.159168445443803,7.522798360729433
moderate,16,10,0,20,20.0,0.9214719271623673,0.7849829351535836,0.2061935354346517,6.134576390541065,7.5134465104425265
moderate,17,3,1,66,66.66666666666667,0.8622913505311077,0.4952076677316294,0.48706183581446993,4.380350378984039,6.736992446285372
moderate,17,3,0,66,66.66666666666667,0.8622913505311077,0.4952076677316294,0.48706183581446993,4.379761860752131,6.736840946542503
moderate,17,4,1,50,50.0,0.8584977238239757,0.49201277955271566,0.48671062470260346,4.367880070423292,6.734475400768895
moderate,17,4,0,50,50.0,0.8569802731411229,0.49201277955271566,0.48671062470260346,4.358586351163006,6.734937882861867
moderate,17,5,1,40,40.0,0.8789833080424886,0.5271565495207667,0.4586590533161127,4.571584500001649,6.666300660847171
moderate,17,5,0,40,40.0,0.8653262518968133,0.5079872204472844,0.4707361838080347,4.504213095679295,6.669122536295817
moderate,17,6,1,33,33.333333333333336,0.8960546282245827,0.5591054313099042,0.4338023701085355,4.831680873879294,6.587935870957068
moderate,17,6,0,33,33.333333333333336,0.8918816388467374,0.5559105431309904,0.4369972582874493,4.806441170730327,6.581070843953408
moderate,17,8,1,25,25.0,0.9404400606980273,0.6932907348242812,0.30316316588493875,5.906204454698308,6.678278531111496
moderate,17,8,0,25,25.0,0.9317147192716236,0.6869009584664537,0.3024607436612059,5.855194968798364,6.671764641132979
moderate,17,10,1,20,20.0,0.9389226100151745,0.6837060702875399,0.31274783042168,5.874658265184622,6.662682423492344
moderate,17,10,0,20,20.0,0.9264036418816388,0.6677316293929713,0.32163007273468835,5.786429692490735,6.643518865686723
moderate,18,3,1,66,66.66666666666667,0.9317147192716236,0.8442028985507246,0.14681506552113166,4.547233501866512,5.797372564920353
moderate,18,3,0,66,66.66666666666667,0.9317147192716236,0.8442028985507246,0.14681506552113166,4.547233501866512,5.797372564920353
moderate,18,4,1,50,50.0,0.9495447647951442,0.8659420289855072,0.1340579710144928,4.843353239191083,5.926989475347857
moderate,18,4,0,50,50.0,0.9298179059180577,0.8405797101449275,0.15343226590297665,4.565601432851473,5.816462770724116
moderate,18,5,1,40,40.0,0.9495447647951442,0.8659420289855072,0.1340579710144928,4.833091956954484,5.919017924773061
moderate,18,5,0,40,40.0,0.9404400606980273,0.855072463768116,0.14492753623188404,4.692487133493764,5.85488536828209
moderate,18,6,1,33,33.333333333333336,0.9643399089529591,0.8876811594202898,0.1123188405797102,5.216922855247146,6.163086615303178
moderate,18,6,0,33,33.333333333333336,0.9400606980273141,0.8442028985507246,0.1557971014492754,4.737327037994445,5.894860170931943
moderate,18,8,1,25,25.0,0.973823975720789,0.9021739130434783,0.09782608695652173,5.851022487097533,6.60091660924474
moderate,18,8,0,25,25.0,0.9453717754172989,0.8586956521739131,0.14130434782608692,4.811548824742086,5.950850130216543
moderate,18,10,1,20,20.0,0.9730652503793626,0.8985507246376812,0.10144927536231885,5.849028568261261,6.602358127966645
moderate,18,10,0,20,20.0,0.9446130500758725,0.8514492753623188,0.14566888025727764,4.801870649251735,5.950001434259572
moderate,19,3,1,66,66.66666666666667,0.6676783004552352,0.3961218836565097,0.577092402057776,3.234342518679982,10.598292707182912
moderate,19,3,0,66,66.66666666666667,0.6676783004552352,0.3961218836565097,0.577092402057776,3.234342518679982,10.598292707182912
moderate,19,4,1,50,50.0,0.6703338391502276,0.3988919667590028,0.5698580332409973,3.2555777993595245,10.525739958953123
moderate,19,4,0,50,50.0,0.6703338391502276,0.3988919667590028,0.5698580332409973,3.2555588127048223,10.525740698692918
moderate,19,5,1,40,40.0,0.6976479514415781,0.4155124653739612,0.5621661060546101,3.435740449085103,10.067984476884416
moderate,19,5,0,40,40.0,0.6976479514415781,0.4155124653739612,0.5621661060546101,3.434660899377421,10.067704593626866
moderate,19,6,1,33,33.333333333333336,0.7097875569044007,0.4155124653739612,0.5710946774831818,3.5778365111484813,9.803192452842227
moderate,19,6,0,33,33.333333333333336,0.7097875569044007,0.4155124653739612,0.5710946774831818,3.572139061051254,9.798394056704756
moderate,19,8,1,25,25.0,0.821320182094082,0.47645429362880887,0.5146171349426197,4.5545571384855865,8.053988541319757
moderate,19,8,0,25,25.0,0.8209408194233687,0.47645429362880887,0.5146171349426197,4.548082685041111,8.048510374663483
moderate,19,10,1,20,20.0,0.8198027314112292,0.47645429362880887,0.5146171349426197,4.504236787576205,8.026605463710682
moderate,19,10,0,20,20.0,0.8194233687405159,0.47645429362880887,0.5134446962701811,4.497196743282424,8.021075205987197
moderate,20,3,1,66,66.66666666666667,0.7784522003034902,0.4808259587020649,0.5051389535786368,4.1190626029306765,8.158635295586661
moderate,20,3,0,66,66.66666666666667,0.7712443095599393,0.4778761061946903,0.5045800341561868,4.042026883749935,8.260631468226473
moderate,20,4,1,50,50.0,0.7879362670713201,0.49262536873156343,0.49684831547896285,4.163715780473776,8.102725134427146
moderate,20,4,0,50,50.0,0.7864188163884673,0.49262536873156343,0.49684831547896285,4.159450061815286,8.104803415833151
moderate,20,5,1,40,40.0,0.7886949924127465,0.49262536873156343,0.49684831547896285,4.188570215692289,8.070950419679917
moderate,20,5,0,40,40.0,0.7871775417298937,0.49262536873156343,0.49684831547896285,4.183293363722157,8.071701588614394
moderate,20,6,1,33,33.333333333333336,0.8577389984825493,0.5929203539823009,0.4070796460176991,5.027256696756382,7.362849486084482
moderate,20,6,0,33,33.333333333333336,0.8531866464339909,0.5899705014749262,0.41002949852507375,4.996873246790487,7.370158506683272
moderate,20,8,1,25,25.0,0.8903641881638846,0.6342182890855457,0.3657817109144543,5.552163748959778,7.206672262457241
moderate,20,8,0,25,25.0,0.8896054628224582,0.6342182890855457,0.3657817109144543,5.54673135419196,7.208465923537041
moderate,20,10,1,20,20.0,0.8892261001517451,0.6342182890855457,0.3657817109144543,5.534670930524524,7.191081205534215
moderate,20,10,0,20,20.0,0.8842943854324734,0.6342182890855457,0.3657817109144543,5.490292958687581,7.188867690233894
moderate,21,3,1,66,66.66666666666667,0.8194233687405159,0.6319018404907976,0.31433471864898743,2.987132802035477,5.066664370960521
moderate,21,3,0,66,66.66666666666667,0.8194233687405159,0.6319018404907976,0.31433471864898743,2.987132802035477,5.066664370960521
moderate,21,4,1,50,50.0,0.8182852807283764,0.6319018404907976,0.3107504892583064,2.978017738515608,5.068567048525267
moderate,21,4,0,50,50.0,0.8171471927162367,0.6319018404907976,0.3035820304769443,2.968215425147065,5.069373073125969
moderate,21,5,1,40,40.0,0.8418057663125948,0.6533742331288344,0.2860197062651051,3.1456242745031013,4.913090745339231
moderate,21,5,0,40,40.0,0.8380121396054628,0.6533742331288344,0.28298940323480204,3.1166110050135605,4.9099441472902985
moderate,21,6,1,33,33.333333333333336,0.8437025796661608,0.6533742331288344,0.29286232601095064,3.160633725292262,4.909505822249718
moderate,21,6,0,33,33.333333333333336,0.840288315629742,0.6533742331288344,0.2892780966202696,3.1355136562774746,4.907829189228025
moderate,21,8,1,25,25.0,0.8987101669195751,0.7208588957055214,0.27555687490379754,3.748776987797682,4.75624965527565
moderate,21,8,0,25,25.0,0.8952959028831563,0.7208588957055214,0.2612199573410736,3.6860346008071705,4.707959120454432
moderate,21,10,1,20,20.0,0.8983308042488619,0.7208588957055214,0.27555687490379754,3.7455831035201514,4.755230434189824
moderate,21,10,0,20,20.0,0.8907435508345979,0.7177914110429447,0.2535347538316072,3.636623132884647,4.674784619643287
moderate,22,3,1,66,66.66666666666667,0.6722306525037937,0.34935897435897434,0.5858262108262109,3.0310734489071813,8.218601684015113
moderate,22,3,0,66,66.66666666666667,0.6608497723823976,0.3301282051282051,0.60505698005698,2.964721863171677,8.390199091621692
moderate,22,4,1,50,50.0,0.6676783004552352,0.34935897435897434,0.5673076923076923,3.0126150420949287,8.262845591175076
moderate,22,4,0,50,50.0,0.6574355083459787,0.3301282051282051,0.5680199430199431,2.955905671126181,8.355722633273647
moderate,22,5,1,40,40.0,0.6908194233687405,0.3717948717948718,0.5819088319088319,3.1766450734093583,7.8837535417494005
moderate,22,5,0,40,40.0,0.6718512898330804,0.34935897435897434,0.5765669515669516,3.0482395251527636,8.131685323075818
moderate,22,6,1,33,33.333333333333336,0.6934749620637329,0.3717948717948718,0.6004273504273504,3.181863055371932,7.885571072248674
moderate,22,6,0,33,33.333333333333336,0.6843702579666161,0.36538461538461536,0.5698005698005699,3.1058829198959943,7.993413178979653
moderate,22,8,1,25,25.0,0.8486342943854325,0.5608974358974359,0.4298433048433048,4.439779469269631,6.276424996033121
moderate,22,8,0,25,25.0,0.7355842185128983,0.41025641025641024,0.5156695156695157,3.485936808413056,7.294616994345225
moderate,22,10,1,20,20.0,0.8471168437025797,0.5608974358974359,0.4298433048433048,4.430464350163259,6.270908632187727
moderate,22,10,0,20,20.0,0.7340667678300455,0.41025641025641024,0.5341880341880342,3.460084013488979,7.280527267514484
moderate,23,3,1,66,66.66666666666667,0.8425644916540213,0.5846153846153846,0.4001561889886762,4.691326144935082,8.145476031721211
moderate,23,3,0,66,66.66666666666667,0.8425644916540213,0.5846153846153846,0.4001561889886762,4.691326144935082,8.145476031721211
moderate,23,4,1,50,50.0,0.849772382397572,0.6215384615384615,0.34800468566966036,4.842820444603291,8.048373244864623
moderate,23,4,0,50,50.0,0.849772382397572,0.6215384615384615,0.34800468566966036,4.842820444603291,8.048373244864623
moderate,23,5,1,40,40.0,0.8539453717754173,0.6307692307692307,0.3489262007028505,4.866708058559449,8.00801159507853
moderate,23,5,0,40,40.0,0.8535660091047041,0.6307692307692307,0.3489262007028505,4.8625216181330675,8.012178111722449
moderate,23,6,1,33,33.333333333333336,0.8638088012139605,0.6369230769230769,0.35292463881296365,4.935880608466118,7.911091701342119
moderate,23,6,0,33,33.333333333333336,0.8615326251896813,0.6369230769230769,0.35292463881296365,4.932984902635004,7.911253334510092
moderate,23,8,1,25,25.0,0.9814112291350531,0.916923076923077,0.08307692307692305,9.254462196520791,9.432905631254775
moderate,23,8,0,25,25.0,0.9753414264036419,0.9076923076923077,0.09230769230769231,9.219879833215387,9.421230496433049
moderate,23,10,1,20,20.0,0.9791350531107739,0.9138461538461539,0.08615384615384614,9.081904483544323,9.285998998190399
moderate,23,10,0,20,20.0,0.966236722306525,0.8984615384615384,0.10153846153846158,9.018018310307633,9.269421163026454
moderate,24,3,1,66,66.66666666666667,0.8232169954476479,0.6201298701298701,0.3551023280125448,3.523280729946362,5.436962089537254
moderate,24,3,0,66,66.66666666666667,0.8232169954476479,0.6201298701298701,0.3551023280125448,3.523280729946362,5.436962089537254
moderate,24,4,1,50,50.0,0.838391502276176,0.6558441558441559,0.32867596799485344,3.6772842232872205,5.302137922848717
moderate,24,4,0,50,50.0,0.8380121396054628,0.6558441558441559,0.32867596799485344,3.67333274843659,5.302262228066857
moderate,24,5,1,40,40.0,0.8539453717754173,0.685064935064935,0.2963592135418761,3.7921894296720122,5.229540354389733
moderate,24,5,0,40,40.0,0.8535660091047041,0.685064935064935,0.2963592135418761,3.790224300107141,5.229193539176195
moderate,24,6,1,33,33.333333333333336,0.8827769347496206,0.711038961038961,0.2734811628000483,4.040851784109753,5.138994593961503
moderate,24,6,0,33,33.333333333333336,0.8812594840667678,0.7077922077922078,0.2767279160468016,4.026752970533731,5.13901298912241
moderate,24,8,1,25,25.0,0.93247344461305,0.8202898550724638,0.17971014492753623,4.664791394600583,5.2012984494728185
moderate,24,8,0,25,25.0,0.8869499241274659,0.7077922077922078,0.2829198665111978,4.0972325198817545,5.164478932205355
moderate,24,10,1,20,20.0,0.9320940819423369,0.8202898550724638,0.17971014492753623,4.667286644778015,5.203807782132387
moderate,24,10,0,20,20.0,0.883535660091047,0.7012987012987013,0.2863173977725061,4.063394935302821,5.161140507596034
moderate,25,3,1,66,66.66666666666667,0.8732928679817906,0.7092198581560284,0.27649442755825737,4.022783728644517,5.374232675072064
moderate,25,3,0,66,66.66666666666667,0.8732928679817906,0.7092198581560284,0.27649442755825737,4.022783728644517,5.374232675072064
moderate,25,4,1,50,50.0,0.887329286798179,0.7553191489361702,0.2332522796352583,4.175987517539018,5.323457269978959
moderate,25,4,0,50,50.0,0.8782245827010622,0.7446808510638298,0.241033434650456,4.135269193992413,5.333441098657852
moderate,25,5,1,40,40.0,0.8858118361153262,0.752851711026616,0.23571971754481258,4.1672324226222806,5.3207349272978135
moderate,25,5,0,40,40.0,0.8839150227617603,0.752851711026616,0.2328625746876698,4.155959811331847,5.3213780645787025
moderate,25,6,1,33,33.333333333333336,0.9252655538694993,0.8174904942965779,0.1767952199891364,4.581601830963945,5.3609565929840235
moderate,25,6,0,33,33.333333333333336,0.8915022761760243,0.7553191489361702,0.2332522796352583,4.232330150397142,5.362371045130642
moderate,25,8,1,25,25.0,0.9427162367223065,0.8555133079847909,0.14127125793160789,4.814590412525503,5.4348566136437855
moderate,25,8,0,25,25.0,0.9081942336874052,0.779467680608365,0.21196089082020642,4.459775087705697,5.36112979310907
moderate,25,10,1,20,20.0,0.9419575113808801,0.8555133079847909,0.14127125793160789,4.816448845222922,5.437281452180949
moderate,25,10,0,20,20.0,0.9062974203338392,0.779467680608365,0.21196089082020642,4.469991226348287,5.380566745680916
moderate,26,3,1,66,66.66666666666667,0.7367223065250379,0.4431137724550898,0.5356096318002292,3.17950609184132,7.530114928192513
moderate,26,3,0,66,66.66666666666667,0.7367223065250379,0.4431137724550898,0.5356096318002292,3.17950609184132,7.530114928192513
moderate,26,4,1,50,50.0,0.7405159332321699,0.44610778443113774,0.5326156198241814,3.2127934371137985,7.520777022319092
moderate,26,4,0,50,50.0,0.738619119878604,0.44610778443113774,0.5326156198241814,3.195522184464499,7.521692931933397
moderate,26,5,1,40,40.0,0.7405159332321699,0.4491017964071856,0.5243024589119634,3.2153287785262887,7.522107511147124
moderate,26,5,0,40,40.0,0.7405159332321699,0.4491017964071856,0.5243024589119634,3.2153287785262887,7.522107511147124
moderate,26,6,1,33,33.333333333333336,0.753793626707132,0.45808383233532934,0.5206395719199898,3.3095494739895637,7.437168854159143
moderate,26,6,0,33,33.333333333333336,0.7488619119878603,0.45209580838323354,0.5266275958720856,3.2757106350289256,7.431694257185495
moderate,26,8,1,25,25.0,0.9848254931714719,0.9626556016597511,0.03734439834024894,6.605459074699206,6.676764737865395
moderate,26,8,0,25,25.0,0.9821699544764795,0.950207468879668,0.049792531120331995,6.572828532609928,6.652315310105213
moderate,26,10,1,20,20.0,0.9840667678300455,0.9585062240663901,0.03831917275900676,6.5721299194116405,6.647744950030041
moderate,26,10,0,20,20.0,0.9791350531107739,0.9377593360995851,0.05589145755120861,6.520891962604059,6.614751452847298
moderate,27,3,1,66,66.66666666666667,0.8425644916540213,0.5138888888888888,0.4831170991350633,4.15725538289982,7.322732569255885
moderate,27,3,0,66,66.66666666666667,0.8425644916540213,0.5138888888888888,0.4831170991350633,4.15725538289982,7.322732569255885
moderate,27,4,1,50,50.0,0.8528072837632777,0.5222222222222223,0.4747837658017299,4.279519767626447,7.244456500715823
moderate,27,4,0,50,50.0,0.8528072837632777,0.5222222222222223,0.4747837658017299,4.279519767626447,7.244456500715823
moderate,27,5,1,40,40.0,0.8687405159332322,0.5444444444444444,0.4555555555555556,4.459665426216313,7.165269167041573
moderate,27,5,0,40,40.0,0.8679817905918058,0.5444444444444444,0.4555555555555556,4.457438654261801,7.164459487570678
moderate,27,6,1,33,33.333333333333336,0.8729135053110774,0.55,0.44999999999999996,4.498146428604653,7.157925923900877
moderate,27,6,0,33,33.333333333333336,0.870257966616085,0.5472222222222223,0.4527777777777777,4.481227129334984,7.151052465730604
moderate,27,8,1,25,25.0,0.8998482549317147,0.5916666666666667,0.4083333333333333,5.0027220671347665,7.084749466378855
moderate,27,8,0,25,25.0,0.8956752655538694,0.5888888888888889,0.4111111111111111,4.961144603585165,7.054000837504742
moderate,27,10,1,20,20.0,0.8998482549317147,0.5888888888888889,0.4111111111111111,4.997249306240758,7.083689142966551
moderate,27,10,0,20,20.0,0.8945371775417299,0.5861111111111111,0.41388888888888886,4.944857427546107,7.0479785420170895
moderate,28,3,1,66,66.66666666666667,0.874051593323217,0.7581699346405228,0.23624347318070615,3.50122914586384,5.022106365663664
moderate,28,3,0,66,66.66666666666667,0.8729135053110774,0.7581699346405228,0.23624347318070615,3.494312292234388,5.0201812604249305
moderate,28,4,1,50,50.0,0.8577389984825493,0.738562091503268,0.255851316317961,3.4126019664108824,5.069148107667976
moderate,28,4,0,50,50.0,0.8577389984825493,0.738562091503268,0.255851316317961,3.4126019664108824,5.069148107667976
moderate,28,5,1,40,40.0,0.872154779969651,0.7516339869281046,0.24557271698250993,3.5459760925426416,4.994259487820865
moderate,28,5,0,40,40.0,0.8679817905918058,0.7516339869281046,0.24557271698250993,3.52630340439239,4.98942537659654
moderate,28,6,1,33,33.333333333333336,0.9150227617602428,0.8006535947712419,0.19934640522875813,3.8960664067783846,4.936588784775127
moderate,28,6,0,33,33.333333333333336,0.9127465857359636,0.8006535947712419,0.19934640522875813,3.8801713447694777,4.931252075756735
moderate,28,8,1,25,25.0,0.9692716236722306,0.8856209150326797,0.1143790849673203,4.931358561234932,5.4271924997846765
moderate,28,8,0,25,25.0,0.9518209408194234,0.869281045751634,0.130718954248366,4.607133893598085,5.21729102267545
moderate,28,10,1,20,20.0,0.9666160849772383,0.8856209150326797,0.1143790849673203,4.865164829350052,5.36912111385078
moderate,28,10,0,20,20.0,0.951062215477997,0.8725490196078431,0.12745098039215685,4.564086748560036,5.176789572247986
moderate,29,3,1,66,66.66666666666667,0.81752655538695,0.4447592067988669,0.5363013992617391,4.279511812398129,8.610249145014182
moderate,29,3,0,66,66.66666666666667,0.81752655538695,0.4447592067988669,0.5363013992617391,4.279511812398129,8.610249145014182
moderate,29,4,1,50,50.0,0.8198027314112292,0.45325779036827196,0.5246183158264183,4.309920116685253,8.535284411934372
moderate,29,4,0,50,50.0,0.8179059180576631,0.45325779036827196,0.5202270581165765,4.297247451241632,8.535326689755538
moderate,29,5,1,40,40.0,0.8239757207890743,0.45609065155807366,0.5249699545025324,4.305521466544751,8.465872944057784
moderate,29,5,0,40,40.0,0.8194233687405159,0.45325779036827196,0.5240149369044553,4.283401936944009,8.460775880734623
moderate,29,6,1,33,33.333333333333336,0.8349772382397572,0.48158640226628896,0.4994742037943171,4.533082991158769,8.244515924424748
moderate,29,6,0,33,33.333333333333336,0.8304248861911988,0.47592067988668557,0.5013520473860418,4.48643822119023,8.237915237886233
moderate,29,8,1,25,25.0,0.8581183611532626,0.509915014164306,0.49008498583569404,4.8766036216287825,8.119416940468094
moderate,29,8,0,25,25.0,0.8520485584218513,0.509915014164306,0.47894292455435694,4.777247747382686,8.043694202756555
moderate,29,10,1,20,20.0,0.8566009104704098,0.509915014164306,0.4856602070746321,4.846957937139726,8.0974523641066
moderate,29,10,0,20,20.0,0.8471168437025797,0.5070821529745042,0.4817757857441587,4.6797034877412464,7.973825687650212
severe,0,3,1,66,66.66666666666667,0.8266312594840668,0.40344827586206894,0.596551724137931,4.513527755890809,7.404904647851316
severe,0,3,0,66,66.66666666666667,0.8266312594840668,0.40344827586206894,0.596551724137931,4.513527755890809,7.404904647851316
severe,0,4,1,50,50.0,0.8239757207890743,0.39655172413793105,0.603448275862069,4.506243198817014,7.407392662173535
severe,0,4,0,50,50.0,0.8239757207890743,0.39655172413793105,0.603448275862069,4.506243198817014,7.407392662173535
severe,0,5,1,40,40.0,0.8808801213960546,0.5137931034482759,0.4862068965517241,5.076366114471684,7.133453955259992
severe,0,5,0,40,40.0,0.877845220030349,0.506896551724138,0.49310344827586206,5.065447235970798,7.135841236582425
severe,0,6,1,33,33.333333333333336,0.8820182094081942,0.5172413793103449,0.48275862068965514,5.107389476212778,7.126270547545723
severe,0,6,0,33,33.333333333333336,0.8808801213960546,0.5172413793103449,0.48275862068965514,5.099044449632128,7.12599753692639
severe,0,8,1,25,25.0,0.8998482549317147,0.5586206896551724,0.4413793103448276,5.39526311755184,7.116136111043156
severe,0,8,0,25,25.0,0.8952959028831563,0.5482758620689655,0.4517241379310345,5.339821984758169,7.095459942293546
severe,0,10,1,20,20.0,0.8998482549317147,0.5586206896551724,0.4413793103448276,5.3934882729637375,7.114361266455055
severe,0,10,0,20,20.0,0.8820182094081942,0.5172413793103449,0.48275862068965514,5.128548358428425,7.147713935430517
severe,1,3,1,66,66.66666666666667,0.4647192716236722,0.0,0.98,4.176010530549317,23.6535097464383
severe,1,3,0,66,66.66666666666667,0.4647192716236722,0.0,0.98,4.176010530549317,23.6535097464383
severe,1,4,1,50,50.0,0.4647192716236722,0.0,0.98,4.174267137673393,23.65167148131926
severe,1,4,0,50,50.0,0.4647192716236722,0.0,0.98,4.174086880411467,23.651586096300452
severe,1,5,1,40,40.0,0.47496206373292865,0.0,1.0,4.263774478599166,23.256224988379973
severe,1,5,0,40,40.0,0.47458270106221545,0.0,1.0,4.261930853514387,23.256527952335105
severe,1,6,1,33,33.333333333333336,0.5292109256449166,0.0,1.0,4.808029788680719,21.03836251450052
severe,1,6,0,33,33.333333333333336,0.5284522003034902,0.0,1.0,4.806481833155205,21.038158002992564
severe,1,8,1,25,25.0,0.582701062215478,0.005847953216374269,0.9941520467836258,5.334549759957299,19.213461942107916
severe,1,8,0,25,25.0,0.5811836115326252,0.005847953216374269,0.9891520467836257,5.321560386991422,19.203577980866243
severe,1,10,1,20,20.0,0.582701062215478,0.005847953216374269,0.9941520467836258,5.327040177636762,19.20595235978738
severe,1,10,0,20,20.0,0.5815629742033384,0.005847953216374269,0.9941520467836258,5.314888514039527,19.1963926673835
severe,2,3,1,66,66.66666666666667,0.5895295902883156,0.2548476454293629,0.6836138930321756,2.7022350734536107,13.261424068254309
severe,2,3,0,66,66.66666666666667,0.5861153262518968,0.2548476454293629,0.6733574827757653,2.6899387706518834,13.26656886280665
severe,2,4,1,50,50.0,0.6066009104704098,0.26869806094182824,0.6748916826479153,2.8643988616544918,12.714096146295935
severe,2,4,0,50,50.0,0.6054628224582701,0.26869806094182824,0.6748916826479153,2.862129816607639,12.71395672861828
severe,2,5,1,40,40.0,0.6236722306525038,0.28254847645429365,0.6815540876482704,2.967732624845825,12.37823247057417
severe,2,5,0,40,40.0,0.6213960546282246,0.28254847645429365,0.6815540876482704,2.9536485810814663,12.377864781418575
severe,2,6,1,33,33.333333333333336,0.6839908952959028,0.37119113573407203,0.6185524540095177,3.4986223080417007,10.819522519071185
severe,2,6,0,33,33.333333333333336,0.6801972685887708,0.37119113573407203,0.6185524540095177,3.4759348858737797,10.82004019963727
severe,2,8,1,25,25.0,0.6965098634294385,0.3961218836565097,0.5987499112152852,3.616705645113229,10.545997542158355
severe,2,8,0,25,25.0,0.6927162367223065,0.3961218836565097,0.5936217060870801,3.5817091704955737,10.541568646465375
severe,2,10,1,20,20.0,0.6965098634294385,0.3961218836565097,0.5987499112152852,3.615713910459156,10.545005807504284
severe,2,10,0,20,20.0,0.6919575113808801,0.3961218836565097,0.5987499112152852,3.5773122894961573,10.540848333803297
severe,3,3,1,66,66.66666666666667,0.6350531107738998,0.29017857142857145,0.6095079489476041,3.15181074955782,9.565473752943886
severe,3,3,0,66,66.66666666666667,0.6350531107738998,0.29017857142857145,0.6095079489476041,3.15181074955782,9.565473752943886
severe,3,4,1,50,50.0,0.6415022761760243,0.3125,0.5903213166144201,3.178747473380312,9.485327785607444
severe,3,4,0,50,50.0,0.6392261001517451,0.3125,0.5903213166144201,3.175730121830417,9.487443594788473
severe,3,5,1,40,40.0,0.6509863429438544,0.33035714285714285,0.5818685624720108,3.244711652712908,9.319225834047993
severe,3,5,0,40,40.0,0.6149468892261002,0.2544642857142857,0.6201438647559337,3.0279544479922,9.94278572288043
severe,3,6,1,33,33.333333333333336,0.6756449165402124,0.375,0.5623040752351097,3.4105154878262676,8.918985359726124
severe,3,6,0,33,33.333333333333336,0.6369499241274659,0.29464285714285715,0.6081784594715629,3.160315305635879,9.565225675183799
severe,3,8,1,25,25.0,0.8615326251896813,0.7782608695652173,0.22173913043478266,5.118513193157087,6.700795102679627
severe,3,8,0,25,25.0,0.7401365705614568,0.53125,0.45307601880877746,3.8743014411380625,8.023456236485469
severe,3,10,1,20,20.0,0.8611532625189682,0.7782608695652173,0.22173913043478266,5.117380263849169,6.701263453196995
severe,3,10,0,20,20.0,0.7374810318664643,0.5133928571428571,0.46779836542767583,3.85529103243244,8.025806715726842
severe,4,3,1,66,66.66666666666667,0.6119119878603946,0.2522255192878338,0.6311078140454995,2.3548107616718004,10.243417316745372
severe,4,3,0,66,66.66666666666667,0.6119119878603946,0.2522255192878338,0.6311078140454995,2.3548107616718004,10.243417316745372
severe,4,4,1,50,50.0,0.6851289833080425,0.2818991097922849,0.642013933685976,2.715082746371775,9.278313058024567
severe,4,4,0,50,50.0,0.6851289833080425,0.2818991097922849,0.642013933685976,2.7143466303451667,9.278254943601413
severe,4,5,1,40,40.0,0.686267071320182,0.2789317507418398,0.6558508579538125,2.7157905074684154,9.280862924246454
severe,4,5,0,40,40.0,0.6855083459787557,0.2789317507418398,0.6558508579538125,2.7123850582334565,9.280477033543907
severe,4,6,1,33,33.333333333333336,0.7310318664643399,0.34124629080118696,0.5935363178944653,3.0381681492893664,8.636714120989005
severe,4,6,0,33,33.333333333333336,0.7302731411229135,0.34124629080118696,0.5935363178944653,3.026835229868663,8.639859971775218
severe,4,8,1,25,25.0,0.7727617602427921,0.39762611275964393,0.5588956263707909,3.4762023126386836,8.038943966964363
severe,4,8,0,25,25.0,0.7572078907435509,0.3827893175074184,0.5737324216230164,3.2930639281209575,8.215387757840979
severe,4,10,1,20,20.0,0.7727617602427921,0.39762611275964393,0.5588956263707909,3.477953600014019,8.040615751033302
severe,4,10,0,20,20.0,0.7526555386949925,0.3827893175074184,0.5737324216230164,3.2717044692794395,8.222012703369645
severe,5,3,1,66,66.66666666666667,0.8171471927162367,0.6240601503759399,0.3620509607351713,4.527282398211091,8.072892081050592
severe,5,3,0,66,66.66666666666667,0.8171471927162367,0.6240601503759399,0.3620509607351713,4.527282398211091,8.072892081050592
severe,5,4,1,50,50.0,0.868361153262519,0.6654135338345865,0.33458646616541354,5.088006866083428,7.742363674930668
severe,5,4,0,50,50.0,0.868361153262519,0.6654135338345865,0.33458646616541354,5.087753662882543,7.742683761995937
severe,5,5,1,40,40.0,0.9100910470409712,0.7218045112781954,0.27819548872180455,5.834169652270745,7.695863455117134
severe,5,5,0,40,40.0,0.9100910470409712,0.7218045112781954,0.27819548872180455,5.83398811035313,7.696255203465675
severe,5,6,1,33,33.333333333333336,0.9142640364188164,0.7218045112781954,0.27819548872180455,5.85660584840559,7.69234880072243
severe,5,6,0,33,33.333333333333336,0.9127465857359636,0.7218045112781954,0.27819548872180455,5.8490275112909025,7.690489310023059
severe,5,8,1,25,25.0,0.9385432473444613,0.7481203007518797,0.25187969924812026,6.429193542540283,7.831215650659557
severe,5,8,0,25,25.0,0.936267071320182,0.7443609022556391,0.2556390977443609,6.407009222325579,7.831042810410858
severe,5,10,1,20,20.0,0.9351289833080425,0.7481203007518797,0.25187969924812026,6.384316439867722,7.806737339578848
severe,5,10,0,20,20.0,0.9320940819423369,0.7443609022556391,0.2556390977443609,6.358307546985766,7.808292960206062
severe,6,3,1,66,66.66666666666667,0.6957511380880121,0.40514469453376206,0.5505339758263488,4.099716142932283,10.865905108442067
severe,6,3,0,66,66.66666666666667,0.6957511380880121,0.40514469453376206,0.5505339758263488,4.099716142932283,10.865905108442067
severe,6,4,1,50,50.0,0.7056145675265554,0.4115755627009646,0.5468731907616392,4.181220483031124,10.694497854318064
severe,6,4,0,50,50.0,0.7056145675265554,0.4115755627009646,0.5468731907616392,4.18007838828457,10.694858515816977
severe,6,5,1,40,40.0,0.712443095599393,0.42765273311897106,0.5307960203436328,4.238420187025589,10.61589934325371
severe,6,5,0,40,40.0,0.710546282245827,0.4212218649517685,0.5372268885108353,4.222497796615629,10.610415455516877
severe,6,6,1,33,33.333333333333336,0.7587253414264037,0.4758842443729904,0.4968430283542824,4.696051500760127,9.802021412757934
severe,6,6,0,33,33.333333333333336,0.7568285280728376,0.4694533762057878,0.5028457927692815,4.6772095154091105,9.797243666577218
severe,6,8,1,25,25.0,0.7947647951441578,0.5401929260450161,0.4431865753400255,5.070988550125844,9.315145662756704
severe,6,8,0,25,25.0,0.7940060698027314,0.5369774919614148,0.44640200942362684,5.061465909483243,9.310482294493106
severe,6,10,1,20,20.0,0.793247344461305,0.5337620578778135,0.4496174435072281,5.0583807868848245,9.312014727063529
severe,6,10,0,20,20.0,0.7909711684370258,0.5273311897106109,0.4560483116744307,5.030377502696792,9.298457220067318
severe,7,3,1,66,66.66666666666667,0.7382397572078907,0.3333333333333333,0.639080459770115,4.046813968215059,10.142193788949134
severe,7,3,0,66,66.66666666666667,0.7382397572078907,0.3333333333333333,0.639080459770115,4.046813968215059,10.142193788949134
severe,7,4,1,50,50.0,0.7518968133535661,0.3538011695906433,0.6186126235128049,4.180982167603556,9.91850023365662
severe,7,4,0,50,50.0,0.7518968133535661,0.3538011695906433,0.6186126235128049,4.180982167603556,9.91850023365662
severe,7,5,1,40,40.0,0.7553110773899848,0.3538011695906433,0.6186126235128049,4.204735057461421,9.880143694091547
severe,7,5,0,40,40.0,0.7541729893778453,0.3538011695906433,0.6186126235128049,4.20013798354629,9.87988957744645
severe,7,6,1,33,33.333333333333336,0.7697268588770865,0.38011695906432746,0.5991933857632588,4.379587176954242,9.619954591379186
severe,7,6,0,33,33.333333333333336,0.7697268588770865,0.38011695906432746,0.5991933857632588,4.379587176954242,9.619954591379186
severe,7,8,1,25,25.0,0.8270106221547799,0.4678362573099415,0.5321637426900585,5.21864772699715,8.791471961377033
severe,7,8,0,25,25.0,0.8224582701062215,0.4649122807017544,0.5212946158499697,5.1657158564615715,8.751854070666809
severe,7,10,1,20,20.0,0.8270106221547799,0.4678362573099415,0.5321637426900585,5.212908043372822,8.785732277752706
severe,7,10,0,20,20.0,0.8216995447647951,0.4649122807017544,0.5212946158499697,5.150954584256036,8.737589951312424
severe,8,3,1,66,66.66666666666667,0.6172230652503794,0.22714681440443213,0.6054891688591661,2.8746091547031347,11.191717643397963
severe,8,3,0,66,66.66666666666667,0.6172230652503794,0.22714681440443213,0.6054891688591661,2.8746091547031347,11.191717643397963
severe,8,4,1,50,50.0,0.6490895295902883,0.24376731301939059,0.6641824777755885,3.04678620305712,10.687117131562607
severe,8,4,0,50,50.0,0.6471927162367223,0.24376731301939059,0.6558142769387684,3.0368361016209136,10.689933615156315
severe,8,5,1,40,40.0,0.650227617602428,0.24653739612188366,0.6697805955099155,3.053136631613784,10.657973155970721
severe,8,5,0,40,40.0,0.6483308042488619,0.24653739612188366,0.6655964950915055,3.043960961051633,10.660582105369008
severe,8,6,1,33,33.333333333333336,0.6585735963581184,0.2520775623268698,0.6809768309785695,3.148595002911319,10.398251245255913
severe,8,6,0,33,33.333333333333336,0.6566767830045523,0.2520775623268698,0.6726086301417495,3.1391277320747735,10.399403673482832
severe,8,8,1,25,25.0,0.8122154779969651,0.5152354570637119,0.4805804425178781,4.5773509317514245,8.039982671327204
severe,8,8,0,25,25.0,0.6642640364188164,0.2520775623268698,0.6851609313969795,3.2195668887152586,10.439601817233273
severe,8,10,1,20,20.0,0.8122154779969651,0.5152354570637119,0.4847645429362881,4.569655632081134,8.036026073095146
severe,8,10,0,20,20.0,0.66350531107739,0.2520775623268698,0.6851609313969795,3.219667621851544,10.455276422040464
severe,9,3,1,66,66.66666666666667,0.30728376327769347,0.0,0.7074829931972789,1.910735222013543,24.00820493967534
severe,9,3,0,66,66.66666666666667,0.27883156297420336,0.0,0.6836734693877551,1.7211543982750668,25.26969876865449
severe,9,4,1,50,50.0,0.3167678300455235,0.0,0.7312925170068028,1.960984933299804,23.662938172797563
severe,9,4,0,50,50.0,0.3167678300455235,0.0,0.7312925170068028,1.9574342350734648,23.661416444986273
severe,9,5,1,40,40.0,0.38429438543247346,0.002770083102493075,0.789746923700228,2.4415334926965175,20.66198782422236
severe,9,5,0,40,40.0,0.37822458270106224,0.002770083102493075,0.7863455631560103,2.42327886510068,20.66664499040177
severe,9,6,1,33,33.333333333333336,0.44916540212443096,0.008310249307479225,0.8946748253193865,2.9695152178146738,18.255974876702428
severe,9,6,0,33,33.333333333333336,0.4370257966616085,0.008310249307479225,0.8125852730805805,2.86927021080687,18.206009136161484
severe,9,8,1,25,25.0,0.5474203338391502,0.0443213296398892,0.9332906106586183,3.8709453759901433,14.699472949053314
severe,9,8,0,25,25.0,0.4787556904400607,0.01662049861495845,0.8938272625790714,3.223214445291768,16.765196523913378
severe,9,10,1,20,20.0,0.5474203338391502,0.0443213296398892,0.9332906106586183,3.870188736690456,14.69871630975363
severe,9,10,0,20,20.0,0.468133535660091,0.01662049861495845,0.834125770041758,3.1696224126612424,16.749565658227556
severe,10,3,1,66,66.66666666666667,0.7382397572078907,0.3225806451612903,0.6597515103157414,4.247552624547316,8.85783124026731
severe,10,3,0,66,66.66666666666667,0.7382397572078907,0.3225806451612903,0.6597515103157414,4.247552624547316,8.85783124026731
severe,10,4,1,50,50.0,0.7329286798179059,0.3196480938416422,0.6626840616353895,4.22203649548465,8.876535508582657
severe,10,4,0,50,50.0,0.7329286798179059,0.3196480938416422,0.6626840616353895,4.222016117014506,8.87655735577137
severe,10,5,1,40,40.0,0.7735204855842185,0.35777126099706746,0.628094463384558,4.585166473840846,8.302320280597229
severe,10,5,0,40,40.0,0.7735204855842185,0.35777126099706746,0.628094463384558,4.584447631932707,8.30291762809836
severe,10,6,1,33,33.333333333333336,0.7818664643399089,0.36070381231671556,0.6286954809695036,4.629159013154133,8.26223600715389
severe,10,6,0,33,33.333333333333336,0.776176024279211,0.36070381231671556,0.6251619120649099,4.6128578769563555,8.260814277671278
severe,10,8,1,25,25.0,0.8023520485584219,0.39589442815249265,0.59703843403832,4.890542184686532,7.999479275477239
severe,10,8,0,25,25.0,0.7822458270106222,0.36070381231671556,0.6322290498740971,4.659452511557724,8.28872279469844
severe,10,10,1,20,20.0,0.8000758725341427,0.39589442815249265,0.59703843403832,4.878953334708947,7.9967176306785825
severe,10,10,0,20,20.0,0.776176024279211,0.35777126099706746,0.6351616011937452,4.618948323393994,8.320718840620941
severe,11,3,1,66,66.66666666666667,0.7025796661608498,0.35403726708074534,0.6009466557488367,3.1049909538352902,10.248142318163275
severe,11,3,0,66,66.66666666666667,0.6949924127465857,0.34782608695652173,0.6007269677058577,3.034622874111664,10.39632405561693
severe,11,4,1,50,50.0,0.7033383915022762,0.35093167701863354,0.6072676798945498,3.11643792135681,10.221497194967913
severe,11,4,0,50,50.0,0.6984066767830045,0.34782608695652173,0.6103732699566615,3.056947580388293,10.347576024475948
severe,11,5,1,40,40.0,0.7147192716236722,0.35714285714285715,0.6042719338539275,3.183641302245623,10.095414503362953
severe,11,5,0,40,40.0,0.6976479514415781,0.34782608695652173,0.6071578358730603,3.0511125378355044,10.352109820067342
severe,11,6,1,33,33.333333333333336,0.7389984825493171,0.38198757763975155,0.6055900621118012,3.392051361335047,9.724092293137675
severe,11,6,0,33,33.333333333333336,0.7014415781487102,0.35093167701863354,0.6072676798945498,3.0662666031462313,10.348818250371325
severe,11,8,1,25,25.0,0.7443095599393019,0.38509316770186336,0.6024844720496894,3.46460212862755,9.601297365979647
severe,11,8,0,25,25.0,0.6995447647951442,0.35403726708074534,0.6086956521739131,3.068893986094241,10.361470369867794
severe,11,10,1,20,20.0,0.7446889226100152,0.38509316770186336,0.6024844720496894,3.4654918589573556,9.600535252011396
severe,11,10,0,20,20.0,0.702959028831563,0.35093167701863354,0.6118012422360248,3.0772774542499217,10.347702490371038
severe,12,3,1,66,66.66666666666667,0.8042488619119879,0.5235457063711911,0.4683242123279958,4.771865561237212,7.754749141600554
severe,12,3,0,66,66.66666666666667,0.7382397572078907,0.5041551246537396,0.44706438754138234,4.24941076978706,8.529866410125317
severe,12,4,1,50,50.0,0.8042488619119879,0.5235457063711911,0.4683242123279958,4.76555676917826,7.75007740096823
severe,12,4,0,50,50.0,0.7333080424886191,0.49854227405247814,0.4486121974922373,4.204404965075467,8.614616341950072
severe,12,5,1,40,40.0,0.8042488619119879,0.5235457063711911,0.4683242123279958,4.7720504549686895,7.754136714514082
severe,12,5,0,40,40.0,0.7268588770864947,0.4868804664723032,0.4643390457228187,4.159639777969189,8.703352033532378
severe,12,6,1,33,33.333333333333336,0.8220789074355084,0.5373961218836565,0.45447379681553046,4.93080024673961,7.621543514615534
severe,12,6,0,33,33.333333333333336,0.7348254931714719,0.49854227405247814,0.45267723814264377,4.2212942897404195,8.623732361716225
severe,12,8,1,25,25.0,0.842185128983308,0.5512465373961218,0.4446884219534717,5.098570319829236,7.5200699271401135
severe,12,8,0,25,25.0,0.7647951441578149,0.5152354570637119,0.45224421773303614,4.456303715077329,8.2338423140767
severe,12,10,1,20,20.0,0.8418057663125948,0.5512465373961218,0.4446884219534717,5.09563219643644,7.51818739823048
severe,12,10,0,20,20.0,0.7644157814871017,0.5152354570637119,0.44817917708262955,4.442105768480601,8.232757741685619
severe,13,3,1,66,66.66666666666667,0.8880880121396054,0.7543859649122807,0.23176361957525393,5.10261511082601,6.635993508092308
severe,13,3,0,66,66.66666666666667,0.8865705614567526,0.7543859649122807,0.23176361957525393,5.1008852285471535,6.637104978143884
severe,13,4,1,50,50.0,0.8956752655538694,0.7719298245614035,0.21698984302862423,5.222085829181585,6.626890833974893
severe,13,4,0,50,50.0,0.8941578148710166,0.7719298245614035,0.21698984302862423,5.220823963396788,6.627851177912089
severe,13,5,1,40,40.0,0.8971927162367223,0.7719298245614035,0.21698984302862423,5.222648670335642,6.623335598048024
severe,13,5,0,40,40.0,0.8960546282245827,0.7719298245614035,0.21698984302862423,5.221487904446709,6.623347765373427
severe,13,6,1,33,33.333333333333336,0.917298937784522,0.8011695906432749,0.19395236057623733,5.568829448901087,6.643599842521769
severe,13,6,0,33,33.333333333333336,0.9165402124430956,0.8011695906432749,0.19395236057623733,5.567244843529752,6.644274920396257
severe,13,8,1,25,25.0,0.9643399089529591,0.8801169590643275,0.11988304093567248,6.7710292488198744,7.170969863717403
severe,13,8,0,25,25.0,0.9628224582701063,0.8801169590643275,0.11988304093567248,6.756067671928273,7.162289101695511
severe,13,10,1,20,20.0,0.9643399089529591,0.8801169590643275,0.11988304093567248,6.75990611406426,7.159846728961788
severe,13,10,0,20,20.0,0.962443095599393,0.8801169590643275,0.11988304093567248,6.716455431826084,7.129032525560095
severe,14,3,1,66,66.66666666666667,0.6069802731411229,0.2853185595567867,0.627501953263726,3.736520488208786,13.505804731815742
severe,14,3,0,66,66.66666666666667,0.6069802731411229,0.2853185595567867,0.627501953263726,3.736520488208786,13.505804731815742
severe,14,4,1,50,50.0,0.6077389984825493,0.2853185595567867,0.6326301583919312,3.738569990493927,13.503880880067129
severe,14,4,0,50,50.0,0.6077389984825493,0.2853185595567867,0.6326301583919312,3.738569990493927,13.503880880067129
severe,14,5,1,40,40.0,0.7359635811836115,0.5041551246537396,0.47830101569713757,4.885458858264384,10.779572288792117
severe,14,5,0,40,40.0,0.7333080424886191,0.5041551246537396,0.4519852262234534,4.880812851885562,10.78096071305292
severe,14,6,1,33,33.333333333333336,0.7397572078907435,0.5096952908587258,0.46398891966759004,4.965808236757687,10.62207121285971
severe,14,6,0,33,33.333333333333336,0.7389984825493171,0.5096952908587258,0.46398891966759004,4.963996076390967,10.622129417016453
severe,14,8,1,25,25.0,0.7678300455235205,0.5401662049861495,0.4335180055401663,5.299627226793891,10.07388167384484
severe,14,8,0,25,25.0,0.7674506828528073,0.5401662049861495,0.4335180055401663,5.2962087958403306,10.073119630519471
severe,14,10,1,20,20.0,0.7678300455235205,0.5401662049861495,0.4335180055401663,5.293095728292599,10.067792622063912
severe,14,10,0,20,20.0,0.7670713201820941,0.5401662049861495,0.4335180055401663,5.284166990135535,10.067511241741373
severe,15,3,1,66,66.66666666666667,0.7014415781487102,0.2890855457227139,0.6701737135365453,3.37228281577194,9.587507252437582
severe,15,3,0,66,66.66666666666667,0.7014415781487102,0.2890855457227139,0.6701737135365453,3.37228281577194,9.587507252437582
severe,15,4,1,50,50.0,0.7150986342943855,0.29793510324483774,0.6650278597181252,3.4953946317317546,9.32581514117662
severe,15,4,0,50,50.0,0.7150986342943855,0.29793510324483774,0.6650278597181252,3.4953946317317546,9.32581514117662
severe,15,5,1,40,40.0,0.7169954476479514,0.29793510324483774,0.6650278597181252,3.505236394423983,9.328053917813286
severe,15,5,0,40,40.0,0.7169954476479514,0.29793510324483774,0.6650278597181252,3.5006114767384546,9.326585740406314
severe,15,6,1,33,33.333333333333336,0.75,0.37168141592920356,0.5949852507374631,3.7488616087301345,8.894008052472294
severe,15,6,0,33,33.333333333333336,0.7492412746585736,0.37168141592920356,0.5924762901639864,3.729928931830057,8.88756172680869
severe,15,8,1,25,25.0,0.7974203338391502,0.4896755162241888,0.5103244837758112,4.229937913223042,8.357021249642107
severe,15,8,0,25,25.0,0.7541729893778453,0.37168141592920356,0.6023926581448705,3.783308822083608,8.91511288251092
severe,15,10,1,20,20.0,0.797040971168437,0.4896755162241888,0.5103244837758112,4.225597781934652,8.353807072794796
severe,15,10,0,20,20.0,0.753793626707132,0.37168141592920356,0.5986889544411668,3.781901321436348,8.914241025568073
severe,16,3,1,66,66.66666666666667,0.6198786039453718,0.43448275862068964,0.49440613026819924,3.2877890037566493,12.31773881237193
severe,16,3,0,66,66.66666666666667,0.6198786039453718,0.43448275862068964,0.49440613026819924,3.2877890037566493,12.31773881237193
severe,16,4,1,50,50.0,0.6323975720789075,0.4482758620689655,0.4761685823754789,3.3593764672414097,12.095622719799866
severe,16,4,0,50,50.0,0.6323975720789075,0.4482758620689655,0.4761685823754789,3.35850860590338,12.096090029751112
severe,16,5,1,40,40.0,0.6771623672230652,0.47586206896551725,0.4619157088122606,3.5941889800138513,11.486188930420104
severe,16,5,0,40,40.0,0.6767830045523521,0.47586206896551725,0.4619157088122606,3.5929172859005467,11.486603141677582
severe,16,6,1,33,33.333333333333336,0.7022003034901366,0.4793103448275862,0.4762452107279694,3.7629069876658434,11.098534523033093
severe,16,6,0,33,33.333333333333336,0.701062215477997,0.4793103448275862,0.46735632183908044,3.7608697150306782,11.099043221011588
severe,16,8,1,25,25.0,0.779969650986343,0.5172413793103449,0.4427586206896551,4.385916939118263,10.012519034811811
severe,16,8,0,25,25.0,0.779969650986343,0.5172413793103449,0.4427586206896551,4.383709390757787,10.012019015111468
severe,16,10,1,20,20.0,0.7803490136570561,0.5172413793103449,0.4472030651340996,4.376715991998532,10.003312965045014
severe,16,10,0,20,20.0,0.7784522003034902,0.5172413793103449,0.4427586206896551,4.359244299848619,9.993836544204688
severe,17,3,1,66,66.66666666666667,0.8076631259484067,0.3873015873015873,0.5950305681754444,5.238705425402109,9.004068259462601
severe,17,3,0,66,66.66666666666667,0.8076631259484067,0.3873015873015873,0.5950305681754444,5.238705425402109,9.004068259462601
severe,17,4,1,50,50.0,0.7924886191198786,0.35555555555555557,0.6267765999214763,5.05160235156222,9.20310303610215
severe,17,4,0,50,50.0,0.7924886191198786,0.35555555555555557,0.6267765999214763,5.051434589908251,9.203214877204793
severe,17,5,1,40,40.0,0.8069044006069803,0.3873015873015873,0.5985641370800381,5.231870426398562,9.00249616016502
severe,17,5,0,40,40.0,0.8069044006069803,0.3873015873015873,0.5985641370800381,5.231702664744593,9.002528114765775
severe,17,6,1,33,33.333333333333336,0.8258725341426404,0.41904761904761906,0.5703516742386001,5.438317003233916,8.83909871341289
severe,17,6,0,33,33.333333333333336,0.8148710166919575,0.3873015873015873,0.5985641370800381,5.338859838627231,8.915458983383568
severe,17,8,1,25,25.0,0.881638846737481,0.49206349206349204,0.5079365079365079,6.167150836040769,8.50113363628009
severe,17,8,0,25,25.0,0.8520485584218513,0.4444444444444444,0.5555555555555556,5.732292439071403,8.647838145280828
severe,17,10,1,20,20.0,0.8805007587253414,0.49206349206349204,0.5079365079365079,6.158625001502906,8.495320056470293
severe,17,10,0,20,20.0,0.8501517450682853,0.4444444444444444,0.5555555555555556,5.733653742953757,8.651529218462755
severe,18,3,1,66,66.66666666666667,0.7996965098634294,0.602112676056338,0.34419604877587673,3.756817796252166,8.564274720207052
severe,18,3,0,66,66.66666666666667,0.7996965098634294,0.602112676056338,0.34419604877587673,3.756817796252166,8.564274720207052
severe,18,4,1,50,50.0,0.7985584218512898,0.602112676056338,0.33764636008824034,3.756107051151177,8.566651487507698
severe,18,4,0,50,50.0,0.7985584218512898,0.602112676056338,0.33764636008824034,3.756107051151177,8.566651487507698
severe,18,5,1,40,40.0,0.81752655538695,0.6197183098591549,0.3467246431609794,3.886705493669259,8.437747497673238
severe,18,5,0,40,40.0,0.7996965098634294,0.6056338028169014,0.34067492201531335,3.7618500955286214,8.568117140328578
severe,18,6,1,33,33.333333333333336,0.828907435508346,0.6302816901408451,0.3428726722752623,3.986966189714486,8.348279034201814
severe,18,6,0,33,33.333333333333336,0.8285280728376327,0.6267605633802817,0.3463937990358257,3.9865128386745905,8.347977736048117
severe,18,8,1,25,25.0,0.8812594840667678,0.6971830985915493,0.2998048532156796,4.676613526090826,8.013110817210443
severe,18,8,0,25,25.0,0.8558421851289834,0.676056338028169,0.31723225257585785,4.302445909779603,8.157884345083584
severe,18,10,1,20,20.0,0.8808801213960546,0.6971830985915493,0.2998048532156796,4.674636952719664,8.013152178215515
severe,18,10,0,20,20.0,0.8000758725341427,0.6091549295774648,0.3309372363211528,3.7944214708413226,8.59077580358284
severe,19,3,1,66,66.66666666666667,0.5588012139605463,0.2915451895043732,0.6315317335725499,2.8214765193644906,13.966853152297665
severe,19,3,0,66,66.66666666666667,0.5588012139605463,0.2915451895043732,0.6315317335725499,2.8214765193644906,13.966853152297665
severe,19,4,1,50,50.0,0.5588012139605463,0.2915451895043732,0.6315317335725499,2.82023868464094,13.964844247253346
severe,19,4,0,50,50.0,0.5588012139605463,0.2915451895043732,0.6315317335725499,2.82023868464094,13.964844247253346
severe,19,5,1,40,40.0,0.5720789074355084,0.3032069970845481,0.6326904388128878,2.895640945076405,13.702615418099425
severe,19,5,0,40,40.0,0.5720789074355084,0.3032069970845481,0.6326904388128878,2.895640945076405,13.702615418099425
severe,19,6,1,33,33.333333333333336,0.592185128983308,0.3119533527696793,0.6239440831277566,2.9857664221383042,13.41738845058336
severe,19,6,0,33,33.333333333333336,0.592185128983308,0.3119533527696793,0.6239440831277566,2.9856883935862215,13.41731042203128
severe,19,8,1,25,25.0,0.6908194233687405,0.39067055393586003,0.5836884204231143,3.6449924003917107,11.672183665468484
severe,19,8,0,25,25.0,0.6896813353566009,0.39067055393586003,0.5764936251686176,3.630150058785568,11.661745867316275
severe,19,10,1,20,20.0,0.6904400606980273,0.39067055393586003,0.5836884204231143,3.64561749403493,11.672696022473161
severe,19,10,0,20,20.0,0.6889226100151745,0.39067055393586003,0.5764936251686176,3.62837548138532,11.660428532672807
severe,20,3,1,66,66.66666666666667,0.5155538694992413,0.11143695014662756,0.8554504670719155,3.371890286183646,18.851434473952104
severe,20,3,0,66,66.66666666666667,0.5155538694992413,0.11143695014662756,0.8554504670719155,3.371890286183646,18.851434473952104
severe,20,4,1,50,50.0,0.5459028831562974,0.12903225806451613,0.8709677419354839,3.7090686025814996,17.559977706632065
severe,20,4,0,50,50.0,0.5459028831562974,0.12903225806451613,0.8709677419354839,3.7090686025814996,17.559977706632065
severe,20,5,1,40,40.0,0.5459028831562974,0.12903225806451613,0.8709677419354839,3.7105697225433016,17.5337727644846
severe,20,5,0,40,40.0,0.545144157814871,0.12903225806451613,0.8709677419354839,3.708650574792077,17.533921050988834
severe,20,6,1,33,33.333333333333336,0.5466616084977238,0.12903225806451613,0.8709677419354839,3.7168157336641103,17.534588873262216
severe,20,6,0,33,33.333333333333336,0.5455235204855842,0.12903225806451613,0.8709677419354839,3.7095894228898048,17.532357431668537
severe,20,8,1,25,25.0,0.7602427921092565,0.35833333333333334,0.6416666666666666,6.326038577557185,10.764162793989454
severe,20,8,0,25,25.0,0.7602427921092565,0.35833333333333334,0.6416666666666666,6.32369507612339,10.76181929255566
severe,20,10,1,20,20.0,0.7598634294385432,0.35833333333333334,0.6416666666666666,6.319498116453061,10.757640876838712
severe,20,10,0,20,20.0,0.7572078907435509,0.35833333333333334,0.6416666666666666,6.307569226207147,10.755740730371132
severe,21,3,1,66,66.66666666666667,0.7886949924127465,0.6517412935323383,0.27905455421852676,3.0022482540915165,5.409251193782728
severe,21,3,0,66,66.66666666666667,0.7886949924127465,0.6517412935323383,0.27905455421852676,3.0022482540915165,5.409251193782728
severe,21,4,1,50,50.0,0.7940060698027314,0.6616915422885572,0.2656440978498511,3.0429725239016174,5.35735438735614
severe,21,4,0,50,50.0,0.7940060698027314,0.6616915422885572,0.2656440978498511,3.0429725239016174,5.35735438735614
severe,21,5,1,40,40.0,0.8133535660091047,0.6950146627565983,0.2496220154440938,3.1784830235295987,5.209059125789218
severe,21,5,0,40,40.0,0.8125948406676783,0.6950146627565983,0.246161807831637,3.1753953326733746,5.2097603820890965
severe,21,6,1,33,33.333333333333336,0.887329286798179,0.7859237536656891,0.1898547930471136,3.8068511646465217,4.915415552888869
severe,21,6,0,33,33.333333333333336,0.8850531107738998,0.782991202346041,0.1927873443667617,3.769189344816179,4.9054616414803505
severe,21,8,1,25,25.0,0.9298179059180577,0.8651026392961877,0.12105653025398533,4.291435164588034,4.9503538356667836
severe,21,8,0,25,25.0,0.928679817905918,0.8651026392961877,0.11759632264152853,4.269928900293476,4.939645661613812
severe,21,10,1,20,20.0,0.9294385432473444,0.8651026392961877,0.11413611502907184,4.292357597008131,4.961694348370243
severe,21,10,0,20,20.0,0.7977996965098634,0.6766169154228856,0.2541789323279795,3.0994450287970774,5.395642071669716
severe,22,3,1,66,66.66666666666667,0.6783004552352049,0.36507936507936506,0.6030057413036136,3.0098523261472425,8.25620555179788
severe,22,3,0,66,66.66666666666667,0.6783004552352049,0.36507936507936506,0.6030057413036136,3.0098523261472425,8.25620555179788
severe,22,4,1,50,50.0,0.6911987860394537,0.38412698412698415,0.5839581222559946,3.08149446798641,8.109487979245031
severe,22,4,0,50,50.0,0.6760242792109257,0.3619047619047619,0.6061803444782168,3.0063675103388934,8.260644163579988
severe,22,5,1,40,40.0,0.6904400606980273,0.38412698412698415,0.5839581222559946,3.0803222642764796,8.10477558159976
severe,22,5,0,40,40.0,0.6889226100151745,0.38095238095238093,0.5871327254305978,3.07307124380369,8.108460878732469
severe,22,6,1,33,33.333333333333336,0.720030349013657,0.4,0.5680851063829787,3.302227593330991,7.671913401332849
severe,22,6,0,33,33.333333333333336,0.6919575113808801,0.38412698412698415,0.5839581222559946,3.0856564378003686,8.116037862407582
severe,22,8,1,25,25.0,0.8004552352048558,0.5111111111111111,0.47825059101654854,3.945889149100445,6.745015432779883
severe,22,8,0,25,25.0,0.7966616084977238,0.5079365079365079,0.4814251941911517,3.924257116559831,6.742827386486541
severe,22,10,1,20,20.0,0.8012139605462822,0.5111111111111111,0.47825059101654854,3.9468016733594444,6.740347244258259
severe,22,10,0,20,20.0,0.6961305007587253,0.3873015873015873,0.5807835190813915,3.1324168353599093,8.123160512131921
severe,23,3,1,66,66.66666666666667,0.8072837632776935,0.5310734463276836,0.46041591537444404,4.668598089237464,8.922654270752831
severe,23,3,0,66,66.66666666666667,0.8072837632776935,0.5310734463276836,0.46041591537444404,4.668598089237464,8.922654270752831
severe,23,4,1,50,50.0,0.8209408194233687,0.556497175141243,0.4307368674119485,4.789451453836462,8.813677435944406
severe,23,4,0,50,50.0,0.8209408194233687,0.556497175141243,0.4307368674119485,4.789451453836462,8.813677435944406
severe,23,5,1,40,40.0,0.825113808801214,0.556497175141243,0.43924750570982085,4.815519470510418,8.802424917779968
severe,23,5,0,40,40.0,0.8232169954476479,0.556497175141243,0.4349921865608847,4.807203639793361,8.802767919201655
severe,23,6,1,33,33.333333333333336,0.838391502276176,0.5649717514124294,0.43077292943863443,4.930095658556578,8.71027970630035
severe,23,6,0,33,33.333333333333336,0.8368740515933232,0.5649717514124294,0.4298736094123129,4.919967770665835,8.707373640329974
severe,23,8,1,25,25.0,0.91350531107739,0.7062146892655368,0.29378531073446323,6.383178849538076,8.368796240685539
severe,23,8,0,25,25.0,0.9123672230652504,0.7062146892655368,0.29378531073446323,6.376041420431195,8.367941855284142
severe,23,10,1,20,20.0,0.9127465857359636,0.7062146892655368,0.29378531073446323,6.3690359320585115,8.359296213697633
severe,23,10,0,20,20.0,0.9108497723823976,0.7062146892655368,0.29378531073446323,6.357874092473194,8.357217681053411
severe,24,3,1,66,66.66666666666667,0.7670713201820941,0.46496815286624205,0.5044508073784063,3.7060335359731256,6.01071553272263
severe,24,3,0,66,66.66666666666667,0.7670713201820941,0.46496815286624205,0.5044508073784063,3.7046449386516906,6.011573195774105
severe,24,4,1,50,50.0,0.802731411229135,0.5222929936305732,0.45630027854068056,3.938028191605813,5.731669063320703
severe,24,4,0,50,50.0,0.802731411229135,0.5222929936305732,0.45630027854068056,3.938028191605813,5.731669063320703
severe,24,5,1,40,40.0,0.8088012139605463,0.5318471337579618,0.4498042423888272,3.967510629633728,5.702366484766209
severe,24,5,0,40,40.0,0.8065250379362671,0.5318471337579618,0.4498042423888272,3.9623728946501715,5.70840133962453
severe,24,6,1,33,33.333333333333336,0.8425644916540213,0.5923566878980892,0.3954108961997702,4.199294229871833,5.533153135625525
severe,24,6,0,33,33.333333333333336,0.8410470409711684,0.5923566878980892,0.3954108961997702,4.193734651001567,5.538073341418552
severe,24,8,1,25,25.0,0.8619119878603946,0.6114649681528662,0.3885350318471338,4.32134478459345,5.492346477717951
severe,24,8,0,25,25.0,0.8524279210925645,0.60828025477707,0.3794873293207893,4.2788316047721615,5.506169180111352
severe,24,10,1,20,20.0,0.8615326251896813,0.6114649681528662,0.3885350318471338,4.315230668801899,5.487850094341926
severe,24,10,0,20,20.0,0.8509104704097117,0.60828025477707,0.3794873293207893,4.265439271287983,5.513872391269508
severe,25,3,1,66,66.66666666666667,0.7993171471927162,0.5940959409594095,0.36145961459614606,3.5419855136822713,5.990095042628834
severe,25,3,0,66,66.66666666666667,0.7993171471927162,0.5940959409594095,0.36145961459614606,3.5419855136822713,5.990095042628834
severe,25,4,1,50,50.0,0.8562215477996965,0.6715867158671587,0.30619106191061907,4.085352917282206,5.6327637131005615
severe,25,4,0,50,50.0,0.798937784522003,0.5977859778597786,0.357769577695777,3.5622627631092185,6.011373108889114
severe,25,5,1,40,40.0,0.9074355083459787,0.7638376383763837,0.22981315527440993,4.634384268285851,5.474647269840129
severe,25,5,0,40,40.0,0.9055386949924128,0.7638376383763837,0.22981315527440993,4.600912949879496,5.4565132063211355
severe,25,6,1,33,33.333333333333336,0.9093323216995448,0.766798418972332,0.22685237467846164,4.675011184456284,5.483141903092665
severe,25,6,0,33,33.333333333333336,0.9028831562974203,0.7638376383763837,0.22981315527440993,4.598438064221141,5.4429625783567674
severe,25,8,1,25,25.0,0.9764795144157815,0.9130434782608695,0.08695652173913049,5.881047252761364,6.060044711427143
severe,25,8,0,25,25.0,0.9563732928679818,0.8616600790513834,0.13833992094861658,5.439559946588041,5.744475767666921
severe,25,10,1,20,20.0,0.9761001517450683,0.9130434782608695,0.08695652173913049,5.874460544415959,6.055101502642829
severe,25,10,0,20,20.0,0.9085735963581184,0.766798418972332,0.22685237467846164,4.740237501881192,5.547711370266604
severe,26,3,1,66,66.66666666666667,0.661608497723824,0.463768115942029,0.4849498327759197,2.7592086388163,9.006628801854104
severe,26,3,0,66,66.66666666666667,0.661608497723824,0.463768115942029,0.4849498327759197,2.7592086388163,9.006628801854104
severe,26,4,1,50,50.0,0.6593323216995448,0.463768115942029,0.4849498327759197,2.7523297352558074,9.004316531310792
severe,26,4,0,50,50.0,0.6289833080424886,0.4463768115942029,0.4831103678929766,2.6011671210481433,9.410593655652226
severe,26,5,1,40,40.0,0.6767830045523521,0.47246376811594204,0.4890746934225195,2.831462737033744,8.839038742545277
severe,26,5,0,40,40.0,0.6741274658573596,0.47246376811594204,0.4890746934225195,2.8185897192876688,8.844558995578128
severe,26,6,1,33,33.333333333333336,0.6801972685887708,0.47246376811594204,0.4954849498327759,2.847406253248406,8.78104346026468
severe,26,6,0,33,33.333333333333336,0.6775417298937785,0.47246376811594204,0.4954849498327759,2.8346194898750916,8.786679541780646
severe,26,8,1,25,25.0,0.7621396054628224,0.553623188405797,0.4300502809819581,3.4176173208591694,7.742919485186896
severe,26,8,0,25,25.0,0.7261001517450683,0.5014492753623189,0.47290969899665547,3.1784155632622455,8.08355172193575
severe,26,10,1,20,20.0,0.7621396054628224,0.553623188405797,0.4300502809819581,3.412432374829169,7.739580857470403
severe,26,10,0,20,20.0,0.7196509863429439,0.5014492753623189,0.4664994425863991,3.1595070314913616,8.120848940468328
severe,27,3,1,66,66.66666666666667,0.7773141122913505,0.4166666666666667,0.5833333333333333,4.758865811834644,11.157375325562192
severe,27,3,0,66,66.66666666666667,0.7773141122913505,0.4166666666666667,0.5833333333333333,4.757875020168167,11.157908828767217
severe,27,4,1,50,50.0,0.7780728376327769,0.41964285714285715,0.5803571428571428,4.777552625605567,11.130830451430775
severe,27,4,0,50,50.0,0.7773141122913505,0.4166666666666667,0.5833333333333333,4.77600516124696,11.131772010813332
severe,27,5,1,40,40.0,0.783763277693475,0.44345238095238093,0.5565476190476191,4.83113650361941,11.07051643481705
severe,27,5,0,40,40.0,0.7807283763277694,0.44047619047619047,0.5595238095238095,4.82212605459731,11.074458986566938
severe,27,6,1,33,33.333333333333336,0.8235963581183612,0.5029761904761905,0.49702380952380953,5.42340606754462,10.465330567931122
severe,27,6,0,33,33.333333333333336,0.821320182094082,0.49702380952380953,0.5029761904761905,5.41461045204406,10.466430200513235
severe,27,8,1,25,25.0,0.8645675265553869,0.554016620498615,0.445983379501385,6.144545390481952,10.092856965780502
severe,27,8,0,25,25.0,0.825113808801214,0.5029761904761905,0.49702380952380953,5.450908007474672,10.492560630643219
severe,27,10,1,20,20.0,0.8645675265553869,0.554016620498615,0.445983379501385,6.138545102590823,10.086856677889372
severe,27,10,0,20,20.0,0.8228376327769348,0.5059523809523809,0.49404761904761907,5.433907246107827,10.4877633207254
severe,28,3,1,66,66.66666666666667,0.7204097116843703,0.4093567251461988,0.5251887293992558,3.3033871683997673,7.30154456295955
severe,28,3,0,66,66.66666666666667,0.7204097116843703,0.4093567251461988,0.5251887293992558,3.3033871683997673,7.30154456295955
severe,28,4,1,50,50.0,0.7302731411229135,0.41228070175438597,0.5368102073365231,3.3572456285522203,7.188815822059776
severe,28,4,0,50,50.0,0.7204097116843703,0.4093567251461988,0.532461456671983,3.303834712443482,7.3015304678474715
severe,28,5,1,40,40.0,0.7488619119878603,0.4619883040935672,0.49801169590643274,3.441174941769126,7.023086617810246
severe,28,5,0,40,40.0,0.7484825493171472,0.4619883040935672,0.49801169590643274,3.4375974057846705,7.02056598920088
severe,28,6,1,33,33.333333333333336,0.8118361153262519,0.5672514619883041,0.42547581073896856,3.802491026528741,6.517168349635954
severe,28,6,0,33,33.333333333333336,0.8057663125948407,0.5672514619883041,0.4036576289207868,3.773571907849813,6.502557216988231
severe,28,8,1,25,25.0,0.8915022761760243,0.7364864864864865,0.2635135135135135,4.556077931986996,6.279729629351527
severe,28,8,0,25,25.0,0.8182852807283764,0.5935672514619883,0.3809782030834662,3.855546087549488,6.422517648765246
severe,28,10,1,20,20.0,0.8907435508345979,0.7364864864864865,0.2635135135135135,4.53925509010819,6.263314242576968
severe,28,10,0,20,20.0,0.8114567526555387,0.5672514619883041,0.421839447102605,3.8231767644595167,6.534595621199908
severe,29,3,1,66,66.66666666666667,0.7541729893778453,0.43213296398891965,0.5678670360110804,3.992764874164237,8.91592841647061
severe,29,3,0,66,66.66666666666667,0.7541729893778453,0.43213296398891965,0.5678670360110804,3.992764874164237,8.91592841647061
severe,29,4,1,50,50.0,0.7534142640364189,0.43490304709141275,0.5650969529085872,3.996827964276487,8.907220104158618
severe,29,4,0,50,50.0,0.7534142640364189,0.43490304709141275,0.5650969529085872,3.996827964276487,8.907220104158618
severe,29,5,1,40,40.0,0.7727617602427921,0.47368421052631576,0.5263157894736843,4.167015813017947,8.670590951984295
severe,29,5,0,40,40.0,0.7651745068285281,0.4598337950138504,0.5401662049861495,4.099133923439167,8.756300563304602
severe,29,6,1,33,33.333333333333336,0.7735204855842185,0.47368421052631576,0.5263157894736843,4.170468920381689,8.670725929139515
severe,29,6,0,33,33.333333333333336,0.7659332321699545,0.4598337950138504,0.5401662049861495,4.103274497685677,8.754180767312592
severe,29,8,1,25,25.0,0.8566009104704098,0.590027700831025,0.40997229916897504,5.162162114023164,7.847219791363075
severe,29,8,0,25,25.0,0.7682094081942337,0.4598337950138504,0.5401662049861495,4.129569098879081,8.776276140337943
severe,29,10,1,20,20.0,0.8566009104704098,0.590027700831025,0.40997229916897504,5.158215904028846,7.842875805712804
severe,29,10,0,20,20.0,0.7682094081942337,0.4598337950138504,0.5401662049861495,4.126403828771631,8.770798470390602
